name,gender,ethnic,name_part,rate
Adalheid,Female,Alemannic,0,3
Adalind,Female,Alemannic,0,3
Adalswind,Female,Alemannic,0,3
Albrada,Female,Alemannic,0,3
Amalberga,Female,Alemannic,0,3
Berchta,Female,Alemannic,0,2
Berta,Female,Alemannic,0,2
Burgunda,Female,Alemannic,0,2
Engelberga,Female,Alemannic,0,2
Ermengard,Female,Alemannic,0,2
Frideruna,Female,Alemannic,0,2
Gisela,Female,Alemannic,0,2
Gisla,Female,Alemannic,0,2
Hedwig,Female,Alemannic,0,2
Heilwig,Female,Alemannic,0,2
Hildegard,Female,Alemannic,0,1
Hildeswind,Female,Alemannic,0,1
Imma,Female,Alemannic,0,1
Irmingard,Female,Alemannic,0,1
Liutgard,Female,Alemannic,0,1
Mathilda,Female,Alemannic,0,1
Oda,Female,Alemannic,0,1
Odilia,Female,Alemannic,0,1
Reginlind,Female,Alemannic,0,1
Richild,Female,Alemannic,0,1
Rotrud,Female,Alemannic,0,1
Swanehild,Female,Alemannic,0,1
Theodelinda,Female,Alemannic,0,1
Uta,Female,Alemannic,0,1
Walburga,Female,Alemannic,0,1
Wendelgard,Female,Alemannic,0,1
Wiborada,Female,Alemannic,0,1
Adalbert,Male,Alemannic,0,3
Adalgar,Male,Alemannic,0,3
Adalhard,Male,Alemannic,0,3
Adalhelm,Male,Alemannic,0,3
Adalwin,Male,Alemannic,0,3
Alamann,Male,Alemannic,0,2
Alaric,Male,Alemannic,0,2
Alboin,Male,Alemannic,0,2
Anselm,Male,Alemannic,0,2
Arnulf,Male,Alemannic,0,2
Berengar,Male,Alemannic,0,2
Berhtold,Male,Alemannic,0,2
Burchard,Male,Alemannic,0,2
Chrodebert,Male,Alemannic,0,2
Eberhard,Male,Alemannic,0,2
Erchanbold,Male,Alemannic,0,1
Folcbert,Male,Alemannic,0,1
Fridolin,Male,Alemannic,0,1
Gerold,Male,Alemannic,0,1
Giselbert,Male,Alemannic,0,1
Gottfried,Male,Alemannic,0,1
Hatto,Male,Alemannic,0,1
Hildebold,Male,Alemannic,0,1
Hrodgar,Male,Alemannic,0,1
Hugo,Male,Alemannic,0,1
Immo,Male,Alemannic,0,1
Konrad,Male,Alemannic,0,1
Landolf,Male,Alemannic,0,1
Liutfrid,Male,Alemannic,0,1
Manegold,Male,Alemannic,0,1
Otto,Male,Alemannic,0,1
Raginbert,Male,Alemannic,0,1
Rudolf,Male,Alemannic,0,1
Sigebert,Male,Alemannic,0,1
Theobald,Male,Alemannic,0,1
Ulrich,Male,Alemannic,0,1
Walahfrid,Male,Alemannic,0,1
Werner,Male,Alemannic,0,1
Aganippe,Female,Ancient Greek,0,3
Aikaterine,Female,Ancient Greek,0,3
Alkestis,Female,Ancient Greek,0,3
Anaxandra,Female,Ancient Greek,0,3
Arete,Female,Ancient Greek,0,3
Aspasia,Female,Ancient Greek,0,2
Berenike,Female,Ancient Greek,0,2
Chloe,Female,Ancient Greek,0,2
Damarete,Female,Ancient Greek,0,2
Demetria,Female,Ancient Greek,0,2
Diotima,Female,Ancient Greek,0,2
Eirene,Female,Ancient Greek,0,2
Eukoline,Female,Ancient Greek,0,2
Eupraxia,Female,Ancient Greek,0,2
Eurydike,Female,Ancient Greek,0,2
Gorgo,Female,Ancient Greek,0,1
Helene,Female,Ancient Greek,0,1
Hypatia,Female,Ancient Greek,0,1
Ianthe,Female,Ancient Greek,0,1
Kallisto,Female,Ancient Greek,0,1
Kleio,Female,Ancient Greek,0,1
Kleopatra,Female,Ancient Greek,0,1
Korinna,Female,Ancient Greek,0,1
Lais,Female,Ancient Greek,0,1
Lysandra,Female,Ancient Greek,0,1
Medeia,Female,Ancient Greek,0,1
Melitta,Female,Ancient Greek,0,1
Myrrhine,Female,Ancient Greek,0,1
Nikaia,Female,Ancient Greek,0,1
Olympias,Female,Ancient Greek,0,1
Phile,Female,Ancient Greek,0,1
Philippa,Female,Ancient Greek,0,1
Rhodopis,Female,Ancient Greek,0,1
Sappho,Female,Ancient Greek,0,1
Theano,Female,Ancient Greek,0,1
Xanthippe,Female,Ancient Greek,0,1
Achilleus,Male,Ancient Greek,0,3
Admetos,Male,Ancient Greek,0,3
Agesilaos,Male,Ancient Greek,0,3
Alexandros,Male,Ancient Greek,0,3
Alkibiades,Male,Ancient Greek,0,3
Anaxandros,Male,Ancient Greek,0,2
Andronikos,Male,Ancient Greek,0,2
Apollodoros,Male,Ancient Greek,0,2
Aristarchos,Male,Ancient Greek,0,2
Aristides,Male,Ancient Greek,0,2
Aristokles,Male,Ancient Greek,0,2
Bion,Male,Ancient Greek,0,2
Chariton,Male,Ancient Greek,0,2
Damon,Male,Ancient Greek,0,2
Demetrios,Male,Ancient Greek,0,2
Dionysios,Male,Ancient Greek,0,1
Euboulos,Male,Ancient Greek,0,1
Eukleides,Male,Ancient Greek,0,1
Euphranor,Male,Ancient Greek,0,1
Herakleides,Male,Ancient Greek,0,1
Hippokrates,Male,Ancient Greek,0,1
Kallias,Male,Ancient Greek,0,1
Kleon,Male,Ancient Greek,0,1
Leonidas,Male,Ancient Greek,0,1
Lysandros,Male,Ancient Greek,0,1
Menandros,Male,Ancient Greek,0,1
Nikandros,Male,Ancient Greek,0,1
Philokles,Male,Ancient Greek,0,1
Philostratos,Male,Ancient Greek,0,1
Sokrates,Male,Ancient Greek,0,1
Sophokles,Male,Ancient Greek,0,1
Themistokles,Male,Ancient Greek,0,1
Theodoros,Male,Ancient Greek,0,1
Timokrates,Male,Ancient Greek,0,1
Xenophon,Male,Ancient Greek,0,1
Adeliza,Female,Anglo-Norman,0,3
Agnes,Female,Anglo-Norman,0,3
Aline,Female,Anglo-Norman,0,3
Amabel,Female,Anglo-Norman,0,3
Amicia,Female,Anglo-Norman,0,3
Beatrice,Female,Anglo-Norman,0,2
Cecily,Female,Anglo-Norman,0,2
Constance,Female,Anglo-Norman,0,2
Eleanor,Female,Anglo-Norman,0,2
Emma,Female,Anglo-Norman,0,2
Emmeline,Female,Anglo-Norman,0,2
Euphemia,Female,Anglo-Norman,0,2
Felicia,Female,Anglo-Norman,0,2
Goda,Female,Anglo-Norman,0,2
Hawise,Female,Anglo-Norman,0,2
Ida,Female,Anglo-Norman,0,1
Isabel,Female,Anglo-Norman,0,1
Joan,Female,Anglo-Norman,0,1
Juliana,Female,Anglo-Norman,0,1
Lettice,Female,Anglo-Norman,0,1
Mabel,Female,Anglo-Norman,0,1
Margaret,Female,Anglo-Norman,0,1
Maud,Female,Anglo-Norman,0,1
Melisende,Female,Anglo-Norman,0,1
Muriel,Female,Anglo-Norman,0,1
Petronilla,Female,Anglo-Norman,0,1
Philippa,Female,Anglo-Norman,0,1
Richenda,Female,Anglo-Norman,0,1
Rohese,Female,Anglo-Norman,0,1
Sibyl,Female,Anglo-Norman,0,1
Sybil,Female,Anglo-Norman,0,1
Theophania,Female,Anglo-Norman,0,1
Yolande,Female,Anglo-Norman,0,1
Adam,Male,Anglo-Norman,0,3
Alan,Male,Anglo-Norman,0,3
Amaury,Male,Anglo-Norman,0,3
Anselm,Male,Anglo-Norman,0,3
Arnold,Male,Anglo-Norman,0,3
Baldwin,Male,Anglo-Norman,0,2
Bertram,Male,Anglo-Norman,0,2
Brian,Male,Anglo-Norman,0,2
Eustace,Male,Anglo-Norman,0,2
Fulk,Male,Anglo-Norman,0,2
Geoffrey,Male,Anglo-Norman,0,2
Gerard,Male,Anglo-Norman,0,2
Gilbert,Male,Anglo-Norman,0,2
Giles,Male,Anglo-Norman,0,2
Guy,Male,Anglo-Norman,0,2
Hamelin,Male,Anglo-Norman,0,1
Henry,Male,Anglo-Norman,0,1
Hugh,Male,Anglo-Norman,0,1
Ivo,Male,Anglo-Norman,0,1
Jordan,Male,Anglo-Norman,0,1
Miles,Male,Anglo-Norman,0,1
Nicholas,Male,Anglo-Norman,0,1
Odo,Male,Anglo-Norman,0,1
Osbert,Male,Anglo-Norman,0,1
Peter,Male,Anglo-Norman,0,1
Ralph,Male,Anglo-Norman,0,1
Ranulf,Male,Anglo-Norman,0,1
Reginald,Male,Anglo-Norman,0,1
Richard,Male,Anglo-Norman,0,1
Robert,Male,Anglo-Norman,0,1
Roger,Male,Anglo-Norman,0,1
Simon,Male,Anglo-Norman,0,1
Stephen,Male,Anglo-Norman,0,1
Theobald,Male,Anglo-Norman,0,1
Walter,Male,Anglo-Norman,0,1
William,Male,Anglo-Norman,0,1
Andere,Female,Aquitanian/Vasconic,0,3
Andereseni,Female,Aquitanian/Vasconic,0,3
Andosine,Female,Aquitanian/Vasconic,0,3
Astoilune,Female,Aquitanian/Vasconic,0,3
Belexa,Female,Aquitanian/Vasconic,0,3
Bihoxsa,Female,Aquitanian/Vasconic,0,2
Bonnoxea,Female,Aquitanian/Vasconic,0,2
Cisonia,Female,Aquitanian/Vasconic,0,2
Harbelexa,Female,Aquitanian/Vasconic,0,2
Harsoria,Female,Aquitanian/Vasconic,0,2
Ilunna,Female,Aquitanian/Vasconic,0,2
Laurina,Female,Aquitanian/Vasconic,0,2
Lohittuna,Female,Aquitanian/Vasconic,0,2
Narbona,Female,Aquitanian/Vasconic,0,2
Nescata,Female,Aquitanian/Vasconic,0,2
Ossone,Female,Aquitanian/Vasconic,0,1
Saharina,Female,Aquitanian/Vasconic,0,1
Sembe,Female,Aquitanian/Vasconic,0,1
Sembexia,Female,Aquitanian/Vasconic,0,1
Silexa,Female,Aquitanian/Vasconic,0,1
Talsca,Female,Aquitanian/Vasconic,0,1
Ummesaharra,Female,Aquitanian/Vasconic,0,1
Vaconia,Female,Aquitanian/Vasconic,0,1
Veleia,Female,Aquitanian/Vasconic,0,1
Aherbelste,Male,Aquitanian/Vasconic,0,3
Andere,Male,Aquitanian/Vasconic,0,3
Anderepon,Male,Aquitanian/Vasconic,0,3
Andereson,Male,Aquitanian/Vasconic,0,3
Andosten,Male,Aquitanian/Vasconic,0,3
Arcco,Male,Aquitanian/Vasconic,0,2
Astoilun,Male,Aquitanian/Vasconic,0,2
Baeserte,Male,Aquitanian/Vasconic,0,2
Belex,Male,Aquitanian/Vasconic,0,2
Bihoxus,Male,Aquitanian/Vasconic,0,2
Bonbelex,Male,Aquitanian/Vasconic,0,2
Cison,Male,Aquitanian/Vasconic,0,2
Dunohox,Male,Aquitanian/Vasconic,0,2
Harbelex,Male,Aquitanian/Vasconic,0,2
Harsori,Male,Aquitanian/Vasconic,0,2
Ilunno,Male,Aquitanian/Vasconic,0,1
Lohitton,Male,Aquitanian/Vasconic,0,1
Lurco,Male,Aquitanian/Vasconic,0,1
Narhun,Male,Aquitanian/Vasconic,0,1
Nescato,Male,Aquitanian/Vasconic,0,1
Osson,Male,Aquitanian/Vasconic,0,1
Sembetten,Male,Aquitanian/Vasconic,0,1
Seniponnis,Male,Aquitanian/Vasconic,0,1
Talsco,Male,Aquitanian/Vasconic,0,1
Ummesahar,Male,Aquitanian/Vasconic,0,1
Ainara,Female,Basque,0,3
Ainhoa,Female,Basque,0,3
Alazne,Female,Basque,0,3
Amaia,Female,Basque,0,3
Andere,Female,Basque,0,3
Ane,Female,Basque,0,2
Arantza,Female,Basque,0,2
Argia,Female,Basque,0,2
Bakarne,Female,Basque,0,2
Edurne,Female,Basque,0,2
Elixabete,Female,Basque,0,2
Eneritz,Female,Basque,0,2
Garazi,Female,Basque,0,2
Gurutze,Female,Basque,0,2
Haizea,Female,Basque,0,2
Irati,Female,Basque,0,1
Itxaro,Female,Basque,0,1
Izaskun,Female,Basque,0,1
Lorea,Female,Basque,0,1
Maddi,Female,Basque,0,1
Maite,Female,Basque,0,1
Naiara,Female,Basque,0,1
Nekane,Female,Basque,0,1
Oihana,Female,Basque,0,1
Uxue,Female,Basque,0,1
Zuri,Female,Basque,0,1
Aitor,Male,Basque,0,3
Ander,Male,Basque,0,3
Antso,Male,Basque,0,3
Argi,Male,Basque,0,3
Beltz,Male,Basque,0,3
Eder,Male,Basque,0,2
Eneko,Male,Basque,0,2
Errodrigo,Male,Basque,0,2
Gartzia,Male,Basque,0,2
Gorka,Male,Basque,0,2
Hodei,Male,Basque,0,2
Ibai,Male,Basque,0,2
Iker,Male,Basque,0,2
Ilario,Male,Basque,0,2
Inigo,Male,Basque,0,2
Joanes,Male,Basque,0,1
Kemen,Male,Basque,0,1
Lope,Male,Basque,0,1
Mikel,Male,Basque,0,1
Oier,Male,Basque,0,1
Ortzi,Male,Basque,0,1
Patxi,Male,Basque,0,1
Peru,Male,Basque,0,1
Sancho,Male,Basque,0,1
Unai,Male,Basque,0,1
Xabier,Male,Basque,0,1
Adelheid,Female,Bavarian,0,3
Agnes,Female,Bavarian,0,3
Bertha,Female,Bavarian,0,3
Brunhild,Female,Bavarian,0,3
Christina,Female,Bavarian,0,3
Dietlind,Female,Bavarian,0,2
Elisabeth,Female,Bavarian,0,2
Engelberga,Female,Bavarian,0,2
Ermengard,Female,Bavarian,0,2
Gertrud,Female,Bavarian,0,2
Gisela,Female,Bavarian,0,2
Hadwig,Female,Bavarian,0,2
Hedwig,Female,Bavarian,0,2
Heilika,Female,Bavarian,0,2
Hemma,Female,Bavarian,0,2
Hildegard,Female,Bavarian,0,1
Kunigunde,Female,Bavarian,0,1
Liutgard,Female,Bavarian,0,1
Margaretha,Female,Bavarian,0,1
Mathilde,Female,Bavarian,0,1
Mechthild,Female,Bavarian,0,1
Oda,Female,Bavarian,0,1
Richgard,Female,Bavarian,0,1
Sophia,Female,Bavarian,0,1
Theodelinde,Female,Bavarian,0,1
Uta,Female,Bavarian,0,1
Walburga,Female,Bavarian,0,1
Adalbero,Male,Bavarian,0,3
Albrecht,Male,Bavarian,0,3
Anselm,Male,Bavarian,0,3
Arnold,Male,Bavarian,0,3
Berengar,Male,Bavarian,0,3
Bertold,Male,Bavarian,0,2
Burkhard,Male,Bavarian,0,2
Dietmar,Male,Bavarian,0,2
Eberhard,Male,Bavarian,0,2
Engelbert,Male,Bavarian,0,2
Ernst,Male,Bavarian,0,2
Friedrich,Male,Bavarian,0,2
Gebhard,Male,Bavarian,0,2
Gerhard,Male,Bavarian,0,2
Gottfried,Male,Bavarian,0,2
Heinrich,Male,Bavarian,0,1
Hermann,Male,Bavarian,0,1
Konrad,Male,Bavarian,0,1
Leopold,Male,Bavarian,0,1
Ludwig,Male,Bavarian,0,1
Manfred,Male,Bavarian,0,1
Otakar,Male,Bavarian,0,1
Otto,Male,Bavarian,0,1
Pabo,Male,Bavarian,0,1
Rudiger,Male,Bavarian,0,1
Rupert,Male,Bavarian,0,1
Siegfried,Male,Bavarian,0,1
Ulrich,Male,Bavarian,0,1
Welf,Male,Bavarian,0,1
Werner,Male,Bavarian,0,1
Adalhaid,Female,Burgundian,0,3
Brunhild,Female,Burgundian,0,3
Clotild,Female,Burgundian,0,3
Galswinth,Female,Burgundian,0,3
Gisela,Female,Burgundian,0,3
Gundrada,Female,Burgundian,0,2
Hildegund,Female,Burgundian,0,2
Ingund,Female,Burgundian,0,2
Leubovera,Female,Burgundian,0,2
Radegund,Female,Burgundian,0,2
Reginlind,Female,Burgundian,0,2
Richild,Female,Burgundian,0,2
Sigilda,Female,Burgundian,0,2
Theudelinda,Female,Burgundian,0,2
Waldrada,Female,Burgundian,0,2
Wisigard,Female,Burgundian,0,1
Agiulf,Male,Burgundian,0,3
Albomar,Male,Burgundian,0,3
Athanagild,Male,Burgundian,0,3
Baldegisel,Male,Burgundian,0,3
Burgundio,Male,Burgundian,0,3
Chilperic,Male,Burgundian,0,2
Clothar,Male,Burgundian,0,2
Dagobert,Male,Burgundian,0,2
Gibica,Male,Burgundian,0,2
Giselher,Male,Burgundian,0,2
Godomar,Male,Burgundian,0,2
Gondioc,Male,Burgundian,0,2
Gundahar,Male,Burgundian,0,2
Gundobad,Male,Burgundian,0,2
Gundomar,Male,Burgundian,0,2
Hildebad,Male,Burgundian,0,1
Hlodomer,Male,Burgundian,0,1
Ragnachar,Male,Burgundian,0,1
Ricimer,Male,Burgundian,0,1
Sigibert,Male,Burgundian,0,1
Sigismund,Male,Burgundian,0,1
Theudebald,Male,Burgundian,0,1
Waldemar,Male,Burgundian,0,1
Warnachar,Male,Burgundian,0,1
Ambata,Female,Celtiberian,0,3
Argantia,Female,Celtiberian,0,3
Belaisa,Female,Celtiberian,0,3
Belena,Female,Celtiberian,0,3
Boudica,Female,Celtiberian,0,3
Carantia,Female,Celtiberian,0,2
Catura,Female,Celtiberian,0,2
Derceta,Female,Celtiberian,0,2
Elantia,Female,Celtiberian,0,2
Letonda,Female,Celtiberian,0,2
Lugara,Female,Celtiberian,0,2
Melmanda,Female,Celtiberian,0,2
Nertobriga,Female,Celtiberian,0,2
Segontia,Female,Celtiberian,0,2
Taurina,Female,Celtiberian,0,2
Toutona,Female,Celtiberian,0,1
Turia,Female,Celtiberian,0,1
Uxamena,Female,Celtiberian,0,1
Virota,Female,Celtiberian,0,1
Ablonios,Male,Celtiberian,0,3
Ambatus,Male,Celtiberian,0,3
Argantios,Male,Celtiberian,0,3
Aucalus,Male,Celtiberian,0,3
Belaiskos,Male,Celtiberian,0,3
Belenos,Male,Celtiberian,0,2
Boduogenos,Male,Celtiberian,0,2
Caisaros,Male,Celtiberian,0,2
Carantus,Male,Celtiberian,0,2
Caros,Male,Celtiberian,0,2
Caturix,Male,Celtiberian,0,2
Conboutos,Male,Celtiberian,0,2
Contrebios,Male,Celtiberian,0,2
Letondos,Male,Celtiberian,0,2
Lugotorix,Male,Celtiberian,0,2
Melmandos,Male,Celtiberian,0,1
Nertobriga,Male,Celtiberian,0,1
Segontios,Male,Celtiberian,0,1
Toutonos,Male,Celtiberian,0,1
Turobrigos,Male,Celtiberian,0,1
Uxama,Male,Celtiberian,0,1
Virotus,Male,Celtiberian,0,1
Adboga,Female,Cisalpine Celtic,0,3
Atepomara,Female,Cisalpine Celtic,0,3
Belena,Female,Cisalpine Celtic,0,3
Boudica,Female,Cisalpine Celtic,0,3
Camulata,Female,Cisalpine Celtic,0,3
Carantia,Female,Cisalpine Celtic,0,2
Cingeta,Female,Cisalpine Celtic,0,2
Dumnaca,Female,Cisalpine Celtic,0,2
Epona,Female,Cisalpine Celtic,0,2
Litavica,Female,Cisalpine Celtic,0,2
Lugara,Female,Cisalpine Celtic,0,2
Nantosuelta,Female,Cisalpine Celtic,0,2
Onomaris,Female,Cisalpine Celtic,0,2
Rigantona,Female,Cisalpine Celtic,0,2
Segomara,Female,Cisalpine Celtic,0,2
Touta,Female,Cisalpine Celtic,0,1
Verica,Female,Cisalpine Celtic,0,1
Viridomara,Female,Cisalpine Celtic,0,1
Adbogios,Male,Cisalpine Celtic,0,3
Agnomaros,Male,Cisalpine Celtic,0,3
Atepomaros,Male,Cisalpine Celtic,0,3
Belenos,Male,Cisalpine Celtic,0,3
Boduognatos,Male,Cisalpine Celtic,0,3
Brennos,Male,Cisalpine Celtic,0,2
Cavaros,Male,Cisalpine Celtic,0,2
Cingetorix,Male,Cisalpine Celtic,0,2
Comaros,Male,Cisalpine Celtic,0,2
Dumnacos,Male,Cisalpine Celtic,0,2
Eposognatos,Male,Cisalpine Celtic,0,2
Litavicos,Male,Cisalpine Celtic,0,2
Lugotorix,Male,Cisalpine Celtic,0,2
Nantos,Male,Cisalpine Celtic,0,2
Orgetorix,Male,Cisalpine Celtic,0,2
Segomaros,Male,Cisalpine Celtic,0,1
Toutatis,Male,Cisalpine Celtic,0,1
Vercassivellaunos,Male,Cisalpine Celtic,0,1
Vercingetorix,Male,Cisalpine Celtic,0,1
Viridomaros,Male,Cisalpine Celtic,0,1
Adwen,Female,Cornish,0,3
Ailla,Female,Cornish,0,3
Argant,Female,Cornish,0,3
Breaca,Female,Cornish,0,3
Clethera,Female,Cornish,0,3
Delen,Female,Cornish,0,2
Elen,Female,Cornish,0,2
Endelienta,Female,Cornish,0,2
Eseld,Female,Cornish,0,2
Gwen,Female,Cornish,0,2
Gwenifer,Female,Cornish,0,2
Gwinear,Female,Cornish,0,2
Ia,Female,Cornish,0,2
Jenifer,Female,Cornish,0,2
Kensa,Female,Cornish,0,2
Lowenna,Female,Cornish,0,1
Mabyn,Female,Cornish,0,1
Melyor,Female,Cornish,0,1
Morcades,Female,Cornish,0,1
Morwenna,Female,Cornish,0,1
Nonna,Female,Cornish,0,1
Tressa,Female,Cornish,0,1
Wenna,Female,Cornish,0,1
Wennaeth,Female,Cornish,0,1
Ysella,Female,Cornish,0,1
Austol,Male,Cornish,0,3
Bleydh,Male,Cornish,0,3
Budoc,Male,Cornish,0,3
Caradoc,Male,Cornish,0,3
Cleder,Male,Cornish,0,3
Clemens,Male,Cornish,0,2
Cynan,Male,Cornish,0,2
Derwa,Male,Cornish,0,2
Donyarth,Male,Cornish,0,2
Geraint,Male,Cornish,0,2
Goronwy,Male,Cornish,0,2
Gryffyn,Male,Cornish,0,2
Hedrek,Male,Cornish,0,2
Iago,Male,Cornish,0,2
Jago,Male,Cornish,0,2
Jowan,Male,Cornish,0,1
Kenan,Male,Cornish,0,1
Kevern,Male,Cornish,0,1
Madern,Male,Cornish,0,1
Madron,Male,Cornish,0,1
Mawgan,Male,Cornish,0,1
Meriasek,Male,Cornish,0,1
Morien,Male,Cornish,0,1
Petroc,Male,Cornish,0,1
Piran,Male,Cornish,0,1
Ruan,Male,Cornish,0,1
Talan,Male,Cornish,0,1
Tewdwr,Male,Cornish,0,1
Uther,Male,Cornish,0,1
Wynnoc,Male,Cornish,0,1
Arianell,Female,Cumbric,0,3
Brigida,Female,Cumbric,0,3
Ceindrych,Female,Cumbric,0,3
Dwynwen,Female,Cumbric,0,3
Elen,Female,Cumbric,0,3
Eleri,Female,Cumbric,0,2
Enid,Female,Cumbric,0,2
Goleuddydd,Female,Cumbric,0,2
Gwen,Female,Cumbric,0,2
Gwenllian,Female,Cumbric,0,2
Luned,Female,Cumbric,0,2
Madrun,Female,Cumbric,0,2
Modron,Female,Cumbric,0,2
Morfydd,Female,Cumbric,0,2
Nesta,Female,Cumbric,0,2
Onnen,Female,Cumbric,0,1
Rhiannon,Female,Cumbric,0,1
Tegwen,Female,Cumbric,0,1
Teleri,Female,Cumbric,0,1
Ygerna,Female,Cumbric,0,1
Arthmail,Male,Cumbric,0,3
Beli,Male,Cumbric,0,3
Bran,Male,Cumbric,0,3
Cadwallon,Male,Cumbric,0,3
Ceneu,Male,Cumbric,0,3
Cynfarch,Male,Cumbric,0,2
Cynon,Male,Cumbric,0,2
Dumnagual,Male,Cumbric,0,2
Dunaut,Male,Cumbric,0,2
Edern,Male,Cumbric,0,2
Elidyr,Male,Cumbric,0,2
Gwallawg,Male,Cumbric,0,2
Gwenddoleu,Male,Cumbric,0,2
Hoel,Male,Cumbric,0,2
Llywarch,Male,Cumbric,0,2
Madog,Male,Cumbric,0,1
Meirchion,Male,Cumbric,0,1
Morcant,Male,Cumbric,0,1
Owain,Male,Cumbric,0,1
Pabo,Male,Cumbric,0,1
Peredur,Male,Cumbric,0,1
Rhun,Male,Cumbric,0,1
Rhydderch,Male,Cumbric,0,1
Urien,Male,Cumbric,0,1
Alda,Female,Curonian,0,3
Austeja,Female,Curonian,0,3
Birute,Female,Curonian,0,3
Daina,Female,Curonian,0,3
Dargute,Female,Curonian,0,3
Gaila,Female,Curonian,0,2
Giedre,Female,Curonian,0,2
Gintare,Female,Curonian,0,2
Jurga,Female,Curonian,0,2
Laima,Female,Curonian,0,2
Laimute,Female,Curonian,0,2
Milda,Female,Curonian,0,2
Neringa,Female,Curonian,0,2
Rasa,Female,Curonian,0,2
Rimante,Female,Curonian,0,2
Saule,Female,Curonian,0,1
Skaidra,Female,Curonian,0,1
Vaidile,Female,Curonian,0,1
Vaidute,Female,Curonian,0,1
Viltaute,Female,Curonian,0,1
Zemyna,Female,Curonian,0,1
Algimants,Male,Curonian,0,3
Andagis,Male,Curonian,0,3
Austas,Male,Curonian,0,3
Buteikis,Male,Curonian,0,3
Butvydas,Male,Curonian,0,3
Dargis,Male,Curonian,0,2
Daukantas,Male,Curonian,0,2
Gailis,Male,Curonian,0,2
Gedimants,Male,Curonian,0,2
Gintaras,Male,Curonian,0,2
Jurgis,Male,Curonian,0,2
Kantautas,Male,Curonian,0,2
Kernius,Male,Curonian,0,2
Kestutis,Male,Curonian,0,2
Laimonis,Male,Curonian,0,2
Mangirdas,Male,Curonian,0,1
Mindaugas,Male,Curonian,0,1
Narimantas,Male,Curonian,0,1
Rimantas,Male,Curonian,0,1
Skirgaila,Male,Curonian,0,1
Tautvilas,Male,Curonian,0,1
Vaidotas,Male,Curonian,0,1
Vaiode,Male,Curonian,0,1
Vidmantas,Male,Curonian,0,1
Vytautas,Male,Curonian,0,1
Ziemelis,Male,Curonian,0,1
Aulia,Female,Dacian,0,3
Bistia,Female,Dacian,0,3
Cotisona,Female,Dacian,0,3
Daciana,Female,Dacian,0,3
Dapyxa,Female,Dacian,0,3
Dierna,Female,Dacian,0,2
Dizala,Female,Dacian,0,2
Mucapora,Female,Dacian,0,2
Orolia,Female,Dacian,0,2
Rholia,Female,Dacian,0,2
Sarmiza,Female,Dacian,0,2
Scorila,Female,Dacian,0,2
Tarsa,Female,Dacian,0,2
Zalmodegia,Female,Dacian,0,2
Ziaela,Female,Dacian,0,2
Auluporis,Male,Dacian,0,3
Bastiza,Male,Dacian,0,3
Blegissa,Male,Dacian,0,3
Burebista,Male,Dacian,0,3
Cothelas,Male,Dacian,0,3
Cotiso,Male,Dacian,0,2
Dadas,Male,Dacian,0,2
Dapyx,Male,Dacian,0,2
Diernais,Male,Dacian,0,2
Diurpaneus,Male,Dacian,0,2
Dromichaites,Male,Dacian,0,2
Duras,Male,Dacian,0,2
Mucapor,Male,Dacian,0,2
Oroles,Male,Dacian,0,2
Pieporus,Male,Dacian,0,2
Rholes,Male,Dacian,0,1
Rubobostes,Male,Dacian,0,1
Scorilo,Male,Dacian,0,1
Suras,Male,Dacian,0,1
Tarbus,Male,Dacian,0,1
Tarsa,Male,Dacian,0,1
Zalmodegikos,Male,Dacian,0,1
Ziaelas,Male,Dacian,0,1
Zoltes,Male,Dacian,0,1
Aino,Female,Estonian,0,3
Anu,Female,Estonian,0,3
Eha,Female,Estonian,0,3
Ene,Female,Estonian,0,3
Helgi,Female,Estonian,0,3
Helmi,Female,Estonian,0,2
Ilme,Female,Estonian,0,2
Kadi,Female,Estonian,0,2
Kaja,Female,Estonian,0,2
Karin,Female,Estonian,0,2
Katrin,Female,Estonian,0,2
Kersti,Female,Estonian,0,2
Lea,Female,Estonian,0,2
Liis,Female,Estonian,0,2
Maarja,Female,Estonian,0,2
Mai,Female,Estonian,0,1
Maie,Female,Estonian,0,1
Malle,Female,Estonian,0,1
Merike,Female,Estonian,0,1
Pille,Female,Estonian,0,1
Reet,Female,Estonian,0,1
Riin,Female,Estonian,0,1
Saima,Female,Estonian,0,1
Tiina,Female,Estonian,0,1
Triin,Female,Estonian,0,1
Valve,Female,Estonian,0,1
Ahti,Male,Estonian,0,3
Andres,Male,Estonian,0,3
Ants,Male,Estonian,0,3
Ardo,Male,Estonian,0,3
Eerik,Male,Estonian,0,3
Endel,Male,Estonian,0,2
Hanno,Male,Estonian,0,2
Heiki,Male,Estonian,0,2
Ilmar,Male,Estonian,0,2
Ivo,Male,Estonian,0,2
Jaan,Male,Estonian,0,2
Juhan,Male,Estonian,0,2
Kalev,Male,Estonian,0,2
Kalju,Male,Estonian,0,2
Lembit,Male,Estonian,0,2
Madis,Male,Estonian,0,1
Meelis,Male,Estonian,0,1
Mihkel,Male,Estonian,0,1
Olav,Male,Estonian,0,1
Peeter,Male,Estonian,0,1
Priit,Male,Estonian,0,1
Rein,Male,Estonian,0,1
Siim,Male,Estonian,0,1
Taavi,Male,Estonian,0,1
Toomas,Male,Estonian,0,1
Uku,Male,Estonian,0,1
Vello,Male,Estonian,0,1
Aritimi,Female,Etruscan,0,3
Aulelia,Female,Etruscan,0,3
Cautha,Female,Etruscan,0,3
Hastile,Female,Etruscan,0,3
Larthia,Female,Etruscan,0,3
Ramtha,Female,Etruscan,0,2
Ravnthu,Female,Etruscan,0,2
Sethra,Female,Etruscan,0,2
Thana,Female,Etruscan,0,2
Thanakvil,Female,Etruscan,0,2
Thanchvil,Female,Etruscan,0,2
Velelia,Female,Etruscan,0,2
Velia,Female,Etruscan,0,2
Vilia,Female,Etruscan,0,2
Arnth,Male,Etruscan,0,3
Arruns,Male,Etruscan,0,3
Aule,Male,Etruscan,0,3
Avile,Male,Etruscan,0,3
Cae,Male,Etruscan,0,3
Carthna,Male,Etruscan,0,2
Cneve,Male,Etruscan,0,2
Fastia,Male,Etruscan,0,2
Hercle,Male,Etruscan,0,2
Larce,Male,Etruscan,0,2
Laris,Male,Etruscan,0,2
Larth,Male,Etruscan,0,2
Mastarna,Male,Etruscan,0,2
Persna,Male,Etruscan,0,2
Ramtha,Male,Etruscan,0,2
Ravnthu,Male,Etruscan,0,1
Sethre,Male,Etruscan,0,1
Sextna,Male,Etruscan,0,1
Thefarie,Male,Etruscan,0,1
Titus,Male,Etruscan,0,1
Vel,Male,Etruscan,0,1
Velthur,Male,Etruscan,0,1
Vipe,Male,Etruscan,0,1
Vipie,Male,Etruscan,0,1
Abas,Female,Exotic,1,1
Abra,Female,Exotic,1,1
Acta,Female,Exotic,1,1
Aghiz,Female,Exotic,1,1
Aidere,Female,Exotic,1,1
Al,Female,Exotic,1,1
Alaa,Female,Exotic,1,1
Ali,Female,Exotic,1,1
Alti,Female,Exotic,1,1
Altun,Female,Exotic,1,1
Amet,Female,Exotic,1,1
Amu,Female,Exotic,1,1
Anuuk,Female,Exotic,1,1
Aq,Female,Exotic,1,1
Aqtuaq,Female,Exotic,1,1
Aquush,Female,Exotic,1,1
Arik,Female,Exotic,1,1
Ariq,Female,Exotic,1,1
Arslaan,Female,Exotic,1,1
Asan,Female,Exotic,1,1
Ay,Female,Exotic,1,1
Ayda,Female,Exotic,1,1
Aydu,Female,Exotic,1,1
Ayt,Female,Exotic,1,1
Baan,Female,Exotic,1,1
Baay,Female,Exotic,1,1
Bak,Female,Exotic,1,1
Bala,Female,Exotic,1,1
Baltaa,Female,Exotic,1,1
Bars,Female,Exotic,1,1
Basac,Female,Exotic,1,1
Bassi,Female,Exotic,1,1
Bay,Female,Exotic,1,1
Bey,Female,Exotic,1,1
Bii,Female,Exotic,1,1
Bir,Female,Exotic,1,1
Bughaa,Female,Exotic,1,1
Bujaa,Female,Exotic,1,1
Bulaat,Female,Exotic,1,1
Calil,Female,Exotic,1,1
Chan,Female,Exotic,1,1
Chiar,Female,Exotic,1,1
Chiuc,Female,Exotic,1,1
Con,Female,Exotic,1,1
Cona,Female,Exotic,1,1
Curchi,Female,Exotic,1,1
Dal,Female,Exotic,1,1
Damur,Female,Exotic,1,1
Dedes,Female,Exotic,1,1
Den,Female,Exotic,1,1
Dii,Female,Exotic,1,1
Drevis,Female,Exotic,1,1
Dugh,Female,Exotic,1,1
Duq,Female,Exotic,1,1
Ebrain,Female,Exotic,1,1
Eman,Female,Exotic,1,1
Fande,Female,Exotic,1,1
Ferat,Female,Exotic,1,1
Ghaan,Female,Exotic,1,1
Ghdii,Female,Exotic,1,1
Giusus,Female,Exotic,1,1
Gori,Female,Exotic,1,1
Grae,Female,Exotic,1,1
Grok,Female,Exotic,1,1
Guli,Female,Exotic,1,1
Hac,Female,Exotic,1,1
Ham,Female,Exotic,1,1
Hin,Female,Exotic,1,1
Hk,Female,Exotic,1,1
Ishiq,Female,Exotic,1,1
Ixis,Female,Exotic,1,1
Iyaas,Female,Exotic,1,1
Iyaaz,Female,Exotic,1,1
Jaav,Female,Exotic,1,1
Jabaa,Female,Exotic,1,1
Jaq,Female,Exotic,1,1
Jarii,Female,Exotic,1,1
Jii,Female,Exotic,1,1
Jiq,Female,Exotic,1,1
Ju,Female,Exotic,1,1
Jul,Female,Exotic,1,1
Juu,Female,Exotic,1,1
Kaldii,Female,Exotic,1,1
Kay,Female,Exotic,1,1
Kayl,Female,Exotic,1,1
Khudaa,Female,Exotic,1,1
Khush,Female,Exotic,1,1
Kiin,Female,Exotic,1,1
Kiz,Female,Exotic,1,1
Kubak,Female,Exotic,1,1
Kujuk,Female,Exotic,1,1
Kurjii,Female,Exotic,1,1
Kuu,Female,Exotic,1,1
Kuz,Female,Exotic,1,1
Laajiin,Female,Exotic,1,1
Lavas,Female,Exotic,1,1
Leven,Female,Exotic,1,1
Lii,Female,Exotic,1,1
Liik,Female,Exotic,1,1
Luu,Female,Exotic,1,1
Maan,Female,Exotic,1,1
Maaq,Female,Exotic,1,1
Maas,Female,Exotic,1,1
Maaz,Female,Exotic,1,1
Mac,Female,Exotic,1,1
Maha,Female,Exotic,1,1
Maku,Female,Exotic,1,1
Mal,Female,Exotic,1,1
Mamut,Female,Exotic,1,1
Mankuu,Female,Exotic,1,1
Mano,Female,Exotic,1,1
Manuc,Female,Exotic,1,1
Maq,Female,Exotic,1,1
Met,Female,Exotic,1,1
Min,Female,Exotic,1,1
Mir,Female,Exotic,1,1
Miran,Female,Exotic,1,1
Mirize,Female,Exotic,1,1
Mish,Female,Exotic,1,1
Mit,Female,Exotic,1,1
Mur,Female,Exotic,1,1
Muta,Female,Exotic,1,1
Muur,Female,Exotic,1,1
Or,Female,Exotic,1,1
Osman,Female,Exotic,1,1
Peria,Female,Exotic,1,1
Piry,Female,Exotic,1,1
Qaa,Female,Exotic,1,1
Qaan,Female,Exotic,1,1
Qaanim,Female,Exotic,1,1
Qaash,Female,Exotic,1,1
Qaay,Female,Exotic,1,1
Qar,Female,Exotic,1,1
Qara,Female,Exotic,1,1
Qaraa,Female,Exotic,1,1
Qij,Female,Exotic,1,1
Qilij,Female,Exotic,1,1
Qir,Female,Exotic,1,1
Qiz,Female,Exotic,1,1
Qujaa,Female,Exotic,1,1
Qujaq,Female,Exotic,1,1
Qulan,Female,Exotic,1,1
Qulaq,Female,Exotic,1,1
Qurq,Female,Exotic,1,1
Qutluq,Female,Exotic,1,1
Qutluu,Female,Exotic,1,1
Qutuu,Female,Exotic,1,1
Ran,Female,Exotic,1,1
Rat,Female,Exotic,1,1
Resul,Female,Exotic,1,1
Rustan,Female,Exotic,1,1
Ruuq,Female,Exotic,1,1
Saarii,Female,Exotic,1,1
Saha,Female,Exotic,1,1
Saksan,Female,Exotic,1,1
Salmas,Female,Exotic,1,1
San,Female,Exotic,1,1
Sanjar,Female,Exotic,1,1
Saq,Female,Exotic,1,1
Saqal,Female,Exotic,1,1
Sar,Female,Exotic,1,1
Sarghit,Female,Exotic,1,1
Satil,Female,Exotic,1,1
Savinj,Female,Exotic,1,1
Selim,Female,Exotic,1,1
Shii,Female,Exotic,1,1
Shiq,Female,Exotic,1,1
Siiz,Female,Exotic,1,1
Sinan,Female,Exotic,1,1
Siz,Female,Exotic,1,1
Soli,Female,Exotic,1,1
Sunkuu,Female,Exotic,1,1
Sunqur,Female,Exotic,1,1
Suu,Female,Exotic,1,1
Suun,Female,Exotic,1,1
Ta,Female,Exotic,1,1
Taan,Female,Exotic,1,1
Taash,Female,Exotic,1,1
Taay,Female,Exotic,1,1
Taghrii,Female,Exotic,1,1
Tamas,Female,Exotic,1,1
Tamur,Female,Exotic,1,1
Tan,Female,Exotic,1,1
Tash,Female,Exotic,1,1
Tay,Female,Exotic,1,1
Tear,Female,Exotic,1,1
Toco,Female,Exotic,1,1
Togli,Female,Exotic,1,1
Tu,Female,Exotic,1,1
Tugh,Female,Exotic,1,1
Tuq,Female,Exotic,1,1
Tuu,Female,Exotic,1,1
Uq,Female,Exotic,1,1
Urish,Female,Exotic,1,1
Urun,Female,Exotic,1,1
Ustref,Female,Exotic,1,1
Uzbak,Female,Exotic,1,1
Uzda,Female,Exotic,1,1
Yaa,Female,Exotic,1,1
Yagh,Female,Exotic,1,1
Yakh,Female,Exotic,1,1
Yakrak,Female,Exotic,1,1
Yariq,Female,Exotic,1,1
Za,Female,Exotic,1,1
Zaan,Female,Exotic,1,1
Zal,Female,Exotic,1,1
Abas,Female,Exotic,0,1
Abra,Female,Exotic,0,1
Acta,Female,Exotic,0,1
Aghiz,Female,Exotic,0,1
Aidere,Female,Exotic,0,1
Al,Female,Exotic,0,1
Alaa,Female,Exotic,0,1
Ali,Female,Exotic,0,1
Alti,Female,Exotic,0,1
Altun,Female,Exotic,0,1
Amet,Female,Exotic,0,1
Amu,Female,Exotic,0,1
Anuuk,Female,Exotic,0,1
Aq,Female,Exotic,0,1
Aqtuaq,Female,Exotic,0,1
Aquush,Female,Exotic,0,1
Arik,Female,Exotic,0,1
Ariq,Female,Exotic,0,1
Arslaan,Female,Exotic,0,1
Asan,Female,Exotic,0,1
Ay,Female,Exotic,0,1
Ayda,Female,Exotic,0,1
Aydu,Female,Exotic,0,1
Ayt,Female,Exotic,0,1
Baan,Female,Exotic,0,1
Baay,Female,Exotic,0,1
Bak,Female,Exotic,0,1
Bala,Female,Exotic,0,1
Baltaa,Female,Exotic,0,1
Bars,Female,Exotic,0,1
Basac,Female,Exotic,0,1
Bassi,Female,Exotic,0,1
Bay,Female,Exotic,0,1
Bey,Female,Exotic,0,1
Bii,Female,Exotic,0,1
Bir,Female,Exotic,0,1
Bughaa,Female,Exotic,0,1
Bujaa,Female,Exotic,0,1
Bulaat,Female,Exotic,0,1
Calil,Female,Exotic,0,1
Chan,Female,Exotic,0,1
Chiar,Female,Exotic,0,1
Chiuc,Female,Exotic,0,1
Con,Female,Exotic,0,1
Cona,Female,Exotic,0,1
Curchi,Female,Exotic,0,1
Dal,Female,Exotic,0,1
Damur,Female,Exotic,0,1
Dedes,Female,Exotic,0,1
Den,Female,Exotic,0,1
Dii,Female,Exotic,0,1
Drevis,Female,Exotic,0,1
Dugh,Female,Exotic,0,1
Duq,Female,Exotic,0,1
Ebrain,Female,Exotic,0,1
Eman,Female,Exotic,0,1
Fande,Female,Exotic,0,1
Ferat,Female,Exotic,0,1
Ghaan,Female,Exotic,0,1
Ghdii,Female,Exotic,0,1
Giusus,Female,Exotic,0,1
Gori,Female,Exotic,0,1
Grae,Female,Exotic,0,1
Grok,Female,Exotic,0,1
Guli,Female,Exotic,0,1
Hac,Female,Exotic,0,1
Ham,Female,Exotic,0,1
Hin,Female,Exotic,0,1
Hk,Female,Exotic,0,1
Ishiq,Female,Exotic,0,1
Ixis,Female,Exotic,0,1
Iyaas,Female,Exotic,0,1
Iyaaz,Female,Exotic,0,1
Jaav,Female,Exotic,0,1
Jabaa,Female,Exotic,0,1
Jaq,Female,Exotic,0,1
Jarii,Female,Exotic,0,1
Jii,Female,Exotic,0,1
Jiq,Female,Exotic,0,1
Ju,Female,Exotic,0,1
Jul,Female,Exotic,0,1
Juu,Female,Exotic,0,1
Kaldii,Female,Exotic,0,1
Kay,Female,Exotic,0,1
Kayl,Female,Exotic,0,1
Khudaa,Female,Exotic,0,1
Khush,Female,Exotic,0,1
Kiin,Female,Exotic,0,1
Kiz,Female,Exotic,0,1
Kubak,Female,Exotic,0,1
Kujuk,Female,Exotic,0,1
Kurjii,Female,Exotic,0,1
Kuu,Female,Exotic,0,1
Kuz,Female,Exotic,0,1
Laajiin,Female,Exotic,0,1
Lavas,Female,Exotic,0,1
Leven,Female,Exotic,0,1
Lii,Female,Exotic,0,1
Liik,Female,Exotic,0,1
Luu,Female,Exotic,0,1
Maan,Female,Exotic,0,1
Maaq,Female,Exotic,0,1
Maas,Female,Exotic,0,1
Maaz,Female,Exotic,0,1
Mac,Female,Exotic,0,1
Maha,Female,Exotic,0,1
Maku,Female,Exotic,0,1
Mal,Female,Exotic,0,1
Mamut,Female,Exotic,0,1
Mankuu,Female,Exotic,0,1
Mano,Female,Exotic,0,1
Manuc,Female,Exotic,0,1
Maq,Female,Exotic,0,1
Met,Female,Exotic,0,1
Min,Female,Exotic,0,1
Mir,Female,Exotic,0,1
Miran,Female,Exotic,0,1
Mirize,Female,Exotic,0,1
Mish,Female,Exotic,0,1
Mit,Female,Exotic,0,1
Mur,Female,Exotic,0,1
Muta,Female,Exotic,0,1
Muur,Female,Exotic,0,1
Or,Female,Exotic,0,1
Osman,Female,Exotic,0,1
Peria,Female,Exotic,0,1
Piry,Female,Exotic,0,1
Qaa,Female,Exotic,0,1
Qaan,Female,Exotic,0,1
Qaanim,Female,Exotic,0,1
Qaash,Female,Exotic,0,1
Qaay,Female,Exotic,0,1
Qar,Female,Exotic,0,1
Qara,Female,Exotic,0,1
Qaraa,Female,Exotic,0,1
Qij,Female,Exotic,0,1
Qilij,Female,Exotic,0,1
Qir,Female,Exotic,0,1
Qiz,Female,Exotic,0,1
Qujaa,Female,Exotic,0,1
Qujaq,Female,Exotic,0,1
Qulan,Female,Exotic,0,1
Qulaq,Female,Exotic,0,1
Qurq,Female,Exotic,0,1
Qutluq,Female,Exotic,0,1
Qutluu,Female,Exotic,0,1
Qutuu,Female,Exotic,0,1
Ran,Female,Exotic,0,1
Rat,Female,Exotic,0,1
Resul,Female,Exotic,0,1
Rustan,Female,Exotic,0,1
Ruuq,Female,Exotic,0,1
Saarii,Female,Exotic,0,1
Saha,Female,Exotic,0,1
Saksan,Female,Exotic,0,1
Salmas,Female,Exotic,0,1
San,Female,Exotic,0,1
Sanjar,Female,Exotic,0,1
Saq,Female,Exotic,0,1
Saqal,Female,Exotic,0,1
Sar,Female,Exotic,0,1
Sarghit,Female,Exotic,0,1
Satil,Female,Exotic,0,1
Savinj,Female,Exotic,0,1
Selim,Female,Exotic,0,1
Shii,Female,Exotic,0,1
Shiq,Female,Exotic,0,1
Siiz,Female,Exotic,0,1
Sinan,Female,Exotic,0,1
Siz,Female,Exotic,0,1
Soli,Female,Exotic,0,1
Sunkuu,Female,Exotic,0,1
Sunqur,Female,Exotic,0,1
Suu,Female,Exotic,0,1
Suun,Female,Exotic,0,1
Ta,Female,Exotic,0,1
Taan,Female,Exotic,0,1
Taash,Female,Exotic,0,1
Taay,Female,Exotic,0,1
Taghrii,Female,Exotic,0,1
Tamas,Female,Exotic,0,1
Tamur,Female,Exotic,0,1
Tan,Female,Exotic,0,1
Tash,Female,Exotic,0,1
Tay,Female,Exotic,0,1
Tear,Female,Exotic,0,1
Toco,Female,Exotic,0,1
Togli,Female,Exotic,0,1
Tu,Female,Exotic,0,1
Tugh,Female,Exotic,0,1
Tuq,Female,Exotic,0,1
Tuu,Female,Exotic,0,1
Uq,Female,Exotic,0,1
Urish,Female,Exotic,0,1
Urun,Female,Exotic,0,1
Ustref,Female,Exotic,0,1
Uzbak,Female,Exotic,0,1
Uzda,Female,Exotic,0,1
Yaa,Female,Exotic,0,1
Yagh,Female,Exotic,0,1
Yakh,Female,Exotic,0,1
Yakrak,Female,Exotic,0,1
Yariq,Female,Exotic,0,1
Za,Female,Exotic,0,1
Zaan,Female,Exotic,0,1
Zal,Female,Exotic,0,1
Abas,Male,Exotic,1,1
Abra,Male,Exotic,1,1
Acta,Male,Exotic,1,1
Aghiz,Male,Exotic,1,1
Aidere,Male,Exotic,1,1
Al,Male,Exotic,1,1
Alaa,Male,Exotic,1,1
Ali,Male,Exotic,1,1
Alti,Male,Exotic,1,1
Altun,Male,Exotic,1,1
Amet,Male,Exotic,1,1
Amu,Male,Exotic,1,1
Anuuk,Male,Exotic,1,1
Aq,Male,Exotic,1,1
Aqtuaq,Male,Exotic,1,1
Aquush,Male,Exotic,1,1
Arik,Male,Exotic,1,1
Ariq,Male,Exotic,1,1
Arslaan,Male,Exotic,1,1
Asan,Male,Exotic,1,1
Ay,Male,Exotic,1,1
Ayda,Male,Exotic,1,1
Aydu,Male,Exotic,1,1
Ayt,Male,Exotic,1,1
Baan,Male,Exotic,1,1
Baay,Male,Exotic,1,1
Bak,Male,Exotic,1,1
Bala,Male,Exotic,1,1
Baltaa,Male,Exotic,1,1
Bars,Male,Exotic,1,1
Basac,Male,Exotic,1,1
Bassi,Male,Exotic,1,1
Bay,Male,Exotic,1,1
Bey,Male,Exotic,1,1
Bii,Male,Exotic,1,1
Bir,Male,Exotic,1,1
Bughaa,Male,Exotic,1,1
Bujaa,Male,Exotic,1,1
Bulaat,Male,Exotic,1,1
Calil,Male,Exotic,1,1
Chan,Male,Exotic,1,1
Chiar,Male,Exotic,1,1
Chiuc,Male,Exotic,1,1
Con,Male,Exotic,1,1
Cona,Male,Exotic,1,1
Curchi,Male,Exotic,1,1
Dal,Male,Exotic,1,1
Damur,Male,Exotic,1,1
Dedes,Male,Exotic,1,1
Den,Male,Exotic,1,1
Dii,Male,Exotic,1,1
Drevis,Male,Exotic,1,1
Dugh,Male,Exotic,1,1
Duq,Male,Exotic,1,1
Ebrain,Male,Exotic,1,1
Eman,Male,Exotic,1,1
Fande,Male,Exotic,1,1
Ferat,Male,Exotic,1,1
Ghaan,Male,Exotic,1,1
Ghdii,Male,Exotic,1,1
Giusus,Male,Exotic,1,1
Gori,Male,Exotic,1,1
Grae,Male,Exotic,1,1
Grok,Male,Exotic,1,1
Guli,Male,Exotic,1,1
Hac,Male,Exotic,1,1
Ham,Male,Exotic,1,1
Hin,Male,Exotic,1,1
Hk,Male,Exotic,1,1
Ishiq,Male,Exotic,1,1
Ixis,Male,Exotic,1,1
Iyaas,Male,Exotic,1,1
Iyaaz,Male,Exotic,1,1
Jaav,Male,Exotic,1,1
Jabaa,Male,Exotic,1,1
Jaq,Male,Exotic,1,1
Jarii,Male,Exotic,1,1
Jii,Male,Exotic,1,1
Jiq,Male,Exotic,1,1
Ju,Male,Exotic,1,1
Jul,Male,Exotic,1,1
Juu,Male,Exotic,1,1
Kaldii,Male,Exotic,1,1
Kay,Male,Exotic,1,1
Kayl,Male,Exotic,1,1
Khudaa,Male,Exotic,1,1
Khush,Male,Exotic,1,1
Kiin,Male,Exotic,1,1
Kiz,Male,Exotic,1,1
Kubak,Male,Exotic,1,1
Kujuk,Male,Exotic,1,1
Kurjii,Male,Exotic,1,1
Kuu,Male,Exotic,1,1
Kuz,Male,Exotic,1,1
Laajiin,Male,Exotic,1,1
Lavas,Male,Exotic,1,1
Leven,Male,Exotic,1,1
Lii,Male,Exotic,1,1
Liik,Male,Exotic,1,1
Luu,Male,Exotic,1,1
Maan,Male,Exotic,1,1
Maaq,Male,Exotic,1,1
Maas,Male,Exotic,1,1
Maaz,Male,Exotic,1,1
Mac,Male,Exotic,1,1
Maha,Male,Exotic,1,1
Maku,Male,Exotic,1,1
Mal,Male,Exotic,1,1
Mamut,Male,Exotic,1,1
Mankuu,Male,Exotic,1,1
Mano,Male,Exotic,1,1
Manuc,Male,Exotic,1,1
Maq,Male,Exotic,1,1
Met,Male,Exotic,1,1
Min,Male,Exotic,1,1
Mir,Male,Exotic,1,1
Miran,Male,Exotic,1,1
Mirize,Male,Exotic,1,1
Mish,Male,Exotic,1,1
Mit,Male,Exotic,1,1
Mur,Male,Exotic,1,1
Muta,Male,Exotic,1,1
Muur,Male,Exotic,1,1
Or,Male,Exotic,1,1
Osman,Male,Exotic,1,1
Peria,Male,Exotic,1,1
Piry,Male,Exotic,1,1
Qaa,Male,Exotic,1,1
Qaan,Male,Exotic,1,1
Qaanim,Male,Exotic,1,1
Qaash,Male,Exotic,1,1
Qaay,Male,Exotic,1,1
Qar,Male,Exotic,1,1
Qara,Male,Exotic,1,1
Qaraa,Male,Exotic,1,1
Qij,Male,Exotic,1,1
Qilij,Male,Exotic,1,1
Qir,Male,Exotic,1,1
Qiz,Male,Exotic,1,1
Qujaa,Male,Exotic,1,1
Qujaq,Male,Exotic,1,1
Qulan,Male,Exotic,1,1
Qulaq,Male,Exotic,1,1
Qurq,Male,Exotic,1,1
Qutluq,Male,Exotic,1,1
Qutluu,Male,Exotic,1,1
Qutuu,Male,Exotic,1,1
Ran,Male,Exotic,1,1
Rat,Male,Exotic,1,1
Resul,Male,Exotic,1,1
Rustan,Male,Exotic,1,1
Ruuq,Male,Exotic,1,1
Saarii,Male,Exotic,1,1
Saha,Male,Exotic,1,1
Saksan,Male,Exotic,1,1
Salmas,Male,Exotic,1,1
San,Male,Exotic,1,1
Sanjar,Male,Exotic,1,1
Saq,Male,Exotic,1,1
Saqal,Male,Exotic,1,1
Sar,Male,Exotic,1,1
Sarghit,Male,Exotic,1,1
Satil,Male,Exotic,1,1
Savinj,Male,Exotic,1,1
Selim,Male,Exotic,1,1
Shii,Male,Exotic,1,1
Shiq,Male,Exotic,1,1
Siiz,Male,Exotic,1,1
Sinan,Male,Exotic,1,1
Siz,Male,Exotic,1,1
Soli,Male,Exotic,1,1
Sunkuu,Male,Exotic,1,1
Sunqur,Male,Exotic,1,1
Suu,Male,Exotic,1,1
Suun,Male,Exotic,1,1
Ta,Male,Exotic,1,1
Taan,Male,Exotic,1,1
Taash,Male,Exotic,1,1
Taay,Male,Exotic,1,1
Taghrii,Male,Exotic,1,1
Tamas,Male,Exotic,1,1
Tamur,Male,Exotic,1,1
Tan,Male,Exotic,1,1
Tash,Male,Exotic,1,1
Tay,Male,Exotic,1,1
Tear,Male,Exotic,1,1
Toco,Male,Exotic,1,1
Togli,Male,Exotic,1,1
Tu,Male,Exotic,1,1
Tugh,Male,Exotic,1,1
Tuq,Male,Exotic,1,1
Tuu,Male,Exotic,1,1
Uq,Male,Exotic,1,1
Urish,Male,Exotic,1,1
Urun,Male,Exotic,1,1
Ustref,Male,Exotic,1,1
Uzbak,Male,Exotic,1,1
Uzda,Male,Exotic,1,1
Yaa,Male,Exotic,1,1
Yagh,Male,Exotic,1,1
Yakh,Male,Exotic,1,1
Yakrak,Male,Exotic,1,1
Yariq,Male,Exotic,1,1
Za,Male,Exotic,1,1
Zaan,Male,Exotic,1,1
Zal,Male,Exotic,1,1
Abas,Male,Exotic,0,1
Abra,Male,Exotic,0,1
Acta,Male,Exotic,0,1
Aghiz,Male,Exotic,0,1
Aidere,Male,Exotic,0,1
Al,Male,Exotic,0,1
Alaa,Male,Exotic,0,1
Ali,Male,Exotic,0,1
Alti,Male,Exotic,0,1
Altun,Male,Exotic,0,1
Amet,Male,Exotic,0,1
Amu,Male,Exotic,0,1
Anuuk,Male,Exotic,0,1
Aq,Male,Exotic,0,1
Aqtuaq,Male,Exotic,0,1
Aquush,Male,Exotic,0,1
Arik,Male,Exotic,0,1
Ariq,Male,Exotic,0,1
Arslaan,Male,Exotic,0,1
Asan,Male,Exotic,0,1
Ay,Male,Exotic,0,1
Ayda,Male,Exotic,0,1
Aydu,Male,Exotic,0,1
Ayt,Male,Exotic,0,1
Baan,Male,Exotic,0,1
Baay,Male,Exotic,0,1
Bak,Male,Exotic,0,1
Bala,Male,Exotic,0,1
Baltaa,Male,Exotic,0,1
Bars,Male,Exotic,0,1
Basac,Male,Exotic,0,1
Bassi,Male,Exotic,0,1
Bay,Male,Exotic,0,1
Bey,Male,Exotic,0,1
Bii,Male,Exotic,0,1
Bir,Male,Exotic,0,1
Bughaa,Male,Exotic,0,1
Bujaa,Male,Exotic,0,1
Bulaat,Male,Exotic,0,1
Calil,Male,Exotic,0,1
Chan,Male,Exotic,0,1
Chiar,Male,Exotic,0,1
Chiuc,Male,Exotic,0,1
Con,Male,Exotic,0,1
Cona,Male,Exotic,0,1
Curchi,Male,Exotic,0,1
Dal,Male,Exotic,0,1
Damur,Male,Exotic,0,1
Dedes,Male,Exotic,0,1
Den,Male,Exotic,0,1
Dii,Male,Exotic,0,1
Drevis,Male,Exotic,0,1
Dugh,Male,Exotic,0,1
Duq,Male,Exotic,0,1
Ebrain,Male,Exotic,0,1
Eman,Male,Exotic,0,1
Fande,Male,Exotic,0,1
Ferat,Male,Exotic,0,1
Ghaan,Male,Exotic,0,1
Ghdii,Male,Exotic,0,1
Giusus,Male,Exotic,0,1
Gori,Male,Exotic,0,1
Grae,Male,Exotic,0,1
Grok,Male,Exotic,0,1
Guli,Male,Exotic,0,1
Hac,Male,Exotic,0,1
Ham,Male,Exotic,0,1
Hin,Male,Exotic,0,1
Hk,Male,Exotic,0,1
Ishiq,Male,Exotic,0,1
Ixis,Male,Exotic,0,1
Iyaas,Male,Exotic,0,1
Iyaaz,Male,Exotic,0,1
Jaav,Male,Exotic,0,1
Jabaa,Male,Exotic,0,1
Jaq,Male,Exotic,0,1
Jarii,Male,Exotic,0,1
Jii,Male,Exotic,0,1
Jiq,Male,Exotic,0,1
Ju,Male,Exotic,0,1
Jul,Male,Exotic,0,1
Juu,Male,Exotic,0,1
Kaldii,Male,Exotic,0,1
Kay,Male,Exotic,0,1
Kayl,Male,Exotic,0,1
Khudaa,Male,Exotic,0,1
Khush,Male,Exotic,0,1
Kiin,Male,Exotic,0,1
Kiz,Male,Exotic,0,1
Kubak,Male,Exotic,0,1
Kujuk,Male,Exotic,0,1
Kurjii,Male,Exotic,0,1
Kuu,Male,Exotic,0,1
Kuz,Male,Exotic,0,1
Laajiin,Male,Exotic,0,1
Lavas,Male,Exotic,0,1
Leven,Male,Exotic,0,1
Lii,Male,Exotic,0,1
Liik,Male,Exotic,0,1
Luu,Male,Exotic,0,1
Maan,Male,Exotic,0,1
Maaq,Male,Exotic,0,1
Maas,Male,Exotic,0,1
Maaz,Male,Exotic,0,1
Mac,Male,Exotic,0,1
Maha,Male,Exotic,0,1
Maku,Male,Exotic,0,1
Mal,Male,Exotic,0,1
Mamut,Male,Exotic,0,1
Mankuu,Male,Exotic,0,1
Mano,Male,Exotic,0,1
Manuc,Male,Exotic,0,1
Maq,Male,Exotic,0,1
Met,Male,Exotic,0,1
Min,Male,Exotic,0,1
Mir,Male,Exotic,0,1
Miran,Male,Exotic,0,1
Mirize,Male,Exotic,0,1
Mish,Male,Exotic,0,1
Mit,Male,Exotic,0,1
Mur,Male,Exotic,0,1
Muta,Male,Exotic,0,1
Muur,Male,Exotic,0,1
Or,Male,Exotic,0,1
Osman,Male,Exotic,0,1
Peria,Male,Exotic,0,1
Piry,Male,Exotic,0,1
Qaa,Male,Exotic,0,1
Qaan,Male,Exotic,0,1
Qaanim,Male,Exotic,0,1
Qaash,Male,Exotic,0,1
Qaay,Male,Exotic,0,1
Qar,Male,Exotic,0,1
Qara,Male,Exotic,0,1
Qaraa,Male,Exotic,0,1
Qij,Male,Exotic,0,1
Qilij,Male,Exotic,0,1
Qir,Male,Exotic,0,1
Qiz,Male,Exotic,0,1
Qujaa,Male,Exotic,0,1
Qujaq,Male,Exotic,0,1
Qulan,Male,Exotic,0,1
Qulaq,Male,Exotic,0,1
Qurq,Male,Exotic,0,1
Qutluq,Male,Exotic,0,1
Qutluu,Male,Exotic,0,1
Qutuu,Male,Exotic,0,1
Ran,Male,Exotic,0,1
Rat,Male,Exotic,0,1
Resul,Male,Exotic,0,1
Rustan,Male,Exotic,0,1
Ruuq,Male,Exotic,0,1
Saarii,Male,Exotic,0,1
Saha,Male,Exotic,0,1
Saksan,Male,Exotic,0,1
Salmas,Male,Exotic,0,1
San,Male,Exotic,0,1
Sanjar,Male,Exotic,0,1
Saq,Male,Exotic,0,1
Saqal,Male,Exotic,0,1
Sar,Male,Exotic,0,1
Sarghit,Male,Exotic,0,1
Satil,Male,Exotic,0,1
Savinj,Male,Exotic,0,1
Selim,Male,Exotic,0,1
Shii,Male,Exotic,0,1
Shiq,Male,Exotic,0,1
Siiz,Male,Exotic,0,1
Sinan,Male,Exotic,0,1
Siz,Male,Exotic,0,1
Soli,Male,Exotic,0,1
Sunkuu,Male,Exotic,0,1
Sunqur,Male,Exotic,0,1
Suu,Male,Exotic,0,1
Suun,Male,Exotic,0,1
Ta,Male,Exotic,0,1
Taan,Male,Exotic,0,1
Taash,Male,Exotic,0,1
Taay,Male,Exotic,0,1
Taghrii,Male,Exotic,0,1
Tamas,Male,Exotic,0,1
Tamur,Male,Exotic,0,1
Tan,Male,Exotic,0,1
Tash,Male,Exotic,0,1
Tay,Male,Exotic,0,1
Tear,Male,Exotic,0,1
Toco,Male,Exotic,0,1
Togli,Male,Exotic,0,1
Tu,Male,Exotic,0,1
Tugh,Male,Exotic,0,1
Tuq,Male,Exotic,0,1
Tuu,Male,Exotic,0,1
Uq,Male,Exotic,0,1
Urish,Male,Exotic,0,1
Urun,Male,Exotic,0,1
Ustref,Male,Exotic,0,1
Uzbak,Male,Exotic,0,1
Uzda,Male,Exotic,0,1
Yaa,Male,Exotic,0,1
Yagh,Male,Exotic,0,1
Yakh,Male,Exotic,0,1
Yakrak,Male,Exotic,0,1
Yariq,Male,Exotic,0,1
Za,Male,Exotic,0,1
Zaan,Male,Exotic,0,1
Zal,Male,Exotic,0,1
Adaltrudis,Female,Frankish,0,3
Aregund,Female,Frankish,0,3
Audofleda,Female,Frankish,0,3
Balthild,Female,Frankish,0,3
Bertha,Female,Frankish,0,3
Bertrada,Female,Frankish,0,2
Blithild,Female,Frankish,0,2
Chlodoswintha,Female,Frankish,0,2
Clotild,Female,Frankish,0,2
Fara,Female,Frankish,0,2
Galswintha,Female,Frankish,0,2
Gerberga,Female,Frankish,0,2
Hildegard,Female,Frankish,0,2
Ingund,Female,Frankish,0,2
Radegund,Female,Frankish,0,2
Rictrude,Female,Frankish,0,1
Sichild,Female,Frankish,0,1
Theudechild,Female,Frankish,0,1
Waldrada,Female,Frankish,0,1
Adalhard,Male,Frankish,0,3
Aldric,Male,Frankish,0,3
Ansegisel,Male,Frankish,0,3
Arnulf,Male,Frankish,0,3
Audoin,Male,Frankish,0,3
Childebert,Male,Frankish,0,2
Childeric,Male,Frankish,0,2
Chlodomer,Male,Frankish,0,2
Chlodovech,Male,Frankish,0,2
Dagobert,Male,Frankish,0,2
Ebroin,Male,Frankish,0,2
Faramund,Male,Frankish,0,2
Gauzbert,Male,Frankish,0,2
Grimoald,Male,Frankish,0,2
Guntram,Male,Frankish,0,2
Hildebert,Male,Frankish,0,1
Landric,Male,Frankish,0,1
Lothar,Male,Frankish,0,1
Pippin,Male,Frankish,0,1
Ragenfrid,Male,Frankish,0,1
Ragnachar,Male,Frankish,0,1
Sigebert,Male,Frankish,0,1
Theuderic,Male,Frankish,0,1
Warin,Male,Frankish,0,1
Aldonca,Female,Galician-Portuguese,0,3
Beatriz,Female,Galician-Portuguese,0,3
Berenguela,Female,Galician-Portuguese,0,3
Branca,Female,Galician-Portuguese,0,3
Constanca,Female,Galician-Portuguese,0,3
Elvira,Female,Galician-Portuguese,0,2
Estevainha,Female,Galician-Portuguese,0,2
Guiomar,Female,Galician-Portuguese,0,2
Ines,Female,Galician-Portuguese,0,2
Leonor,Female,Galician-Portuguese,0,2
Maior,Female,Galician-Portuguese,0,2
Maria,Female,Galician-Portuguese,0,2
Marinha,Female,Galician-Portuguese,0,2
Mencia,Female,Galician-Portuguese,0,2
Mor,Female,Galician-Portuguese,0,2
Ouroana,Female,Galician-Portuguese,0,1
Sancha,Female,Galician-Portuguese,0,1
Teresa,Female,Galician-Portuguese,0,1
Urraca,Female,Galician-Portuguese,0,1
Violante,Female,Galician-Portuguese,0,1
Afonso,Male,Galician-Portuguese,0,3
Airas,Male,Galician-Portuguese,0,3
Alvaro,Male,Galician-Portuguese,0,3
Anes,Male,Galician-Portuguese,0,3
Bermudo,Male,Galician-Portuguese,0,3
Dinis,Male,Galician-Portuguese,0,2
Domingos,Male,Galician-Portuguese,0,2
Egas,Male,Galician-Portuguese,0,2
Estevan,Male,Galician-Portuguese,0,2
Fernan,Male,Galician-Portuguese,0,2
Froila,Male,Galician-Portuguese,0,2
Garcia,Male,Galician-Portuguese,0,2
Gomes,Male,Galician-Portuguese,0,2
Goncalo,Male,Galician-Portuguese,0,2
Joao,Male,Galician-Portuguese,0,2
Lopo,Male,Galician-Portuguese,0,1
Lourenco,Male,Galician-Portuguese,0,1
Martim,Male,Galician-Portuguese,0,1
Mem,Male,Galician-Portuguese,0,1
Mendo,Male,Galician-Portuguese,0,1
Munio,Male,Galician-Portuguese,0,1
Nuno,Male,Galician-Portuguese,0,1
Paio,Male,Galician-Portuguese,0,1
Pero,Male,Galician-Portuguese,0,1
Raimundo,Male,Galician-Portuguese,0,1
Rodrigo,Male,Galician-Portuguese,0,1
Sueiro,Male,Galician-Portuguese,0,1
Vasco,Male,Galician-Portuguese,0,1
Adboga,Female,Gaulish,0,3
Belisama,Female,Gaulish,0,3
Boudica,Female,Gaulish,0,3
Camulata,Female,Gaulish,0,3
Carantilla,Female,Gaulish,0,3
Cartimandua,Female,Gaulish,0,2
Cingeta,Female,Gaulish,0,2
Epona,Female,Gaulish,0,2
Litavica,Female,Gaulish,0,2
Nantosuelta,Female,Gaulish,0,2
Onomaris,Female,Gaulish,0,2
Rigantona,Female,Gaulish,0,2
Rosmerta,Female,Gaulish,0,2
Segomara,Female,Gaulish,0,2
Verica,Female,Gaulish,0,2
Vindomara,Female,Gaulish,0,1
Adcobrovatus,Male,Gaulish,0,3
Ambiorix,Male,Gaulish,0,3
Atepomaros,Male,Gaulish,0,3
Boduognatos,Male,Gaulish,0,3
Brennos,Male,Gaulish,0,3
Casticos,Male,Gaulish,0,2
Caturix,Male,Gaulish,0,2
Cingetorix,Male,Gaulish,0,2
Commius,Male,Gaulish,0,2
Diviciacus,Male,Gaulish,0,2
Dumnorix,Male,Gaulish,0,2
Epasnactos,Male,Gaulish,0,2
Litavicos,Male,Gaulish,0,2
Lucterios,Male,Gaulish,0,2
Orgatorix,Male,Gaulish,0,2
Segomaros,Male,Gaulish,0,1
Tasgetios,Male,Gaulish,0,1
Teutomatos,Male,Gaulish,0,1
Vercingetorix,Male,Gaulish,0,1
Viridomaros,Male,Gaulish,0,1
Amalafrida,Female,Gothic,0,3
Amalasuntha,Female,Gothic,0,3
Austrigusa,Female,Gothic,0,3
Brunhild,Female,Gothic,0,3
Clotild,Female,Gothic,0,3
Galswintha,Female,Gothic,0,2
Goiswintha,Female,Gothic,0,2
Gudila,Female,Gothic,0,2
Ingund,Female,Gothic,0,2
Matasuntha,Female,Gothic,0,2
Ragnahild,Female,Gothic,0,2
Sunilda,Female,Gothic,0,2
Theodegotha,Female,Gothic,0,2
Theodora,Female,Gothic,0,2
Wisigard,Female,Gothic,0,2
Agila,Male,Gothic,0,3
Alaric,Male,Gothic,0,3
Athanagild,Male,Gothic,0,3
Athanaric,Male,Gothic,0,3
Euric,Male,Gothic,0,3
Fritigern,Male,Gothic,0,2
Gaiseric,Male,Gothic,0,2
Gesalec,Male,Gothic,0,2
Hermenegild,Male,Gothic,0,2
Hunimund,Male,Gothic,0,2
Leovigild,Male,Gothic,0,2
Reccared,Male,Gothic,0,2
Roderic,Male,Gothic,0,2
Sigeric,Male,Gothic,0,2
Theodemir,Male,Gothic,0,2
Theodoric,Male,Gothic,0,1
Theudis,Male,Gothic,0,1
Thorismund,Male,Gothic,0,1
Totila,Male,Gothic,0,1
Valamir,Male,Gothic,0,1
Videric,Male,Gothic,0,1
Vithimir,Male,Gothic,0,1
Walia,Male,Gothic,0,1
Witiges,Male,Gothic,0,1
Andia,Female,Illyrian,0,3
Bardyla,Female,Illyrian,0,3
Bircenna,Female,Illyrian,0,3
Birkenna,Female,Illyrian,0,3
Dardana,Female,Illyrian,0,3
Etuta,Female,Illyrian,0,2
Glaukia,Female,Illyrian,0,2
Teuta,Female,Illyrian,0,2
Triteuta,Female,Illyrian,0,2
Verza,Female,Illyrian,0,2
Agron,Male,Illyrian,0,3
Andes,Male,Illyrian,0,3
Bardylis,Male,Illyrian,0,3
Bato,Male,Illyrian,0,3
Cleitus,Male,Illyrian,0,3
Dardanus,Male,Illyrian,0,2
Epicadus,Male,Illyrian,0,2
Gentius,Male,Illyrian,0,2
Glaukias,Male,Illyrian,0,2
Grabos,Male,Illyrian,0,2
Longarus,Male,Illyrian,0,2
Monunius,Male,Illyrian,0,2
Mytilus,Male,Illyrian,0,2
Pinnes,Male,Illyrian,0,2
Pleuratus,Male,Illyrian,0,2
Plator,Male,Illyrian,0,1
Skerdilaidas,Male,Illyrian,0,1
Teutaeus,Male,Illyrian,0,1
Triteutas,Male,Illyrian,0,1
Verzo,Male,Illyrian,0,1
Aife,Female,Irish Gaelic,0,3
Ailbe,Female,Irish Gaelic,0,3
Aine,Female,Irish Gaelic,0,3
Bebinn,Female,Irish Gaelic,0,3
Brigit,Female,Irish Gaelic,0,3
Cacht,Female,Irish Gaelic,0,2
Caitilin,Female,Irish Gaelic,0,2
Derbforgaill,Female,Irish Gaelic,0,2
Eithne,Female,Irish Gaelic,0,2
Etain,Female,Irish Gaelic,0,2
Finnuala,Female,Irish Gaelic,0,2
Gormlaith,Female,Irish Gaelic,0,2
Grainne,Female,Irish Gaelic,0,2
Lasairfhiona,Female,Irish Gaelic,0,2
Maire,Female,Irish Gaelic,0,2
Medb,Female,Irish Gaelic,0,1
Mor,Female,Irish Gaelic,0,1
Muirenn,Female,Irish Gaelic,0,1
Nuala,Female,Irish Gaelic,0,1
Orlaith,Female,Irish Gaelic,0,1
Sadb,Female,Irish Gaelic,0,1
Sinead,Female,Irish Gaelic,0,1
Una,Female,Irish Gaelic,0,1
Aed,Male,Irish Gaelic,0,3
Aengus,Male,Irish Gaelic,0,3
Art,Male,Irish Gaelic,0,3
Brian,Male,Irish Gaelic,0,3
Cathal,Male,Irish Gaelic,0,3
Ciaran,Male,Irish Gaelic,0,2
Colman,Male,Irish Gaelic,0,2
Conall,Male,Irish Gaelic,0,2
Cormac,Male,Irish Gaelic,0,2
Diarmait,Male,Irish Gaelic,0,2
Domnall,Male,Irish Gaelic,0,2
Donnchad,Male,Irish Gaelic,0,2
Dubthach,Male,Irish Gaelic,0,2
Eochaid,Male,Irish Gaelic,0,2
Fergus,Male,Irish Gaelic,0,2
Finn,Male,Irish Gaelic,0,1
Fintan,Male,Irish Gaelic,0,1
Flann,Male,Irish Gaelic,0,1
Lorcann,Male,Irish Gaelic,0,1
Mael Sechnaill,Male,Irish Gaelic,0,1
Muirchertach,Male,Irish Gaelic,0,1
Niall,Male,Irish Gaelic,0,1
Oengus,Male,Irish Gaelic,0,1
Ruaidri,Male,Irish Gaelic,0,1
Tadc,Male,Irish Gaelic,0,1
Tigernach,Male,Irish Gaelic,0,1
Aili,Female,Karelian,0,3
Aino,Female,Karelian,0,3
Anni,Female,Karelian,0,3
Elina,Female,Karelian,0,3
Helli,Female,Karelian,0,3
Helmi,Female,Karelian,0,2
Ilma,Female,Karelian,0,2
Inkeri,Female,Karelian,0,2
Kaarina,Female,Karelian,0,2
Kaino,Female,Karelian,0,2
Kaisa,Female,Karelian,0,2
Kerttu,Female,Karelian,0,2
Lempi,Female,Karelian,0,2
Liisa,Female,Karelian,0,2
Loviisa,Female,Karelian,0,2
Maaria,Female,Karelian,0,1
Marja,Female,Karelian,0,1
Mielikki,Female,Karelian,0,1
Pihla,Female,Karelian,0,1
Riikka,Female,Karelian,0,1
Sari,Female,Karelian,0,1
Sirkka,Female,Karelian,0,1
Tellervo,Female,Karelian,0,1
Tuulikki,Female,Karelian,0,1
Ahti,Male,Karelian,0,3
Antti,Male,Karelian,0,3
Arhippa,Male,Karelian,0,3
Eero,Male,Karelian,0,3
Heikki,Male,Karelian,0,3
Ilmari,Male,Karelian,0,2
Iro,Male,Karelian,0,2
Juhani,Male,Karelian,0,2
Juho,Male,Karelian,0,2
Kauko,Male,Karelian,0,2
Lauri,Male,Karelian,0,2
Lemminki,Male,Karelian,0,2
Matti,Male,Karelian,0,2
Mikko,Male,Karelian,0,2
Ontrei,Male,Karelian,0,2
Oskari,Male,Karelian,0,1
Paavo,Male,Karelian,0,1
Pekka,Male,Karelian,0,1
Pertti,Male,Karelian,0,1
Sampo,Male,Karelian,0,1
Seppo,Male,Karelian,0,1
Tapio,Male,Karelian,0,1
Tuomas,Male,Karelian,0,1
Unto,Male,Karelian,0,1
Vaino,Male,Karelian,0,1
Aelia,Female,Latin/Roman,0,3
Aemilia,Female,Latin/Roman,0,3
Agrippina,Female,Latin/Roman,0,3
Antonia,Female,Latin/Roman,0,3
Aurelia,Female,Latin/Roman,0,3
Caecilia,Female,Latin/Roman,0,2
Claudia,Female,Latin/Roman,0,2
Cornelia,Female,Latin/Roman,0,2
Domitia,Female,Latin/Roman,0,2
Fabia,Female,Latin/Roman,0,2
Faustina,Female,Latin/Roman,0,2
Flavia,Female,Latin/Roman,0,2
Fulvia,Female,Latin/Roman,0,2
Julia,Female,Latin/Roman,0,2
Junia,Female,Latin/Roman,0,2
Livia,Female,Latin/Roman,0,1
Lucia,Female,Latin/Roman,0,1
Marcia,Female,Latin/Roman,0,1
Octavia,Female,Latin/Roman,0,1
Pompeia,Female,Latin/Roman,0,1
Porcia,Female,Latin/Roman,0,1
Quinta,Female,Latin/Roman,0,1
Sabina,Female,Latin/Roman,0,1
Sextia,Female,Latin/Roman,0,1
Tertia,Female,Latin/Roman,0,1
Valeria,Female,Latin/Roman,0,1
Aelius,Male,Latin/Roman,0,3
Aemilius,Male,Latin/Roman,0,3
Agrippa,Male,Latin/Roman,0,3
Antonius,Male,Latin/Roman,0,3
Aulus,Male,Latin/Roman,0,3
Caesar,Male,Latin/Roman,0,2
Cassius,Male,Latin/Roman,0,2
Cato,Male,Latin/Roman,0,2
Claudius,Male,Latin/Roman,0,2
Decimus,Male,Latin/Roman,0,2
Flavius,Male,Latin/Roman,0,2
Gaius,Male,Latin/Roman,0,2
Gnaeus,Male,Latin/Roman,0,2
Hadrianus,Male,Latin/Roman,0,2
Julius,Male,Latin/Roman,0,2
Lucius,Male,Latin/Roman,0,1
Marcellus,Male,Latin/Roman,0,1
Marcus,Male,Latin/Roman,0,1
Marius,Male,Latin/Roman,0,1
Octavius,Male,Latin/Roman,0,1
Publius,Male,Latin/Roman,0,1
Quintus,Male,Latin/Roman,0,1
Sextus,Male,Latin/Roman,0,1
Tiberius,Male,Latin/Roman,0,1
Titus,Male,Latin/Roman,0,1
Valerius,Male,Latin/Roman,0,1
Aina,Female,Latvian/Latgalian,0,3
Anita,Female,Latvian/Latgalian,0,3
Austra,Female,Latvian/Latgalian,0,3
Baiba,Female,Latvian/Latgalian,0,3
Dace,Female,Latvian/Latgalian,0,3
Daina,Female,Latvian/Latgalian,0,2
Elina,Female,Latvian/Latgalian,0,2
Gunta,Female,Latvian/Latgalian,0,2
Ieva,Female,Latvian/Latgalian,0,2
Ilga,Female,Latvian/Latgalian,0,2
Ilze,Female,Latvian/Latgalian,0,2
Inese,Female,Latvian/Latgalian,0,2
Laima,Female,Latvian/Latgalian,0,2
Liga,Female,Latvian/Latgalian,0,2
Mara,Female,Latvian/Latgalian,0,2
Rasma,Female,Latvian/Latgalian,0,1
Ruta,Female,Latvian/Latgalian,0,1
Sarma,Female,Latvian/Latgalian,0,1
Saule,Female,Latvian/Latgalian,0,1
Vaira,Female,Latvian/Latgalian,0,1
Velga,Female,Latvian/Latgalian,0,1
Zane,Female,Latvian/Latgalian,0,1
Zieda,Female,Latvian/Latgalian,0,1
Aivars,Male,Latvian/Latgalian,0,3
Andris,Male,Latvian/Latgalian,0,3
Ansis,Male,Latvian/Latgalian,0,3
Auseklis,Male,Latvian/Latgalian,0,3
Dainis,Male,Latvian/Latgalian,0,3
Edgars,Male,Latvian/Latgalian,0,2
Eriks,Male,Latvian/Latgalian,0,2
Gatis,Male,Latvian/Latgalian,0,2
Gunars,Male,Latvian/Latgalian,0,2
Imants,Male,Latvian/Latgalian,0,2
Janis,Male,Latvian/Latgalian,0,2
Juris,Male,Latvian/Latgalian,0,2
Karlis,Male,Latvian/Latgalian,0,2
Kristaps,Male,Latvian/Latgalian,0,2
Lauris,Male,Latvian/Latgalian,0,2
Maris,Male,Latvian/Latgalian,0,1
Martins,Male,Latvian/Latgalian,0,1
Mikelis,Male,Latvian/Latgalian,0,1
Raimonds,Male,Latvian/Latgalian,0,1
Rihards,Male,Latvian/Latgalian,0,1
Toms,Male,Latvian/Latgalian,0,1
Valdis,Male,Latvian/Latgalian,0,1
Viesturs,Male,Latvian/Latgalian,0,1
Vilhelms,Male,Latvian/Latgalian,0,1
Aina,Female,Livonian,0,3
Ilze,Female,Livonian,0,3
Ira,Female,Livonian,0,3
Laima,Female,Livonian,0,3
Lelde,Female,Livonian,0,3
Liene,Female,Livonian,0,2
Liga,Female,Livonian,0,2
Mara,Female,Livonian,0,2
Milda,Female,Livonian,0,2
Randa,Female,Livonian,0,2
Ruta,Female,Livonian,0,2
Saule,Female,Livonian,0,2
Zane,Female,Livonian,0,2
Andris,Male,Livonian,0,3
Ans,Male,Livonian,0,3
Imants,Male,Livonian,0,3
Janis,Male,Livonian,0,3
Karl,Male,Livonian,0,3
Kaupo,Male,Livonian,0,2
Lembit,Male,Livonian,0,2
Matis,Male,Livonian,0,2
Mikel,Male,Livonian,0,2
Peeter,Male,Livonian,0,2
Tomas,Male,Livonian,0,2
Uldis,Male,Livonian,0,2
Valdis,Male,Livonian,0,2
Vili,Male,Livonian,0,2
Yri,Male,Livonian,0,2
Adelperga,Female,Lombard,0,3
Ansa,Female,Lombard,0,3
Gailana,Female,Lombard,0,3
Gambara,Female,Lombard,0,3
Gundeperga,Female,Lombard,0,3
Gundrada,Female,Lombard,0,2
Rodelinda,Female,Lombard,0,2
Romilda,Female,Lombard,0,2
Theodelinda,Female,Lombard,0,2
Waldrada,Female,Lombard,0,2
Wigilinda,Female,Lombard,0,2
Adaloald,Male,Lombard,0,3
Agilulf,Male,Lombard,0,3
Alboin,Male,Lombard,0,3
Ansfried,Male,Lombard,0,3
Arichis,Male,Lombard,0,3
Authari,Male,Lombard,0,2
Cunicpert,Male,Lombard,0,2
Desiderius,Male,Lombard,0,2
Droctulf,Male,Lombard,0,2
Gaidulf,Male,Lombard,0,2
Gisulf,Male,Lombard,0,2
Grimoald,Male,Lombard,0,2
Hildeprand,Male,Lombard,0,2
Liutprand,Male,Lombard,0,2
Perctarit,Male,Lombard,0,2
Radoald,Male,Lombard,0,1
Ratchis,Male,Lombard,0,1
Rothari,Male,Lombard,0,1
Sundrarit,Male,Lombard,0,1
Tasso,Male,Lombard,0,1
Wacho,Male,Lombard,0,1
Apla,Female,Messapic,0,3
Artia,Female,Messapic,0,3
Blasa,Female,Messapic,0,3
Dazima,Female,Messapic,0,3
Dazona,Female,Messapic,0,3
Lahona,Female,Messapic,0,2
Menzana,Female,Messapic,0,2
Platora,Female,Messapic,0,2
Rudia,Female,Messapic,0,2
Tatora,Female,Messapic,0,2
Venasa,Female,Messapic,0,2
Zisa,Female,Messapic,0,2
Aplis,Male,Messapic,0,3
Arthas,Male,Messapic,0,3
Blaesus,Male,Messapic,0,3
Dazimos,Male,Messapic,0,3
Dazohon,Male,Messapic,0,3
Dazomas,Male,Messapic,0,2
Dazopos,Male,Messapic,0,2
Lahona,Male,Messapic,0,2
Menzana,Male,Messapic,0,2
Plator,Male,Messapic,0,2
Rudiae,Male,Messapic,0,2
Tator,Male,Messapic,0,2
Theotor,Male,Messapic,0,2
Venas,Male,Messapic,0,2
Zis,Male,Messapic,0,2
Lisebette,Female,Middle Dutch,0,42
Aleydis,Female,Middle Dutch,0,36
Gertrudis,Female,Middle Dutch,0,16
Katerina,Female,Middle Dutch,0,15
Mabelie,Female,Middle Dutch,0,12
Aghete,Female,Middle Dutch,0,11
Mette,Female,Middle Dutch,0,11
Beatrice,Female,Middle Dutch,0,10
Aue,Female,Middle Dutch,0,9
Marie,Female,Middle Dutch,0,9
Tetta,Female,Middle Dutch,0,9
Agnes,Female,Middle Dutch,0,8
Sophia,Female,Middle Dutch,0,8
Auesoete,Female,Middle Dutch,0,7
Berta,Female,Middle Dutch,0,7
Heile,Female,Middle Dutch,0,7
Heylewigis,Female,Middle Dutch,0,6
Clementia,Female,Middle Dutch,0,5
Ermegardis,Female,Middle Dutch,0,5
Hildegardis,Female,Middle Dutch,0,5
Kerstine,Female,Middle Dutch,0,5
Lutghardis,Female,Middle Dutch,0,5
Machtilden,Female,Middle Dutch,0,5
Yda,Female,Middle Dutch,0,5
Baua,Female,Middle Dutch,0,4
Ghela,Female,Middle Dutch,0,4
Itsburgis,Female,Middle Dutch,0,4
Nannen,Female,Middle Dutch,0,4
Thedwi,Female,Middle Dutch,0,4
Jute,Female,Middle Dutch,0,3
Nellen,Female,Middle Dutch,0,3
Oda,Female,Middle Dutch,0,3
Segherarden,Female,Middle Dutch,0,3
Siburgis,Female,Middle Dutch,0,3
Soeten,Female,Middle Dutch,0,3
Wendelmodis,Female,Middle Dutch,0,3
Alene,Female,Middle Dutch,0,2
Amalburga,Female,Middle Dutch,0,2
Badeloghen,Female,Middle Dutch,0,2
Douwen,Female,Middle Dutch,0,2
Flore,Female,Middle Dutch,0,2
Folqui,Female,Middle Dutch,0,2
Gertruid,Female,Middle Dutch,0,2
Gheertrud,Female,Middle Dutch,0,2
Ghertrude,Female,Middle Dutch,0,2
Imma,Female,Middle Dutch,0,2
Imsoete,Female,Middle Dutch,0,2
Meynseth,Female,Middle Dutch,0,2
Pietersen,Female,Middle Dutch,0,2
Reynildis,Female,Middle Dutch,0,2
Reynwi,Female,Middle Dutch,0,2
Saxiardis,Female,Middle Dutch,0,2
Sybillia,Female,Middle Dutch,0,2
Truden,Female,Middle Dutch,0,2
Uergina,Female,Middle Dutch,0,2
Verthwi,Female,Middle Dutch,0,2
Achate,Female,Middle Dutch,0,1
Adelice,Female,Middle Dutch,0,1
Adelisa,Female,Middle Dutch,0,1
Adelise,Female,Middle Dutch,0,1
Aelidis,Female,Middle Dutch,0,1
Aghata,Female,Middle Dutch,0,1
Aghate,Female,Middle Dutch,0,1
Aghte,Female,Middle Dutch,0,1
Agneti,Female,Middle Dutch,0,1
Aleberna,Female,Middle Dutch,0,1
Aleide,Female,Middle Dutch,0,1
Aleidis,Female,Middle Dutch,0,1
Aleit,Female,Middle Dutch,0,1
Aleyd,Female,Middle Dutch,0,1
Aleyden,Female,Middle Dutch,0,1
Aleyt,Female,Middle Dutch,0,1
Alisa,Female,Middle Dutch,0,1
Alise,Female,Middle Dutch,0,1
Alretieren,Female,Middle Dutch,0,1
Alye,Female,Middle Dutch,0,1
Amelgeir,Female,Middle Dutch,0,1
Atghardis,Female,Middle Dutch,0,1
Auasoeta,Female,Middle Dutch,0,1
Auuezoete,Female,Middle Dutch,0,1
Auzilie,Female,Middle Dutch,0,1
Avesoeten,Female,Middle Dutch,0,1
Avesoten,Female,Middle Dutch,0,1
Badelogen,Female,Middle Dutch,0,1
Bata,Female,Middle Dutch,0,1
Baue,Female,Middle Dutch,0,1
Bazelis,Female,Middle Dutch,0,1
Beatrijs,Female,Middle Dutch,0,1
Beatrix,Female,Middle Dutch,0,1
Bela,Female,Middle Dutch,0,1
Bele,Female,Middle Dutch,0,1
Berte,Female,Middle Dutch,0,1
Bertrade,Female,Middle Dutch,0,1
Bette,Female,Middle Dutch,0,1
Bre,Female,Middle Dutch,0,1
Brechtlent,Female,Middle Dutch,0,1
Breghlent,Female,Middle Dutch,0,1
Breghta,Female,Middle Dutch,0,1
Brundonis,Female,Middle Dutch,0,1
Cecilia,Female,Middle Dutch,0,1
Cecilie,Female,Middle Dutch,0,1
Clara,Female,Middle Dutch,0,1
Clemense,Female,Middle Dutch,0,1
Clementie,Female,Middle Dutch,0,1
Clemma,Female,Middle Dutch,0,1
Cofte,Female,Middle Dutch,0,1
Cristine,Female,Middle Dutch,0,1
Didwien,Female,Middle Dutch,0,1
Diedewien,Female,Middle Dutch,0,1
Diedvie,Female,Middle Dutch,0,1
Diedwien,Female,Middle Dutch,0,1
Diewien,Female,Middle Dutch,0,1
Diewiven,Female,Middle Dutch,0,1
Duue,Female,Middle Dutch,0,1
Edela,Female,Middle Dutch,0,1
Eingeliadis,Female,Middle Dutch,0,1
Elisabeth,Female,Middle Dutch,0,1
Elizabeth,Female,Middle Dutch,0,1
Elyzabet,Female,Middle Dutch,0,1
Emgelberna,Female,Middle Dutch,0,1
Emmelina,Female,Middle Dutch,0,1
Erkenradis,Female,Middle Dutch,0,1
Ermergardis,Female,Middle Dutch,0,1
Ermerut,Female,Middle Dutch,0,1
Ermgaert,Female,Middle Dutch,0,1
Esa,Female,Middle Dutch,0,1
Euffemia,Female,Middle Dutch,0,1
Florie,Female,Middle Dutch,0,1
Geile,Female,Middle Dutch,0,1
Gele,Female,Middle Dutch,0,1
Gerburgis,Female,Middle Dutch,0,1
Gheesen,Female,Middle Dutch,0,1
Gheile,Female,Middle Dutch,0,1
Gheilenlen,Female,Middle Dutch,0,1
Gheionis,Female,Middle Dutch,0,1
Ghele,Female,Middle Dutch,0,1
Gheyonis,Female,Middle Dutch,0,1
Ghodelde,Female,Middle Dutch,0,1
Ghoudekinen,Female,Middle Dutch,0,1
Gisele,Female,Middle Dutch,0,1
Gloria,Female,Middle Dutch,0,1
Godeweris,Female,Middle Dutch,0,1
Grieta,Female,Middle Dutch,0,1
Griete,Female,Middle Dutch,0,1
Grite,Female,Middle Dutch,0,1
Hadewidis,Female,Middle Dutch,0,1
Hadewigis,Female,Middle Dutch,0,1
Haduigis,Female,Middle Dutch,0,1
Haedvien,Female,Middle Dutch,0,1
Haedwien,Female,Middle Dutch,0,1
Halene,Female,Middle Dutch,0,1
Hawien,Female,Middle Dutch,0,1
Heille,Female,Middle Dutch,0,1
Heilsota,Female,Middle Dutch,0,1
Helewigis,Female,Middle Dutch,0,1
Helwigis,Female,Middle Dutch,0,1
Helyana,Female,Middle Dutch,0,1
Hersewindis,Female,Middle Dutch,0,1
Heylwegis,Female,Middle Dutch,0,1
Hildeburgis,Female,Middle Dutch,0,1
Hilduardis,Female,Middle Dutch,0,1
Hilla,Female,Middle Dutch,0,1
Hille,Female,Middle Dutch,0,1
Hodine,Female,Middle Dutch,0,1
Hylle,Female,Middle Dutch,0,1
Iseburgis,Female,Middle Dutch,0,1
Iutta,Female,Middle Dutch,0,1
Jacomin,Female,Middle Dutch,0,1
Jmzoete,Female,Middle Dutch,0,1
Juen,Female,Middle Dutch,0,1
Kateline,Female,Middle Dutch,0,1
Katerine,Female,Middle Dutch,0,1
Katrine,Female,Middle Dutch,0,1
Kristina,Female,Middle Dutch,0,1
Kristine,Female,Middle Dutch,0,1
Laysen,Female,Middle Dutch,0,1
Lelien,Female,Middle Dutch,0,1
Lenildis,Female,Middle Dutch,0,1
Liedelde,Female,Middle Dutch,0,1
Lielde,Female,Middle Dutch,0,1
Ligardis,Female,Middle Dutch,0,1
Lisbette,Female,Middle Dutch,0,1
Lisebetta,Female,Middle Dutch,0,1
Lisen,Female,Middle Dutch,0,1
Liudburgis,Female,Middle Dutch,0,1
Lizebette,Female,Middle Dutch,0,1
Luitgharden,Female,Middle Dutch,0,1
Lysa,Female,Middle Dutch,0,1
Lysebette,Female,Middle Dutch,0,1
Lysen,Female,Middle Dutch,0,1
Maba,Female,Middle Dutch,0,1
Maben,Female,Middle Dutch,0,1
Mabilia,Female,Middle Dutch,0,1
Machtelden,Female,Middle Dutch,0,1
Magrite,Female,Middle Dutch,0,1
Magthildis,Female,Middle Dutch,0,1
Marcibilia,Female,Middle Dutch,0,1
Margareta,Female,Middle Dutch,0,1
Margarite,Female,Middle Dutch,0,1
Margreta,Female,Middle Dutch,0,1
Margriete,Female,Middle Dutch,0,1
Mariin,Female,Middle Dutch,0,1
Marisseis,Female,Middle Dutch,0,1
Mathildis,Female,Middle Dutch,0,1
Matilde,Female,Middle Dutch,0,1
Menoldis,Female,Middle Dutch,0,1
Mense,Female,Middle Dutch,0,1
Menseth,Female,Middle Dutch,0,1
Meregriete,Female,Middle Dutch,0,1
Mergriete,Female,Middle Dutch,0,1
Merin,Female,Middle Dutch,0,1
Metta,Female,Middle Dutch,0,1
Meyen,Female,Middle Dutch,0,1
Minneke,Female,Middle Dutch,0,1
Moerseil,Female,Middle Dutch,0,1
Nancke,Female,Middle Dutch,0,1
Naneke,Female,Middle Dutch,0,1
Natelien,Female,Middle Dutch,0,1
Necen,Female,Middle Dutch,0,1
Nese,Female,Middle Dutch,0,1
Nete,Female,Middle Dutch,0,1
Nimme,Female,Middle Dutch,0,1
Ode,Female,Middle Dutch,0,1
Oderada,Female,Middle Dutch,0,1
Perien,Female,Middle Dutch,0,1
Pernele,Female,Middle Dutch,0,1
Rabburgis,Female,Middle Dutch,0,1
Remsindis,Female,Middle Dutch,0,1
Reymodis,Female,Middle Dutch,0,1
Ricmoden,Female,Middle Dutch,0,1
Rycaldis,Female,Middle Dutch,0,1
Salome,Female,Middle Dutch,0,1
Sara,Female,Middle Dutch,0,1
Sarre,Female,Middle Dutch,0,1
Saswe,Female,Middle Dutch,0,1
Scilla,Female,Middle Dutch,0,1
Segherdins,Female,Middle Dutch,0,1
Sipper,Female,Middle Dutch,0,1
Siwa,Female,Middle Dutch,0,1
Soetin,Female,Middle Dutch,0,1
Sophyen,Female,Middle Dutch,0,1
Suaneka,Female,Middle Dutch,0,1
Swaneke,Female,Middle Dutch,0,1
Sybillie,Female,Middle Dutch,0,1
Syborghe,Female,Middle Dutch,0,1
Syburgis,Female,Middle Dutch,0,1
Sydradis,Female,Middle Dutch,0,1
Sywi,Female,Middle Dutch,0,1
Teta,Female,Middle Dutch,0,1
Trame,Female,Middle Dutch,0,1
Trisen,Female,Middle Dutch,0,1
Ude,Female,Middle Dutch,0,1
Verghina,Female,Middle Dutch,0,1
Verkateline,Female,Middle Dutch,0,1
Verlisbete,Female,Middle Dutch,0,1
Verlisebette,Female,Middle Dutch,0,1
Vermagriete,Female,Middle Dutch,0,1
Vermergriete,Female,Middle Dutch,0,1
Vivien,Female,Middle Dutch,0,1
Volcwiif,Female,Middle Dutch,0,1
Volqui,Female,Middle Dutch,0,1
Volquiven,Female,Middle Dutch,0,1
Volwi,Female,Middle Dutch,0,1
Vreile,Female,Middle Dutch,0,1
Walburgis,Female,Middle Dutch,0,1
Waldrada,Female,Middle Dutch,0,1
Weindelmode,Female,Middle Dutch,0,1
Wijfgode,Female,Middle Dutch,0,1
Wijfgoeden,Female,Middle Dutch,0,1
Woltwigis,Female,Middle Dutch,0,1
Yde,Female,Middle Dutch,0,1
Ymmekine,Female,Middle Dutch,0,1
Ysabella,Female,Middle Dutch,0,1
Zegheraden,Female,Middle Dutch,0,1
Zoetiin,Female,Middle Dutch,0,1
Zuanelt,Female,Middle Dutch,0,1
Jan,Male,Middle Dutch,0,394
Willem,Male,Middle Dutch,0,245
Henric,Male,Middle Dutch,0,213
Didderic,Male,Middle Dutch,0,141
Wouter,Male,Middle Dutch,0,140
Gerart,Male,Middle Dutch,0,129
Arnoud,Male,Middle Dutch,0,105
Clais,Male,Middle Dutch,0,103
Boidin,Male,Middle Dutch,0,97
Jacob,Male,Middle Dutch,0,79
Gilis,Male,Middle Dutch,0,63
Hughe,Male,Middle Dutch,0,57
Pieter,Male,Middle Dutch,0,54
Gosuinus,Male,Middle Dutch,0,46
Symon,Male,Middle Dutch,0,46
Ghisebrecht,Male,Middle Dutch,0,40
Herman,Male,Middle Dutch,0,28
Rodolf,Male,Middle Dutch,0,27
Godefridus,Male,Middle Dutch,0,23
Daniel,Male,Middle Dutch,0,22
Lambrecht,Male,Middle Dutch,0,22
Euerardus,Male,Middle Dutch,0,21
Thieleman,Male,Middle Dutch,0,21
Florens,Male,Middle Dutch,0,20
Alard,Male,Middle Dutch,0,19
Arnulphus,Male,Middle Dutch,0,19
Mattheus,Male,Middle Dutch,0,18
Reynerus,Male,Middle Dutch,0,18
Frethericus,Male,Middle Dutch,0,17
Kerstiaen,Male,Middle Dutch,0,17
Ludolphus,Male,Middle Dutch,0,17
Stephanus,Male,Middle Dutch,0,17
Robbrecht,Male,Middle Dutch,0,16
Thomas,Male,Middle Dutch,0,16
Albertus,Male,Middle Dutch,0,15
Engelbertus,Male,Middle Dutch,0,15
Isbrandus,Male,Middle Dutch,0,15
Otto,Male,Middle Dutch,0,15
Philips,Male,Middle Dutch,0,15
Soi,Male,Middle Dutch,0,14
Bernardus,Male,Middle Dutch,0,13
Egbertus,Male,Middle Dutch,0,13
Ghodscalc,Male,Middle Dutch,0,13
Martin,Male,Middle Dutch,0,13
Pauels,Male,Middle Dutch,0,13
Segher,Male,Middle Dutch,0,13
Laurens,Male,Middle Dutch,0,12
Rase,Male,Middle Dutch,0,11
Conrad,Male,Middle Dutch,0,10
Eustacius,Male,Middle Dutch,0,10
Michiel,Male,Middle Dutch,0,10
Oliuerus,Male,Middle Dutch,0,10
Rutgerus,Male,Middle Dutch,0,10
Andreas,Male,Middle Dutch,0,8
Bartholomeus,Male,Middle Dutch,0,8
Dodo,Male,Middle Dutch,0,8
Folcard,Male,Middle Dutch,0,8
Lubertus,Male,Middle Dutch,0,7
Marcilius,Male,Middle Dutch,0,7
Poppo,Male,Middle Dutch,0,7
Wellinus,Male,Middle Dutch,0,7
Bertoldus,Male,Middle Dutch,0,6
Elyas?,Male,Middle Dutch,0,6
Franco,Male,Middle Dutch,0,6
Gheynekine,Male,Middle Dutch,0,6
Iordanus,Male,Middle Dutch,0,6
Remboldus,Male,Middle Dutch,0,6
Sibrando,Male,Middle Dutch,0,6
Vastraid,Male,Middle Dutch,0,6
Willekine,Male,Middle Dutch,0,6
Ysewin,Male,Middle Dutch,0,6
Adolfus,Male,Middle Dutch,0,5
Amilius,Male,Middle Dutch,0,5
Folpertus,Male,Middle Dutch,0,5
Otger,Male,Middle Dutch,0,5
Sygerus,Male,Middle Dutch,0,5
Tielekine,Male,Middle Dutch,0,5
Werenboud,Male,Middle Dutch,0,5
Alebaren,Male,Middle Dutch,0,4
Alem,Male,Middle Dutch,0,4
Alwar,Male,Middle Dutch,0,4
Arnekin,Male,Middle Dutch,0,4
Barwoud,Male,Middle Dutch,0,4
Brun,Male,Middle Dutch,0,4
Enekonus,Male,Middle Dutch,0,4
Gerlacus,Male,Middle Dutch,0,4
Ghisele,Male,Middle Dutch,0,4
Gisekin,Male,Middle Dutch,0,4
Heinone,Male,Middle Dutch,0,4
Hubrecht,Male,Middle Dutch,0,4
Ingel,Male,Middle Dutch,0,4
Ino,Male,Middle Dutch,0,4
Lammekin,Male,Middle Dutch,0,4
Mense,Male,Middle Dutch,0,4
Nanne,Male,Middle Dutch,0,4
Pelegrim,Male,Middle Dutch,0,4
Thezonus,Male,Middle Dutch,0,4
Wigherus,Male,Middle Dutch,0,4
Woutgerus,Male,Middle Dutch,0,4
Ancelmus,Male,Middle Dutch,0,3
Batten,Male,Middle Dutch,0,3
Betten,Male,Middle Dutch,0,3
Bodekine,Male,Middle Dutch,0,3
Diddekin,Male,Middle Dutch,0,3
Fays,Male,Middle Dutch,0,3
Folkero,Male,Middle Dutch,0,3
Gheram,Male,Middle Dutch,0,3
Havix,Male,Middle Dutch,0,3
Justaes,Male,Middle Dutch,0,3
Kornillis,Male,Middle Dutch,0,3
Lennot,Male,Middle Dutch,0,3
Lieuin,Male,Middle Dutch,0,3
Loduicus,Male,Middle Dutch,0,3
Rampe,Male,Middle Dutch,0,3
Reymar,Male,Middle Dutch,0,3
Reynold,Male,Middle Dutch,0,3
Sanders,Male,Middle Dutch,0,3
Veder,Male,Middle Dutch,0,3
Vroeden,Male,Middle Dutch,0,3
wasseliin,Male,Middle Dutch,0,3
Wederic,Male,Middle Dutch,0,3
Willai,Male,Middle Dutch,0,3
Wlfarde,Male,Middle Dutch,0,3
Wolbrand,Male,Middle Dutch,0,3
Abelkijn,Male,Middle Dutch,0,2
Adam,Male,Middle Dutch,0,2
Alwin,Male,Middle Dutch,0,2
Anthonius,Male,Middle Dutch,0,2
Arnst,Male,Middle Dutch,0,2
Bobone,Male,Middle Dutch,0,2
Bollarde,Male,Middle Dutch,0,2
Brandekijn,Male,Middle Dutch,0,2
Cesarius,Male,Middle Dutch,0,2
Clarebout,Male,Middle Dutch,0,2
Dauid,Male,Middle Dutch,0,2
Euerocker,Male,Middle Dutch,0,2
Everdey,Male,Middle Dutch,0,2
Eylwardo,Male,Middle Dutch,0,2
Geykonis,Male,Middle Dutch,0,2
Gheeneman,Male,Middle Dutch,0,2
Gherbrandus,Male,Middle Dutch,0,2
Gherolf,Male,Middle Dutch,0,2
Ghiselijn,Male,Middle Dutch,0,2
God,Male,Middle Dutch,0,2
Hardenbernus,Male,Middle Dutch,0,2
Heinkin,Male,Middle Dutch,0,2
Hetselo,Male,Middle Dutch,0,2
Hildebrandus,Male,Middle Dutch,0,2
Jois,Male,Middle Dutch,0,2
Jonas,Male,Middle Dutch,0,2
Lucas,Male,Middle Dutch,0,2
Meynolphus,Male,Middle Dutch,0,2
Mourin,Male,Middle Dutch,0,2
Moys,Male,Middle Dutch,0,2
Paradanus,Male,Middle Dutch,0,2
Rembrecht,Male,Middle Dutch,0,2
Remdo,Male,Middle Dutch,0,2
Reuro,Male,Middle Dutch,0,2
Ringot,Male,Middle Dutch,0,2
Salomon,Male,Middle Dutch,0,2
Seukinus,Male,Middle Dutch,0,2
Siccone,Male,Middle Dutch,0,2
Thidboldus,Male,Middle Dutch,0,2
Tiedeman,Male,Middle Dutch,0,2
Vesse,Male,Middle Dutch,0,2
Walic,Male,Middle Dutch,0,2
Wein,Male,Middle Dutch,0,2
Wernerus,Male,Middle Dutch,0,2
Wolfraem,Male,Middle Dutch,0,2
Abben,Male,Middle Dutch,0,1
Adolphus,Male,Middle Dutch,0,1
Adone,Male,Middle Dutch,0,1
Aernout,Male,Middle Dutch,0,1
Agberto,Male,Middle Dutch,0,1
Airnt,Male,Middle Dutch,0,1
Alaert,Male,Middle Dutch,0,1
Alamus,Male,Middle Dutch,0,1
Alart,Male,Middle Dutch,0,1
Alberone,Male,Middle Dutch,0,1
Aldulfo,Male,Middle Dutch,0,1
Alebernus,Male,Middle Dutch,0,1
Alebertus,Male,Middle Dutch,0,1
Alebrando,Male,Middle Dutch,0,1
Alebrecht,Male,Middle Dutch,0,1
Alewinus,Male,Middle Dutch,0,1
Alvericus,Male,Middle Dutch,0,1
Alwair,Male,Middle Dutch,0,1
Amelgeir,Male,Middle Dutch,0,1
Amelis,Male,Middle Dutch,0,1
Amisius,Male,Middle Dutch,0,1
Ancelin,Male,Middle Dutch,0,1
Andries,Male,Middle Dutch,0,1
Annekinus,Male,Middle Dutch,0,1
Annekonis,Male,Middle Dutch,0,1
Anselmi,Male,Middle Dutch,0,1
Aper,Male,Middle Dutch,0,1
Arnest,Male,Middle Dutch,0,1
Arnold,Male,Middle Dutch,0,1
Arnoudekine,Male,Middle Dutch,0,1
Arnout,Male,Middle Dutch,0,1
Arnuldo,Male,Middle Dutch,0,1
Arst,Male,Middle Dutch,0,1
Artus,Male,Middle Dutch,0,1
Ase,Male,Middle Dutch,0,1
Assceric,Male,Middle Dutch,0,1
Baldewin,Male,Middle Dutch,0,1
Balduinus,Male,Middle Dutch,0,1
Baldwinus,Male,Middle Dutch,0,1
Barnarde,Male,Middle Dutch,0,1
Barnart,Male,Middle Dutch,0,1
Barthelmeus,Male,Middle Dutch,0,1
Bartholdus,Male,Middle Dutch,0,1
Bartholmeuse,Male,Middle Dutch,0,1
Bartoude,Male,Middle Dutch,0,1
Bartrarde,Male,Middle Dutch,0,1
Bel,Male,Middle Dutch,0,1
Bernart,Male,Middle Dutch,0,1
Bernero,Male,Middle Dutch,0,1
Bertelmeuse,Male,Middle Dutch,0,1
Bertholdus,Male,Middle Dutch,0,1
Bertout,Male,Middle Dutch,0,1
Berwoldus,Male,Middle Dutch,0,1
Blankard,Male,Middle Dutch,0,1
Blomart,Male,Middle Dutch,0,1
Bodijn,Male,Middle Dutch,0,1
Bodwine,Male,Middle Dutch,0,1
Boidekinus,Male,Middle Dutch,0,1
Boidiin,Male,Middle Dutch,0,1
Boidijn,Male,Middle Dutch,0,1
Bolonis,Male,Middle Dutch,0,1
Bottekine,Male,Middle Dutch,0,1
Boud,Male,Middle Dutch,0,1
Boudekin,Male,Middle Dutch,0,1
Boudekine,Male,Middle Dutch,0,1
Bouden,Male,Middle Dutch,0,1
Boudenkin,Male,Middle Dutch,0,1
Boudin,Male,Middle Dutch,0,1
Bouduin,Male,Middle Dutch,0,1
Bouen,Male,Middle Dutch,0,1
Boydekinus,Male,Middle Dutch,0,1
Boydewino,Male,Middle Dutch,0,1
Boydijn,Male,Middle Dutch,0,1
Boydine,Male,Middle Dutch,0,1
Boyt,Male,Middle Dutch,0,1
Brame,Male,Middle Dutch,0,1
Breghtgherus,Male,Middle Dutch,0,1
Bruno,Male,Middle Dutch,0,1
Buedin,Male,Middle Dutch,0,1
Buedine,Male,Middle Dutch,0,1
Buedyne,Male,Middle Dutch,0,1
Buete,Male,Middle Dutch,0,1
Butsel,Male,Middle Dutch,0,1
Cats,Male,Middle Dutch,0,1
Cerstian,Male,Middle Dutch,0,1
Christianus,Male,Middle Dutch,0,1
Cizarijs,Male,Middle Dutch,0,1
Claes,Male,Middle Dutch,0,1
Claies,Male,Middle Dutch,0,1
Clareboude,Male,Middle Dutch,0,1
Clasekine,Male,Middle Dutch,0,1
Claus,Male,Middle Dutch,0,1
Claward,Male,Middle Dutch,0,1
Clays,Male,Middle Dutch,0,1
Clemmam,Male,Middle Dutch,0,1
Coclike,Male,Middle Dutch,0,1
Coeke,Male,Middle Dutch,0,1
Coekelin,Male,Middle Dutch,0,1
Coenradus,Male,Middle Dutch,0,1
Cokelin,Male,Middle Dutch,0,1
Colijn,Male,Middle Dutch,0,1
Colimus,Male,Middle Dutch,0,1
Colin,Male,Middle Dutch,0,1
Conrado,Male,Middle Dutch,0,1
Conrardus,Male,Middle Dutch,0,1
Conrart,Male,Middle Dutch,0,1
Conzone,Male,Middle Dutch,0,1
Copparde,Male,Middle Dutch,0,1
Coppekine,Male,Middle Dutch,0,1
Coppesoeten,Male,Middle Dutch,0,1
Coppijn,Male,Middle Dutch,0,1
Coppyne,Male,Middle Dutch,0,1
Copsoeten,Male,Middle Dutch,0,1
Corstans,Male,Middle Dutch,0,1
Costan,Male,Middle Dutch,0,1
Costine,Male,Middle Dutch,0,1
Cristianus,Male,Middle Dutch,0,1
Cristinus,Male,Middle Dutch,0,1
Curdiin,Male,Middle Dutch,0,1
Dammas,Male,Middle Dutch,0,1
Daneel,Male,Middle Dutch,0,1
Daneil,Male,Middle Dutch,0,1
Danekin,Male,Middle Dutch,0,1
Danel,Male,Middle Dutch,0,1
Danyel,Male,Middle Dutch,0,1
Dauijd,Male,Middle Dutch,0,1
Deddo,Male,Middle Dutch,0,1
Deghen,Male,Middle Dutch,0,1
Denijs,Male,Middle Dutch,0,1
Dibboud,Male,Middle Dutch,0,1
Didde,Male,Middle Dutch,0,1
Didderik,Male,Middle Dutch,0,1
Diddric,Male,Middle Dutch,0,1
Dideric,Male,Middle Dutch,0,1
Didewar,Male,Middle Dutch,0,1
Diederic,Male,Middle Dutch,0,1
Diederich,Male,Middle Dutch,0,1
Diedericx,Male,Middle Dutch,0,1
Diederijc,Male,Middle Dutch,0,1
Diederike,Male,Middle Dutch,0,1
Diederjc,Male,Middle Dutch,0,1
Diedric,Male,Middle Dutch,0,1
Diet,Male,Middle Dutch,0,1
Dieuel,Male,Middle Dutch,0,1
Dirkino,Male,Middle Dutch,0,1
Diudo,Male,Middle Dutch,0,1
Dodekin,Male,Middle Dutch,0,1
Dodijn,Male,Middle Dutch,0,1
Dodin,Male,Middle Dutch,0,1
Dodone,Male,Middle Dutch,0,1
Doedekijn,Male,Middle Dutch,0,1
Doedekin,Male,Middle Dutch,0,1
Doemaas,Male,Middle Dutch,0,1
Domaes,Male,Middle Dutch,0,1
Domas,Male,Middle Dutch,0,1
Domayse,Male,Middle Dutch,0,1
Dries,Male,Middle Dutch,0,1
Duker,Male,Middle Dutch,0,1
Dybben,Male,Middle Dutch,0,1
Dydderic,Male,Middle Dutch,0,1
Dyderic,Male,Middle Dutch,0,1
Ecbertus,Male,Middle Dutch,0,1
Eckbertus,Male,Middle Dutch,0,1
Eelbout,Male,Middle Dutch,0,1
Eggerdus,Male,Middle Dutch,0,1
Egghebrecht,Male,Middle Dutch,0,1
Eghenonis,Male,Middle Dutch,0,1
Eingelberto,Male,Middle Dutch,0,1
Elberino,Male,Middle Dutch,0,1
Elias,Male,Middle Dutch,0,1
Eligius,Male,Middle Dutch,0,1
Ellic,Male,Middle Dutch,0,1
Eltato,Male,Middle Dutch,0,1
Eltetus,Male,Middle Dutch,0,1
Emgebertus,Male,Middle Dutch,0,1
Emmekine,Male,Middle Dutch,0,1
Engel,Male,Middle Dutch,0,1
Enghel,Male,Middle Dutch,0,1
Enghelbrechs,Male,Middle Dutch,0,1
Enghelbrecht,Male,Middle Dutch,0,1
Enone,Male,Middle Dutch,0,1
Enonis,Male,Middle Dutch,0,1
Eremboldus,Male,Middle Dutch,0,1
Erenboede,Male,Middle Dutch,0,1
Eueraerd,Male,Middle Dutch,0,1
Eueraert,Male,Middle Dutch,0,1
Euerart,Male,Middle Dutch,0,1
Eunekinus,Male,Middle Dutch,0,1
Eustatius,Male,Middle Dutch,0,1
Evekonem,Male,Middle Dutch,0,1
Ever,Male,Middle Dutch,0,1
Everaed,Male,Middle Dutch,0,1
Everaerd,Male,Middle Dutch,0,1
Everaet,Male,Middle Dutch,0,1
Everard,Male,Middle Dutch,0,1
Everardt,Male,Middle Dutch,0,1
Everart,Male,Middle Dutch,0,1
Evergero,Male,Middle Dutch,0,1
Everhardo,Male,Middle Dutch,0,1
Everocker,Male,Middle Dutch,0,1
Everyng,Male,Middle Dutch,0,1
Fastrado,Male,Middle Dutch,0,1
Faytop,Male,Middle Dutch,0,1
Fellen,Male,Middle Dutch,0,1
firiin,Male,Middle Dutch,0,1
Florence,Male,Middle Dutch,0,1
Florentius,Male,Middle Dutch,0,1
Fokko,Male,Middle Dutch,0,1
Folcardingh,Male,Middle Dutch,0,1
Folkerd,Male,Middle Dutch,0,1
Franconis,Male,Middle Dutch,0,1
Franse,Male,Middle Dutch,0,1
Frederic,Male,Middle Dutch,0,1
Fridericum,Male,Middle Dutch,0,1
Froumoldus,Male,Middle Dutch,0,1
Gabriel,Male,Middle Dutch,0,1
Galo,Male,Middle Dutch,0,1
Gaykonus,Male,Middle Dutch,0,1
Geldmaro,Male,Middle Dutch,0,1
Gelise,Male,Middle Dutch,0,1
Gelmarus,Male,Middle Dutch,0,1
Geraerd,Male,Middle Dutch,0,1
Geraert,Male,Middle Dutch,0,1
Geraldus,Male,Middle Dutch,0,1
Gerard,Male,Middle Dutch,0,1
Gerbaren,Male,Middle Dutch,0,1
Gerbrand,Male,Middle Dutch,0,1
Gerhardus,Male,Middle Dutch,0,1
Gheenekin,Male,Middle Dutch,0,1
Gheenemanne,Male,Middle Dutch,0,1
Gheerard,Male,Middle Dutch,0,1
Gheldekin,Male,Middle Dutch,0,1
Ghene,Male,Middle Dutch,0,1
Gheneken,Male,Middle Dutch,0,1
Ghenekine,Male,Middle Dutch,0,1
Ghenin,Male,Middle Dutch,0,1
Gheraert,Male,Middle Dutch,0,1
Gherard,Male,Middle Dutch,0,1
Gherart,Male,Middle Dutch,0,1
Gherbaren,Male,Middle Dutch,0,1
Gherekino,Male,Middle Dutch,0,1
Gherelm,Male,Middle Dutch,0,1
Gherlach,Male,Middle Dutch,0,1
Gherlacus,Male,Middle Dutch,0,1
Gherrart,Male,Middle Dutch,0,1
Gherung,Male,Middle Dutch,0,1
Gheuardus,Male,Middle Dutch,0,1
Ghibo,Male,Middle Dutch,0,1
Ghibonis,Male,Middle Dutch,0,1
Ghilebert,Male,Middle Dutch,0,1
Ghise,Male,Middle Dutch,0,1
Ghisekin,Male,Middle Dutch,0,1
Ghiselbertus,Male,Middle Dutch,0,1
Ghiselbrach,Male,Middle Dutch,0,1
Ghiselbrecht,Male,Middle Dutch,0,1
Ghodekin,Male,Middle Dutch,0,1
Ghodescalc,Male,Middle Dutch,0,1
Ghodevard,Male,Middle Dutch,0,1
Ghoris,Male,Middle Dutch,0,1
Ghosuinus,Male,Middle Dutch,0,1
Ghybe,Male,Middle Dutch,0,1
Ghybekijn,Male,Middle Dutch,0,1
Ghyse,Male,Middle Dutch,0,1
Ghysebrecht,Male,Middle Dutch,0,1
Ghyselberto,Male,Middle Dutch,0,1
Gieldmaro,Male,Middle Dutch,0,1
Gielijs,Male,Middle Dutch,0,1
Gielis,Male,Middle Dutch,0,1
Gielkin,Male,Middle Dutch,0,1
Gilbertus,Male,Middle Dutch,0,1
Giliese,Male,Middle Dutch,0,1
Gilijs,Male,Middle Dutch,0,1
Gillis,Male,Middle Dutch,0,1
Gisbertus,Male,Middle Dutch,0,1
Gisebrecht,Male,Middle Dutch,0,1
Giselbertus,Male,Middle Dutch,0,1
Gisele,Male,Middle Dutch,0,1
Giselinus,Male,Middle Dutch,0,1
Gobel,Male,Middle Dutch,0,1
Gode,Male,Middle Dutch,0,1
Godefrido,Male,Middle Dutch,0,1
Godefroy,Male,Middle Dutch,0,1
Godelief,Male,Middle Dutch,0,1
Godescalcus,Male,Middle Dutch,0,1
Godeuaerd,Male,Middle Dutch,0,1
Godeueren,Male,Middle Dutch,0,1
Godeuert,Male,Middle Dutch,0,1
Godevaert,Male,Middle Dutch,0,1
Godeverde,Male,Middle Dutch,0,1
Godino,Male,Middle Dutch,0,1
Goedeuert,Male,Middle Dutch,0,1
Goesiin,Male,Middle Dutch,0,1
Goesin,Male,Middle Dutch,0,1
Goeskin,Male,Middle Dutch,0,1
Gosewinus,Male,Middle Dutch,0,1
Gosijn,Male,Middle Dutch,0,1
Gosin,Male,Middle Dutch,0,1
Gossewinus,Male,Middle Dutch,0,1
Gossuinus,Male,Middle Dutch,0,1
Gosv,Male,Middle Dutch,0,1
Grote,Male,Middle Dutch,0,1
Guido,Male,Middle Dutch,0,1
Hacko,Male,Middle Dutch,0,1
Haghen,Male,Middle Dutch,0,1
Hako,Male,Middle Dutch,0,1
Hanne,Male,Middle Dutch,0,1
Hanneken,Male,Middle Dutch,0,1
Hannekine,Male,Middle Dutch,0,1
Hanneman,Male,Middle Dutch,0,1
Hannin,Male,Middle Dutch,0,1
Harderico,Male,Middle Dutch,0,1
Harlo,Male,Middle Dutch,0,1
Harman,Male,Middle Dutch,0,1
Harmant,Male,Middle Dutch,0,1
Harnoude,Male,Middle Dutch,0,1
Hartbernen,Male,Middle Dutch,0,1
Hatebrandus,Male,Middle Dutch,0,1
Heideric,Male,Middle Dutch,0,1
Heillam,Male,Middle Dutch,0,1
Heine,Male,Middle Dutch,0,1
Heinhoc,Male,Middle Dutch,0,1
Heinne,Male,Middle Dutch,0,1
Heinonis,Male,Middle Dutch,0,1
Heinric,Male,Middle Dutch,0,1
Heinrick,Male,Middle Dutch,0,1
Heinrijc,Male,Middle Dutch,0,1
Heinrike,Male,Middle Dutch,0,1
Heiric,Male,Middle Dutch,0,1
Helpriko,Male,Middle Dutch,0,1
Helyaes,Male,Middle Dutch,0,1
Helyase,Male,Middle Dutch,0,1
Hemo,Male,Middle Dutch,0,1
Henemanne,Male,Middle Dutch,0,1
Hennekin,Male,Middle Dutch,0,1
Henrich,Male,Middle Dutch,0,1
Herardus,Male,Middle Dutch,0,1
Herbert,Male,Middle Dutch,0,1
Herdradus,Male,Middle Dutch,0,1
Herlewijn,Male,Middle Dutch,0,1
Herlewin,Male,Middle Dutch,0,1
Hermanno,Male,Middle Dutch,0,1
Hesselli,Male,Middle Dutch,0,1
Heyman,Male,Middle Dutch,0,1
Heymanne,Male,Middle Dutch,0,1
Heyminus,Male,Middle Dutch,0,1
Heyne,Male,Middle Dutch,0,1
Heynricus,Male,Middle Dutch,0,1
Hilbrande,Male,Middle Dutch,0,1
Hildebolding,Male,Middle Dutch,0,1
Hille,Male,Middle Dutch,0,1
Hinricus,Male,Middle Dutch,0,1
Hollander,Male,Middle Dutch,0,1
Hollen,Male,Middle Dutch,0,1
Hornekinga,Male,Middle Dutch,0,1
Huecsine,Male,Middle Dutch,0,1
Huecsyne,Male,Middle Dutch,0,1
Huge,Male,Middle Dutch,0,1
Hughekine,Male,Middle Dutch,0,1
Hughelote,Male,Middle Dutch,0,1
Hugheman,Male,Middle Dutch,0,1
Huginge,Male,Middle Dutch,0,1
Hugo,Male,Middle Dutch,0,1
Huubrecht,Male,Middle Dutch,0,1
Huug,Male,Middle Dutch,0,1
Huwardo,Male,Middle Dutch,0,1
Hylonus,Male,Middle Dutch,0,1
Iacob,Male,Middle Dutch,0,1
Iacop,Male,Middle Dutch,0,1
Ian,Male,Middle Dutch,0,1
Ianne,Male,Middle Dutch,0,1
Ihoannis,Male,Middle Dutch,0,1
Ingelbertus,Male,Middle Dutch,0,1
Inghel,Male,Middle Dutch,0,1
Inghelbertus,Male,Middle Dutch,0,1
Io,Male,Middle Dutch,0,1
Iohannis,Male,Middle Dutch,0,1
Ionis,Male,Middle Dutch,0,1
Iurdaen,Male,Middle Dutch,0,1
Ivone,Male,Middle Dutch,0,1
Izuin,Male,Middle Dutch,0,1
Jaan,Male,Middle Dutch,0,1
Jacop,Male,Middle Dutch,0,1
Janne,Male,Middle Dutch,0,1
Jdir,Male,Middle Dutch,0,1
Jehan,Male,Middle Dutch,0,1
Jhan,Male,Middle Dutch,0,1
Jhoannes,Male,Middle Dutch,0,1
Jmpin,Male,Middle Dutch,0,1
Jngelbrecht,Male,Middle Dutch,0,1
Johan,Male,Middle Dutch,0,1
Johannes,Male,Middle Dutch,0,1
Johannis,Male,Middle Dutch,0,1
Jonghen,Male,Middle Dutch,0,1
Jordaan,Male,Middle Dutch,0,1
Jordaen,Male,Middle Dutch,0,1
Jsewin,Male,Middle Dutch,0,1
Jusstas,Male,Middle Dutch,0,1
Jwein,Male,Middle Dutch,0,1
Karis,Male,Middle Dutch,0,1
Kerstane,Male,Middle Dutch,0,1
Kerstans,Male,Middle Dutch,0,1
Kerstian,Male,Middle Dutch,0,1
Kolekinus,Male,Middle Dutch,0,1
Kybben,Male,Middle Dutch,0,1
Lambertus,Male,Middle Dutch,0,1
Lambrech,Male,Middle Dutch,0,1
Lammekijn,Male,Middle Dutch,0,1
Lammerecht,Male,Middle Dutch,0,1
Lammine,Male,Middle Dutch,0,1
Lamrecht,Male,Middle Dutch,0,1
Lamreht,Male,Middle Dutch,0,1
Lardies,Male,Middle Dutch,0,1
Laurein,Male,Middle Dutch,0,1
Laurencius,Male,Middle Dutch,0,1
Laurensce,Male,Middle Dutch,0,1
Laurentius,Male,Middle Dutch,0,1
Laurijn,Male,Middle Dutch,0,1
Laurin,Male,Middle Dutch,0,1
Lauwarde,Male,Middle Dutch,0,1
Lennoot,Male,Middle Dutch,0,1
Leonio,Male,Middle Dutch,0,1
Liewijn,Male,Middle Dutch,0,1
Lippin,Male,Middle Dutch,0,1
Liudolfo,Male,Middle Dutch,0,1
Liuijn,Male,Middle Dutch,0,1
Lodewyck,Male,Middle Dutch,0,1
Lodowico,Male,Middle Dutch,0,1
Loduick,Male,Middle Dutch,0,1
Lodulfus,Male,Middle Dutch,0,1
Loef,Male,Middle Dutch,0,1
Lotijn,Male,Middle Dutch,0,1
Lourens,Male,Middle Dutch,0,1
Lubbertus,Male,Middle Dutch,0,1
Luca,Male,Middle Dutch,0,1
Lucekinus,Male,Middle Dutch,0,1
Ludecone,Male,Middle Dutch,0,1
Ludingus,Male,Middle Dutch,0,1
Ludolf,Male,Middle Dutch,0,1
Ludolve,Male,Middle Dutch,0,1
Luppertus,Male,Middle Dutch,0,1
Lutbrandus,Male,Middle Dutch,0,1
Lutgeri,Male,Middle Dutch,0,1
Macharius,Male,Middle Dutch,0,1
Maelkin?,Male,Middle Dutch,0,1
Maes,Male,Middle Dutch,0,1
Makario,Male,Middle Dutch,0,1
Marcelius,Male,Middle Dutch,0,1
Marcilio,Male,Middle Dutch,0,1
Martiene,Male,Middle Dutch,0,1
Martiin,Male,Middle Dutch,0,1
Martijn,Male,Middle Dutch,0,1
Masin,Male,Middle Dutch,0,1
Matheus,Male,Middle Dutch,0,1
Mathias,Male,Middle Dutch,0,1
Mathijs,Male,Middle Dutch,0,1
Mathye,Male,Middle Dutch,0,1
Mathys,Male,Middle Dutch,0,1
Matiis,Male,Middle Dutch,0,1
Matise,Male,Middle Dutch,0,1
Matthyse,Male,Middle Dutch,0,1
Mauricius,Male,Middle Dutch,0,1
Meinoldo,Male,Middle Dutch,0,1
Melaus,Male,Middle Dutch,0,1
Melys,Male,Middle Dutch,0,1
Meneco,Male,Middle Dutch,0,1
Menicone,Male,Middle Dutch,0,1
Menzo,Male,Middle Dutch,0,1
Menzone,Male,Middle Dutch,0,1
Mevkino,Male,Middle Dutch,0,1
Mewekinus,Male,Middle Dutch,0,1
Meynolfus,Male,Middle Dutch,0,1
Mhieil,Male,Middle Dutch,0,1
Michaelis,Male,Middle Dutch,0,1
Michil,Male,Middle Dutch,0,1
Miechiel,Male,Middle Dutch,0,1
Mighiele,Male,Middle Dutch,0,1
Moeniin,Male,Middle Dutch,0,1
Moenijn,Male,Middle Dutch,0,1
Monekijn,Male,Middle Dutch,0,1
Monin,Male,Middle Dutch,0,1
Mouriinus,Male,Middle Dutch,0,1
Msarcelis,Male,Middle Dutch,0,1
Mychaeli,Male,Middle Dutch,0,1
Nannekin,Male,Middle Dutch,0,1
Nannonis,Male,Middle Dutch,0,1
Nicholais,Male,Middle Dutch,0,1
Nicholaus,Male,Middle Dutch,0,1
Niclais,Male,Middle Dutch,0,1
Niclaus,Male,Middle Dutch,0,1
Nicolai,Male,Middle Dutch,0,1
Nicolaus,Male,Middle Dutch,0,1
Niklase,Male,Middle Dutch,0,1
Nycholaus,Male,Middle Dutch,0,1
Nycolaus,Male,Middle Dutch,0,1
Ocker,Male,Middle Dutch,0,1
Oede,Male,Middle Dutch,0,1
Oliuir,Male,Middle Dutch,0,1
Olivire,Male,Middle Dutch,0,1
Olyer,Male,Middle Dutch,0,1
Olyuerus,Male,Middle Dutch,0,1
Olyuier,Male,Middle Dutch,0,1
Otgijr,Male,Middle Dutch,0,1
Otgiue,Male,Middle Dutch,0,1
Otte,Male,Middle Dutch,0,1
Ottone,Male,Middle Dutch,0,1
Oudrauen,Male,Middle Dutch,0,1
Oytgier,Male,Middle Dutch,0,1
Papen,Male,Middle Dutch,0,1
Paridaen,Male,Middle Dutch,0,1
Passelin,Male,Middle Dutch,0,1
Paulus,Male,Middle Dutch,0,1
Pauuels,Male,Middle Dutch,0,1
Pauwels,Male,Middle Dutch,0,1
Payen,Male,Middle Dutch,0,1
Pelegrinus,Male,Middle Dutch,0,1
Peligrine,Male,Middle Dutch,0,1
Peregrijm,Male,Middle Dutch,0,1
Perin,Male,Middle Dutch,0,1
Petre,Male,Middle Dutch,0,1
Petrus,Male,Middle Dutch,0,1
Philiphs,Male,Middle Dutch,0,1
Philippus,Male,Middle Dutch,0,1
Phylippus,Male,Middle Dutch,0,1
Phylips,Male,Middle Dutch,0,1
Pietre,Male,Middle Dutch,0,1
Pilips,Male,Middle Dutch,0,1
Piter,Male,Middle Dutch,0,1
Pollard,Male,Middle Dutch,0,1
Poppe,Male,Middle Dutch,0,1
Pouwels,Male,Middle Dutch,0,1
Raas,Male,Middle Dutch,0,1
Race,Male,Middle Dutch,0,1
Radewijns,Male,Middle Dutch,0,1
Radulphus,Male,Middle Dutch,0,1
Radwardo,Male,Middle Dutch,0,1
Raes,Male,Middle Dutch,0,1
Ramont,Male,Middle Dutch,0,1
Rasce,Male,Middle Dutch,0,1
Raso,Male,Middle Dutch,0,1
Rausinum,Male,Middle Dutch,0,1
Rees,Male,Middle Dutch,0,1
Reimboude,Male,Middle Dutch,0,1
Reinardus,Male,Middle Dutch,0,1
Reiner,Male,Middle Dutch,0,1
Reinerre,Male,Middle Dutch,0,1
Rejnerre,Male,Middle Dutch,0,1
Rembodus,Male,Middle Dutch,0,1
Rembrandus,Male,Middle Dutch,0,1
Remigii,Male,Middle Dutch,0,1
Renerus,Male,Middle Dutch,0,1
Renoldo,Male,Middle Dutch,0,1
Reyboude,Male,Middle Dutch,0,1
Reymbernus,Male,Middle Dutch,0,1
Reymbertus,Male,Middle Dutch,0,1
Reynier,Male,Middle Dutch,0,1
Ribrecht,Male,Middle Dutch,0,1
Richolfus,Male,Middle Dutch,0,1
Ricout,Male,Middle Dutch,0,1
Ricward,Male,Middle Dutch,0,1
Ringoot,Male,Middle Dutch,0,1
Ripperti,Male,Middle Dutch,0,1
Riquardus,Male,Middle Dutch,0,1
Rissewint,Male,Middle Dutch,0,1
Riuum,Male,Middle Dutch,0,1
Robberect,Male,Middle Dutch,0,1
Robert,Male,Middle Dutch,0,1
Robrecht,Male,Middle Dutch,0,1
Robyn,Male,Middle Dutch,0,1
Rodolff,Male,Middle Dutch,0,1
Rodolph,Male,Middle Dutch,0,1
Rodulfus,Male,Middle Dutch,0,1
Rodulphus,Male,Middle Dutch,0,1
Roeger,Male,Middle Dutch,0,1
Roelf,Male,Middle Dutch,0,1
Roelof,Male,Middle Dutch,0,1
Rogerus,Male,Middle Dutch,0,1
Rolant,Male,Middle Dutch,0,1
Rolekine,Male,Middle Dutch,0,1
Rolf,Male,Middle Dutch,0,1
Roloef,Male,Middle Dutch,0,1
Roludolph,Male,Middle Dutch,0,1
Roolf,Male,Middle Dutch,0,1
Rothger,Male,Middle Dutch,0,1
Roulf,Male,Middle Dutch,0,1
Rudolfo,Male,Middle Dutch,0,1
Rueso,Male,Middle Dutch,0,1
Rutgert,Male,Middle Dutch,0,1
Rutgherus,Male,Middle Dutch,0,1
Sameke,Male,Middle Dutch,0,1
Samuel,Male,Middle Dutch,0,1
Sanse,Male,Middle Dutch,0,1
Scenllenc,Male,Middle Dutch,0,1
Scoutekiin,Male,Middle Dutch,0,1
Seger,Male,Middle Dutch,0,1
Seghere,Male,Middle Dutch,0,1
Segre,Male,Middle Dutch,0,1
Seher,Male,Middle Dutch,0,1
Siabbo,Male,Middle Dutch,0,1
Sifridus,Male,Middle Dutch,0,1
Sigerus,Male,Middle Dutch,0,1
Sigherus,Male,Middle Dutch,0,1
Simoen,Male,Middle Dutch,0,1
Simon,Male,Middle Dutch,0,1
Snelgerus,Male,Middle Dutch,0,1
Snellard,Male,Middle Dutch,0,1
Snellart,Male,Middle Dutch,0,1
Snelle,Male,Middle Dutch,0,1
Snellekine,Male,Middle Dutch,0,1
Soikin,Male,Middle Dutch,0,1
Sois,Male,Middle Dutch,0,1
Sollen,Male,Middle Dutch,0,1
Soy,Male,Middle Dutch,0,1
splinter,Male,Middle Dutch,0,1
Staes,Male,Middle Dutch,0,1
Stamer,Male,Middle Dutch,0,1
Stasen,Male,Middle Dutch,0,1
Stemaers,Male,Middle Dutch,0,1
Stephen,Male,Middle Dutch,0,1
Steuen,Male,Middle Dutch,0,1
Stoethoute,Male,Middle Dutch,0,1
Strom,Male,Middle Dutch,0,1
Suam,Male,Middle Dutch,0,1
Swegero,Male,Middle Dutch,0,1
Sybrand,Male,Middle Dutch,0,1
Sygero,Male,Middle Dutch,0,1
Sylawert,Male,Middle Dutch,0,1
Sylof,Male,Middle Dutch,0,1
Symoen,Male,Middle Dutch,0,1
Symonis,Male,Middle Dutch,0,1
Syuardus,Male,Middle Dutch,0,1
Teideman,Male,Middle Dutch,0,1
Thedrico,Male,Middle Dutch,0,1
Theodericus,Male,Middle Dutch,0,1
Theodorus,Male,Middle Dutch,0,1
Thiederic,Male,Middle Dutch,0,1
Thielman,Male,Middle Dutch,0,1
Thieman,Male,Middle Dutch,0,1
Thiimoti,Male,Middle Dutch,0,1
Thilekinus,Male,Middle Dutch,0,1
Thileman,Male,Middle Dutch,0,1
Thiszo,Male,Middle Dutch,0,1
Thitardo,Male,Middle Dutch,0,1
Thizo,Male,Middle Dutch,0,1
Thomaes,Male,Middle Dutch,0,1
Thome,Male,Middle Dutch,0,1
Thyeman,Male,Middle Dutch,0,1
Tieleman,Male,Middle Dutch,0,1
Tielen,Male,Middle Dutch,0,1
Tilekine,Male,Middle Dutch,0,1
Tileman,Male,Middle Dutch,0,1
Tonijs,Male,Middle Dutch,0,1
Trove,Male,Middle Dutch,0,1
Trueb,Male,Middle Dutch,0,1
Tydeman,Male,Middle Dutch,0,1
Tylekino,Male,Middle Dutch,0,1
Tylmannus,Male,Middle Dutch,0,1
Udone,Male,Middle Dutch,0,1
Ulrici,Male,Middle Dutch,0,1
Vader,Male,Middle Dutch,0,1
Vais,Male,Middle Dutch,0,1
Valken,Male,Middle Dutch,0,1
Vandelghis,Male,Middle Dutch,0,1
Vastradi,Male,Middle Dutch,0,1
Vastraed,Male,Middle Dutch,0,1
Vastrardo,Male,Middle Dutch,0,1
Villem,Male,Middle Dutch,0,1
Voghel,Male,Middle Dutch,0,1
Volcaerd,Male,Middle Dutch,0,1
Volfardus,Male,Middle Dutch,0,1
Volkard,Male,Middle Dutch,0,1
Volker,Male,Middle Dutch,0,1
Volpertus,Male,Middle Dutch,0,1
Volprecht,Male,Middle Dutch,0,1
Voubertus,Male,Middle Dutch,0,1
Vranc,Male,Middle Dutch,0,1
Vranke,Male,Middle Dutch,0,1
Vrederic,Male,Middle Dutch,0,1
Vrederike,Male,Middle Dutch,0,1
Vroden,Male,Middle Dutch,0,1
Vualterus,Male,Middle Dutch,0,1
Waldfridus,Male,Middle Dutch,0,1
Waligi,Male,Middle Dutch,0,1
Walramus,Male,Middle Dutch,0,1
Walrauius,Male,Middle Dutch,0,1
Walterus,Male,Middle Dutch,0,1
Waltgerus,Male,Middle Dutch,0,1
Waltherus,Male,Middle Dutch,0,1
Walwin,Male,Middle Dutch,0,1
Warnare,Male,Middle Dutch,0,1
Wasselinus,Male,Middle Dutch,0,1
Wauthem,Male,Middle Dutch,0,1
Wautier,Male,Middle Dutch,0,1
Wedeghe,Male,Middle Dutch,0,1
Wederix,Male,Middle Dutch,0,1
Weger,Male,Middle Dutch,0,1
Weiger,Male,Middle Dutch,0,1
Weitiin,Male,Middle Dutch,0,1
Weitijn,Male,Middle Dutch,0,1
Weitin,Male,Middle Dutch,0,1
Weityn,Male,Middle Dutch,0,1
Wellin,Male,Middle Dutch,0,1
Weremboldus,Male,Middle Dutch,0,1
Weronboldo,Male,Middle Dutch,0,1
Weytin,Male,Middle Dutch,0,1
Wibele,Male,Middle Dutch,0,1
Wicghard,Male,Middle Dutch,0,1
Wicher,Male,Middle Dutch,0,1
Wicherus,Male,Middle Dutch,0,1
Wigboldo,Male,Middle Dutch,0,1
Wiggher,Male,Middle Dutch,0,1
Wijt,Male,Middle Dutch,0,1
Wilbord,Male,Middle Dutch,0,1
Wilhelmus,Male,Middle Dutch,0,1
Wilkin,Male,Middle Dutch,0,1
Willaem,Male,Middle Dutch,0,1
Willais,Male,Middle Dutch,0,1
Willame,Male,Middle Dutch,0,1
Willekin,Male,Middle Dutch,0,1
Willelm,Male,Middle Dutch,0,1
Willen,Male,Middle Dutch,0,1
Willibrando,Male,Middle Dutch,0,1
Willikino,Male,Middle Dutch,0,1
Wilmarus,Male,Middle Dutch,0,1
Winardus?,Male,Middle Dutch,0,1
Winrechus,Male,Middle Dutch,0,1
Wissen,Male,Middle Dutch,0,1
Wlfrauen,Male,Middle Dutch,0,1
Woitijn,Male,Middle Dutch,0,1
Woitin,Male,Middle Dutch,0,1
Wolcout,Male,Middle Dutch,0,1
Wolfaldus,Male,Middle Dutch,0,1
Wolfranen,Male,Middle Dutch,0,1
Wolkerus,Male,Middle Dutch,0,1
Wolterus,Male,Middle Dutch,0,1
Woltherus,Male,Middle Dutch,0,1
Woubbrecht,Male,Middle Dutch,0,1
Wouterkijn,Male,Middle Dutch,0,1
Woutermanne,Male,Middle Dutch,0,1
Woutersoet,Male,Middle Dutch,0,1
Wouterzote,Male,Middle Dutch,0,1
Woutre,Male,Middle Dutch,0,1
Woytijn,Male,Middle Dutch,0,1
Wstaes,Male,Middle Dutch,0,1
Wybel,Male,Middle Dutch,0,1
Xristianus,Male,Middle Dutch,0,1
Ydier,Male,Middle Dutch,0,1
YoIan,Male,Middle Dutch,0,1
Ysaac,Male,Middle Dutch,0,1
Yseboldus,Male,Middle Dutch,0,1
Ysebrand,Male,Middle Dutch,0,1
Ysebrant,Male,Middle Dutch,0,1
Ysuin,Male,Middle Dutch,0,1
Ywainus,Male,Middle Dutch,0,1
Ywanus,Male,Middle Dutch,0,1
Ywein,Male,Middle Dutch,0,1
Zisaris,Male,Middle Dutch,0,1
Zysaeris,Male,Middle Dutch,0,1
Agnes,Female,Middle English,0,25
Alice,Female,Middle English,0,25
Amice,Female,Middle English,0,25
Amicia,Female,Middle English,0,25
Cecilia,Female,Middle English,0,25
Christiana,Female,Middle English,0,25
Cicely,Female,Middle English,0,25
Hawisa,Female,Middle English,0,25
Isabel,Female,Middle English,0,25
Joan,Female,Middle English,0,25
Joanna,Female,Middle English,0,25
Juliana,Female,Middle English,0,25
Margery,Female,Middle English,0,25
Sybil,Female,Middle English,0,25
Sybilla,Female,Middle English,0,25
Ada,Female,Middle English,0,3
Adelina,Female,Middle English,0,3
Albreda,Female,Middle English,0,3
Aldith,Female,Middle English,0,3
Aldusa,Female,Middle English,0,3
Alina,Female,Middle English,0,3
Amabilia,Female,Middle English,0,3
Amanda,Female,Middle English,0,3
Amiria,Female,Middle English,0,3
Anabel,Female,Middle English,0,3
Annora,Female,Middle English,0,3
Ascilia,Female,Middle English,0,3
Avelina,Female,Middle English,0,3
Avice,Female,Middle English,0,3
Avoca,Female,Middle English,0,3
Basilea,Female,Middle English,0,3
Beatrice,Female,Middle English,0,3
Bela,Female,Middle English,0,3
Berta,Female,Middle English,0,3
Celestria,Female,Middle English,0,3
Clarice,Female,Middle English,0,3
Constance,Female,Middle English,0,3
Denise,Female,Middle English,0,3
Dionisia,Female,Middle English,0,3
Edith,Female,Middle English,0,3
Eleanor,Female,Middle English,0,3
Elena,Female,Middle English,0,3
Elizabeth,Female,Middle English,0,3
Ellen,Female,Middle English,0,3
Emma,Female,Middle English,0,3
Estrilda,Female,Middle English,0,3
Eva,Female,Middle English,0,3
Felicia,Female,Middle English,0,3
Fina,Female,Middle English,0,3
Goda,Female,Middle English,0,3
Golda,Female,Middle English,0,3
Grecia,Female,Middle English,0,3
Gundrea,Female,Middle English,0,3
Gundred,Female,Middle English,0,3
Gunnora,Female,Middle English,0,3
Haunild,Female,Middle English,0,3
Helen,Female,Middle English,0,3
Helewise,Female,Middle English,0,3
Hilda,Female,Middle English,0,3
Ida,Female,Middle English,0,3
Idonea,Female,Middle English,0,3
Isolda,Female,Middle English,0,3
Katherine,Female,Middle English,0,3
Laura,Female,Middle English,0,3
Leticia,Female,Middle English,0,3
Lettice,Female,Middle English,0,3
Liecia,Female,Middle English,0,3
Linota,Female,Middle English,0,3
Lora,Female,Middle English,0,3
Lucia,Female,Middle English,0,3
Mabel,Female,Middle English,0,3
Malota,Female,Middle English,0,3
Margaret,Female,Middle English,0,3
Marsilia,Female,Middle English,0,3
Mary,Female,Middle English,0,3
Matilda,Female,Middle English,0,3
Maud,Female,Middle English,0,3
Mazelina,Female,Middle English,0,3
Millicent,Female,Middle English,0,3
Muriel,Female,Middle English,0,3
Nesta,Female,Middle English,0,3
Nicola,Female,Middle English,0,3
Nicolaa,Female,Middle English,0,3
Parnel,Female,Middle English,0,3
Petronilla,Female,Middle English,0,3
Philippa,Female,Middle English,0,3
Primeveire,Female,Middle English,0,3
Richenda,Female,Middle English,0,3
Richolda,Female,Middle English,0,3
Roesia,Female,Middle English,0,3
Sabelina,Female,Middle English,0,3
Sabina,Female,Middle English,0,3
Sarah,Female,Middle English,0,3
Susanna,Female,Middle English,0,3
Christian,Female,Middle English,0,1
Julian,Female,Middle English,0,1
Wymarc,Female,Middle English,0,1
Geoffrey,Male,Middle English,0,25
Henry,Male,Middle English,0,25
Peter,Male,Middle English,0,25
Ralf,Male,Middle English,0,25
Ralph,Male,Middle English,0,25
Richard,Male,Middle English,0,25
Robert,Male,Middle English,0,25
Roger,Male,Middle English,0,25
Simon,Male,Middle English,0,25
Thomas,Male,Middle English,0,25
William,Male,Middle English,0,25
Adam,Male,Middle English,0,3
Ailwin,Male,Middle English,0,3
Alan,Male,Middle English,0,3
Alard,Male,Middle English,0,3
Aldred,Male,Middle English,0,3
Alexander,Male,Middle English,0,3
Alured,Male,Middle English,0,3
Amalric,Male,Middle English,0,3
Amaury,Male,Middle English,0,3
Anselm,Male,Middle English,0,3
Arnald,Male,Middle English,0,3
Asa,Male,Middle English,0,3
Aubrey,Male,Middle English,0,3
Baldric,Male,Middle English,0,3
Baldwin,Male,Middle English,0,3
Bartholomew,Male,Middle English,0,3
Bennet,Male,Middle English,0,3
Bertram,Male,Middle English,0,3
Blacwin,Male,Middle English,0,3
Colin,Male,Middle English,0,3
Constantine,Male,Middle English,0,3
David,Male,Middle English,0,3
Edwin,Male,Middle English,0,3
Elias,Male,Middle English,0,3
Engeram,Male,Middle English,0,3
Ernald,Male,Middle English,0,3
Eustace,Male,Middle English,0,3
Fabian,Male,Middle English,0,3
Fordwin,Male,Middle English,0,3
Forwin,Male,Middle English,0,3
Fulk,Male,Middle English,0,3
Gamel,Male,Middle English,0,3
Gerard,Male,Middle English,0,3
Gervase,Male,Middle English,0,3
Gilbert,Male,Middle English,0,3
Giles,Male,Middle English,0,3
Gladwin,Male,Middle English,0,3
Godwin,Male,Middle English,0,3
Guy,Male,Middle English,0,3
Hamo,Male,Middle English,0,3
Hamond,Male,Middle English,0,3
Harding,Male,Middle English,0,3
Helyas,Male,Middle English,0,3
Herlewin,Male,Middle English,0,3
Hervey,Male,Middle English,0,3
Hugh,Male,Middle English,0,3
James,Male,Middle English,0,3
Jocelin,Male,Middle English,0,3
John,Male,Middle English,0,3
Jordan,Male,Middle English,0,3
Lawrence,Male,Middle English,0,3
Leofwin,Male,Middle English,0,3
Luke,Male,Middle English,0,3
Martin,Male,Middle English,0,3
Masci,Male,Middle English,0,3
Matthew,Male,Middle English,0,3
Maurice,Male,Middle English,0,3
Michael,Male,Middle English,0,3
Nicholas,Male,Middle English,0,3
Nigel,Male,Middle English,0,3
Norman,Male,Middle English,0,3
Odo,Male,Middle English,0,3
Oliva,Male,Middle English,0,3
Osbert,Male,Middle English,0,3
Philip,Male,Middle English,0,3
Ranulf,Male,Middle English,0,3
Saer,Male,Middle English,0,3
Samer,Male,Middle English,0,3
Savaric,Male,Middle English,0,3
Silvester,Male,Middle English,0,3
Stephan,Male,Middle English,0,3
Terric,Male,Middle English,0,3
Terry,Male,Middle English,0,3
Theobald,Male,Middle English,0,3
Thierry,Male,Middle English,0,3
Thurstan,Male,Middle English,0,3
Umfrey,Male,Middle English,0,3
Waleran,Male,Middle English,0,3
Walter,Male,Middle English,0,3
Warin,Male,Middle English,0,3
Wimarc,Male,Middle English,0,3
Ymbert,Male,Middle English,0,3
Allin,Female,Middle German,0,44
Annlin,Female,Middle German,0,44
Greth,Female,Middle German,0,27
Els,Female,Middle German,0,18
Ann,Female,Middle German,0,17
Kaetherlin,Female,Middle German,0,17
Katherlin,Female,Middle German,0,17
Katherin,Female,Middle German,0,16
Nes,Female,Middle German,0,14
Brid,Female,Middle German,0,13
Ursel,Female,Middle German,0,9
Adelhaid,Female,Middle German,0,8
Gretlin,Female,Middle German,0,7
Agnes,Female,Middle German,0,6
Gerlin,Female,Middle German,0,5
Grethlin,Female,Middle German,0,5
Irm,Female,Middle German,0,5
Margareth,Female,Middle German,0,4
Engel,Female,Middle German,0,3
Ursula,Female,Middle German,0,3
Agth,Female,Middle German,0,2
Anlin,Female,Middle German,0,2
Beth,Female,Middle German,0,2
Bridlin,Female,Middle German,0,2
Clar,Female,Middle German,0,2
Claur,Female,Middle German,0,2
Dorothea,Female,Middle German,0,2
Kaetterlin,Female,Middle German,0,2
Katterlin,Female,Middle German,0,2
Adelhait,Female,Middle German,0,1
Aeellin,Female,Middle German,0,1
Aeennlin,Female,Middle German,0,1
Aegtlin,Female,Middle German,0,1
Aellin,Female,Middle German,0,1
Aendlin,Female,Middle German,0,1
Aenlin,Female,Middle German,0,1
Aennlin,Female,Middle German,0,1
Agt,Female,Middle German,0,1
Agtlin,Female,Middle German,0,1
Anastasia,Female,Middle German,0,1
Andlin,Female,Middle German,0,1
Auffra,Female,Middle German,0,1
Barbel,Female,Middle German,0,1
Bettlin,Female,Middle German,0,1
Brida,Female,Middle German,0,1
Clara,Female,Middle German,0,1
Dorothe,Female,Middle German,0,1
Durade,Female,Middle German,0,1
Elss,Female,Middle German,0,1
Elsslin,Female,Middle German,0,1
Engellin,Female,Middle German,0,1
Enndlin,Female,Middle German,0,1
Ennlin,Female,Middle German,0,1
Frena,Female,Middle German,0,1
Gerdrud,Female,Middle German,0,1
Gret,Female,Middle German,0,1
Guota,Female,Middle German,0,1
Guta,Female,Middle German,0,1
Irma,Female,Middle German,0,1
Irmla,Female,Middle German,0,1
Junta,Female,Middle German,0,1
Kaeterlin,Female,Middle German,0,1
Katerlin,Female,Middle German,0,1
Katherina,Female,Middle German,0,1
Keterlin,Female,Middle German,0,1
Machthilt,Female,Middle German,0,1
Maechthilt,Female,Middle German,0,1
Maetza,Female,Middle German,0,1
Maetzlin,Female,Middle German,0,1
Magdalen,Female,Middle German,0,1
Marth,Female,Middle German,0,1
Matza,Female,Middle German,0,1
Matzlin,Female,Middle German,0,1
Mechthild,Female,Middle German,0,1
Mechthilt,Female,Middle German,0,1
Neslin,Female,Middle German,0,1
Othilia,Female,Middle German,0,1
Riberlin,Female,Middle German,0,1
Rychels,Female,Middle German,0,1
Susann,Female,Middle German,0,1
Verena,Female,Middle German,0,1
Hanns,Male,Middle German,0,229
Conrat,Male,Middle German,0,106
Hainrich,Male,Middle German,0,101
Berchtold,Male,Middle German,0,32
Clos,Male,Middle German,0,30
Hennslin,Male,Middle German,0,29
Peter,Male,Middle German,0,27
Auberlin,Male,Middle German,0,26
Uolrich,Male,Middle German,0,25
Jacob,Male,Middle German,0,20
Caspar,Male,Middle German,0,16
Hans,Male,Middle German,0,16
Martin,Male,Middle German,0,16
Burkart,Male,Middle German,0,15
Bentz,Male,Middle German,0,14
Lienhart,Male,Middle German,0,12
Michel,Male,Middle German,0,10
Dietrich,Male,Middle German,0,9
Georig,Male,Middle German,0,9
Haintz,Male,Middle German,0,9
Claus,Male,Middle German,0,8
Eberlin,Male,Middle German,0,8
Cuonrat,Male,Middle German,0,7
Erhart,Male,Middle German,0,7
Thoman,Male,Middle German,0,7
Bernhart,Male,Middle German,0,6
Conlin,Male,Middle German,0,6
Hug,Male,Middle German,0,6
Burkhart,Male,Middle German,0,5
Herman,Male,Middle German,0,5
Jos,Male,Middle German,0,5
Mathys,Male,Middle German,0,5
Balthasar,Male,Middle German,0,4
Fritz,Male,Middle German,0,4
Hanrich,Male,Middle German,0,4
Mathis,Male,Middle German,0,4
Andres,Male,Middle German,0,3
Clewin,Male,Middle German,0,3
Crafft,Male,Middle German,0,3
Hanss,Male,Middle German,0,3
Johannes,Male,Middle German,0,3
Ludwig,Male,Middle German,0,3
Aulber,Male,Middle German,0,2
Bartholome,Male,Middle German,0,2
Bernhard,Male,Middle German,0,2
Cloeslin,Male,Middle German,0,2
Conrad,Male,Middle German,0,2
Eberhart,Male,Middle German,0,2
Geer,Male,Middle German,0,2
Guot,Male,Middle German,0,2
Haini,Male,Middle German,0,2
Heinrich,Male,Middle German,0,2
Henslin,Male,Middle German,0,2
Loye,Male,Middle German,0,2
Lugglin,Male,Middle German,0,2
Melchior,Male,Middle German,0,2
Merklin,Male,Middle German,0,2
Oswald,Male,Middle German,0,2
Paule,Male,Middle German,0,2
Syferlin,Male,Middle German,0,2
Ulrich,Male,Middle German,0,2
Walther,Male,Middle German,0,2
Wern,Male,Middle German,0,2
Wernher,Male,Middle German,0,2
Will,Male,Middle German,0,2
Willin,Male,Middle German,0,2
Adam,Male,Middle German,0,1
Ambrosius,Male,Middle German,0,1
Anthonius,Male,Middle German,0,1
Arnolt,Male,Middle German,0,1
Auberli,Male,Middle German,0,1
Balthasars,Male,Middle German,0,1
Bantlin,Male,Middle German,0,1
Benlin,Male,Middle German,0,1
Bernhardt,Male,Middle German,0,1
Best,Male,Middle German,0,1
Bricius,Male,Middle German,0,1
Burk,Male,Middle German,0,1
Burklin,Male,Middle German,0,1
Clais,Male,Middle German,0,1
Cloes,Male,Middle German,0,1
Clooslin,Male,Middle German,0,1
Closlin,Male,Middle German,0,1
Conrade,Male,Middle German,0,1
Cunrat,Male,Middle German,0,1
Cuon,Male,Middle German,0,1
Cuontz,Male,Middle German,0,1
Dieterlin,Male,Middle German,0,1
Diettrich,Male,Middle German,0,1
Franciscus,Male,Middle German,0,1
Frank,Male,Middle German,0,1
Frantz,Male,Middle German,0,1
Gabriel,Male,Middle German,0,1
Georien,Male,Middle German,0,1
Gilig,Male,Middle German,0,1
Guotman,Male,Middle German,0,1
Haerdlin,Male,Middle German,0,1
Hainricis,Male,Middle German,0,1
Haints,Male,Middle German,0,1
Haintzlin,Male,Middle German,0,1
Hansman,Male,Middle German,0,1
Henselman,Male,Middle German,0,1
Ital,Male,Middle German,0,1
Jeck,Male,Middle German,0,1
Jerg,Male,Middle German,0,1
Laurentz,Male,Middle German,0,1
Lucas,Male,Middle German,0,1
Maerklin,Male,Middle German,0,1
Marquart,Male,Middle German,0,1
Marx,Male,Middle German,0,1
Ostertag,Male,Middle German,0,1
Oswalt,Male,Middle German,0,1
Philippus,Male,Middle German,0,1
Reinbolt,Male,Middle German,0,1
Ruedin,Male,Middle German,0,1
Ruodin,Male,Middle German,0,1
Ruodolff,Male,Middle German,0,1
Ruoff,Male,Middle German,0,1
Spon,Male,Middle German,0,1
Steffan,Male,Middle German,0,1
Uelin,Male,Middle German,0,1
Urban,Male,Middle German,0,1
Urrich,Male,Middle German,0,1
Uulrich,Male,Middle German,0,1
Wernhart,Male,Middle German,0,1
Wernlin,Male,Middle German,0,1
Wolff,Male,Middle German,0,1
Ytel,Male,Middle German,0,1
Zyppolt,Male,Middle German,0,1
Margaret,Female,Middle Scots,0,58
Agnes,Female,Middle Scots,0,35
Jonet,Female,Middle Scots,0,31
Elspet,Female,Middle Scots,0,28
Issobell,Female,Middle Scots,0,24
Jonat,Female,Middle Scots,0,23
Elizabeth,Female,Middle Scots,0,22
Janet,Female,Middle Scots,0,22
Isobella,Female,Middle Scots,0,21
Bessie,Female,Middle Scots,0,14
Violet,Female,Middle Scots,0,13
Margret,Female,Middle Scots,0,12
Besseta,Female,Middle Scots,0,10
Cristiane,Female,Middle Scots,0,10
Cristina,Female,Middle Scots,0,9
Jeane,Female,Middle Scots,0,9
Marioun,Female,Middle Scots,0,9
Christiane,Female,Middle Scots,0,8
Helene,Female,Middle Scots,0,8
Katharene,Female,Middle Scots,0,8
Barbara,Female,Middle Scots,0,6
Meriorie,Female,Middle Scots,0,6
Beatrix,Female,Middle Scots,0,5
Elspaith,Female,Middle Scots,0,5
Helen,Female,Middle Scots,0,5
Alesonne,Female,Middle Scots,0,4
Elena,Female,Middle Scots,0,4
Katherine,Female,Middle Scots,0,4
Euphame,Female,Middle Scots,0,3
Gelis,Female,Middle Scots,0,3
Katheren,Female,Middle Scots,0,3
Kathrin,Female,Middle Scots,0,3
Mariorie,Female,Middle Scots,0,3
Mariota,Female,Middle Scots,0,3
Marjory,Female,Middle Scots,0,3
Christian,Female,Middle Scots,0,2
Katharine,Female,Middle Scots,0,2
Katherin,Female,Middle Scots,0,2
Marioune,Female,Middle Scots,0,2
Abigall,Female,Middle Scots,0,1
Alisson,Female,Middle Scots,0,1
Annable,Female,Middle Scots,0,1
Annas,Female,Middle Scots,0,1
Beatie,Female,Middle Scots,0,1
Begie,Female,Middle Scots,0,1
Begis,Female,Middle Scots,0,1
Bessy,Female,Middle Scots,0,1
Christine,Female,Middle Scots,0,1
Cristane,Female,Middle Scots,0,1
Cristene,Female,Middle Scots,0,1
Cristine,Female,Middle Scots,0,1
Elspuith,Female,Middle Scots,0,1
Ester,Female,Middle Scots,0,1
Eufame,Female,Middle Scots,0,1
Eufamia,Female,Middle Scots,0,1
Flurishe,Female,Middle Scots,0,1
Isabella,Female,Middle Scots,0,1
Isobel,Female,Middle Scots,0,1
Isobell,Female,Middle Scots,0,1
Issabella,Female,Middle Scots,0,1
Issobel,Female,Middle Scots,0,1
Jane,Female,Middle Scots,0,1
Jaquelene,Female,Middle Scots,0,1
Jonatt,Female,Middle Scots,0,1
Katerine,Female,Middle Scots,0,1
Katherene,Female,Middle Scots,0,1
Lilias,Female,Middle Scots,0,1
Magdalen,Female,Middle Scots,0,1
Maissie,Female,Middle Scots,0,1
Mariore,Female,Middle Scots,0,1
Mawse,Female,Middle Scots,0,1
Merione,Female,Middle Scots,0,1
Meriore,Female,Middle Scots,0,1
Nicolas,Female,Middle Scots,0,1
Olivera,Female,Middle Scots,0,1
Rebecca,Female,Middle Scots,0,1
Sara,Female,Middle Scots,0,1
Alexander,Male,Middle Scots,0,45
James,Male,Middle Scots,0,45
Johne,Male,Middle Scots,0,45
Johnne,Male,Middle Scots,0,42
Robert,Male,Middle Scots,0,39
William,Male,Middle Scots,0,37
John,Male,Middle Scots,0,31
Thomas,Male,Middle Scots,0,30
George,Male,Middle Scots,0,21
Andro,Male,Middle Scots,0,18
Williame,Male,Middle Scots,0,14
Will,Male,Middle Scots,0,10
Jhon,Male,Middle Scots,0,9
Patrick,Male,Middle Scots,0,9
Thom,Male,Middle Scots,0,9
Wilyam,Male,Middle Scots,0,9
David,Male,Middle Scots,0,8
Gilbert,Male,Middle Scots,0,7
Wyl,Male,Middle Scots,0,7
Jon,Male,Middle Scots,0,6
Wyll,Male,Middle Scots,0,6
Adame,Male,Middle Scots,0,4
Andrew,Male,Middle Scots,0,4
Androw,Male,Middle Scots,0,4
Dawy,Male,Middle Scots,0,4
Archibald,Male,Middle Scots,0,3
Dauid,Male,Middle Scots,0,3
Henrie,Male,Middle Scots,0,3
Henry,Male,Middle Scots,0,3
Law,Male,Middle Scots,0,3
Patrik,Male,Middle Scots,0,3
Richard,Male,Middle Scots,0,3
Walter,Male,Middle Scots,0,3
Wil,Male,Middle Scots,0,3
Alan,Male,Middle Scots,0,2
Arthour,Male,Middle Scots,0,2
Davy,Male,Middle Scots,0,2
Dawyd,Male,Middle Scots,0,2
Edward,Male,Middle Scots,0,2
Harie,Male,Middle Scots,0,2
Hendrie,Male,Middle Scots,0,2
Nychol,Male,Middle Scots,0,2
Paull,Male,Middle Scots,0,2
Quintene,Male,Middle Scots,0,2
Abacuih,Male,Middle Scots,0,1
Abrahame,Male,Middle Scots,0,1
Alane,Male,Middle Scots,0,1
Allan,Male,Middle Scots,0,1
Androu,Male,Middle Scots,0,1
Archbauld,Male,Middle Scots,0,1
Clement,Male,Middle Scots,0,1
Cristopher,Male,Middle Scots,0,1
Davyd,Male,Middle Scots,0,1
Donald,Male,Middle Scots,0,1
Dotho,Male,Middle Scots,0,1
Gabriell,Male,Middle Scots,0,1
Hector,Male,Middle Scots,0,1
Henre,Male,Middle Scots,0,1
Henri,Male,Middle Scots,0,1
Hew,Male,Middle Scots,0,1
Huchon,Male,Middle Scots,0,1
Huchun,Male,Middle Scots,0,1
Joseph,Male,Middle Scots,0,1
Laurence,Male,Middle Scots,0,1
Lawrence,Male,Middle Scots,0,1
Lawrens,Male,Middle Scots,0,1
Lourens,Male,Middle Scots,0,1
Lowrans,Male,Middle Scots,0,1
Malice,Male,Middle Scots,0,1
Malys,Male,Middle Scots,0,1
Malyss,Male,Middle Scots,0,1
Martene,Male,Middle Scots,0,1
Mathew,Male,Middle Scots,0,1
Moris,Male,Middle Scots,0,1
Moryss,Male,Middle Scots,0,1
Nichol,Male,Middle Scots,0,1
Nicholl,Male,Middle Scots,0,1
Nicoll,Male,Middle Scots,0,1
Niell,Male,Middle Scots,0,1
Pate,Male,Middle Scots,0,1
Patoun,Male,Middle Scots,0,1
Patricke,Male,Middle Scots,0,1
Peter,Male,Middle Scots,0,1
Philip,Male,Middle Scots,0,1
Rauffe,Male,Middle Scots,0,1
Rechard,Male,Middle Scots,0,1
Rob,Male,Middle Scots,0,1
Robart,Male,Middle Scots,0,1
Robin,Male,Middle Scots,0,1
Roger,Male,Middle Scots,0,1
Sande,Male,Middle Scots,0,1
Stevin,Male,Middle Scots,0,1
Wylly,Male,Middle Scots,0,1
Wyllyhame,Male,Middle Scots,0,1
Wylyam,Male,Middle Scots,0,1
Wylyham,Male,Middle Scots,0,1
Wylyhame,Male,Middle Scots,0,1
Aithra,Female,Mycenaean Greek,0,3
Alkmene,Female,Mycenaean Greek,0,3
Andromache,Female,Mycenaean Greek,0,3
Arete,Female,Mycenaean Greek,0,3
Ariadne,Female,Mycenaean Greek,0,3
Briseis,Female,Mycenaean Greek,0,2
Chryseis,Female,Mycenaean Greek,0,2
Elektra,Female,Mycenaean Greek,0,2
Hekabe,Female,Mycenaean Greek,0,2
Helene,Female,Mycenaean Greek,0,2
Iphigeneia,Female,Mycenaean Greek,0,2
Kassandra,Female,Mycenaean Greek,0,2
Klytaimnestra,Female,Mycenaean Greek,0,2
Kore,Female,Mycenaean Greek,0,2
Medeia,Female,Mycenaean Greek,0,2
Nausikaa,Female,Mycenaean Greek,0,1
Penelope,Female,Mycenaean Greek,0,1
Phaedra,Female,Mycenaean Greek,0,1
Philonoa,Female,Mycenaean Greek,0,1
Polyxena,Female,Mycenaean Greek,0,1
Theano,Female,Mycenaean Greek,0,1
Xanthe,Female,Mycenaean Greek,0,1
Aigyptios,Male,Mycenaean Greek,0,3
Aithiops,Male,Mycenaean Greek,0,3
Akamas,Male,Mycenaean Greek,0,3
Alexandros,Male,Mycenaean Greek,0,3
Amphitryon,Male,Mycenaean Greek,0,3
Areion,Male,Mycenaean Greek,0,2
Atreus,Male,Mycenaean Greek,0,2
Damos,Male,Mycenaean Greek,0,2
Deukalion,Male,Mycenaean Greek,0,2
Diomedes,Male,Mycenaean Greek,0,2
Etewoklewes,Male,Mycenaean Greek,0,2
Eumedes,Male,Mycenaean Greek,0,2
Glaukos,Male,Mycenaean Greek,0,2
Hektor,Male,Mycenaean Greek,0,2
Iason,Male,Mycenaean Greek,0,2
Idomeneus,Male,Mycenaean Greek,0,1
Kadmos,Male,Mycenaean Greek,0,1
Laertes,Male,Mycenaean Greek,0,1
Menelaos,Male,Mycenaean Greek,0,1
Nestor,Male,Mycenaean Greek,0,1
Odysseus,Male,Mycenaean Greek,0,1
Orestes,Male,Mycenaean Greek,0,1
Perseus,Male,Mycenaean Greek,0,1
Pylas,Male,Mycenaean Greek,0,1
Theokritos,Male,Mycenaean Greek,0,1
Adelise,Female,Norman Norse-French Hybrid,0,3
Agnes,Female,Norman Norse-French Hybrid,0,3
Aveline,Female,Norman Norse-French Hybrid,0,3
Beatrice,Female,Norman Norse-French Hybrid,0,3
Emma,Female,Norman Norse-French Hybrid,0,3
Emmeline,Female,Norman Norse-French Hybrid,0,2
Gisele,Female,Norman Norse-French Hybrid,0,2
Gunnora,Female,Norman Norse-French Hybrid,0,2
Hawise,Female,Norman Norse-French Hybrid,0,2
Helvise,Female,Norman Norse-French Hybrid,0,2
Isabel,Female,Norman Norse-French Hybrid,0,2
Judith,Female,Norman Norse-French Hybrid,0,2
Mabel,Female,Norman Norse-French Hybrid,0,2
Mathilde,Female,Norman Norse-French Hybrid,0,2
Muriel,Female,Norman Norse-French Hybrid,0,2
Petronilla,Female,Norman Norse-French Hybrid,0,1
Poppa,Female,Norman Norse-French Hybrid,0,1
Rohese,Female,Norman Norse-French Hybrid,0,1
Sibyl,Female,Norman Norse-French Hybrid,0,1
Yolande,Female,Norman Norse-French Hybrid,0,1
Anquetil,Male,Norman Norse-French Hybrid,0,3
Arnoult,Male,Norman Norse-French Hybrid,0,3
Ascelin,Male,Norman Norse-French Hybrid,0,3
Baldric,Male,Norman Norse-French Hybrid,0,3
Bernard,Male,Norman Norse-French Hybrid,0,3
Drogo,Male,Norman Norse-French Hybrid,0,2
Enguerrand,Male,Norman Norse-French Hybrid,0,2
Fulk,Male,Norman Norse-French Hybrid,0,2
Geoffroi,Male,Norman Norse-French Hybrid,0,2
Gerbert,Male,Norman Norse-French Hybrid,0,2
Gislebert,Male,Norman Norse-French Hybrid,0,2
Godefroi,Male,Norman Norse-French Hybrid,0,2
Grimoult,Male,Norman Norse-French Hybrid,0,2
Hamon,Male,Norman Norse-French Hybrid,0,2
Herluin,Male,Norman Norse-French Hybrid,0,2
Hrolf,Male,Norman Norse-French Hybrid,0,1
Ivo,Male,Norman Norse-French Hybrid,0,1
Jourdain,Male,Norman Norse-French Hybrid,0,1
Nigel,Male,Norman Norse-French Hybrid,0,1
Osbern,Male,Norman Norse-French Hybrid,0,1
Rainald,Male,Norman Norse-French Hybrid,0,1
Raoul,Male,Norman Norse-French Hybrid,0,1
Richard,Male,Norman Norse-French Hybrid,0,1
Robert,Male,Norman Norse-French Hybrid,0,1
Roger,Male,Norman Norse-French Hybrid,0,1
Tancred,Male,Norman Norse-French Hybrid,0,1
Turstin,Male,Norman Norse-French Hybrid,0,1
William,Male,Norman Norse-French Hybrid,0,1
Adalaisa,Female,Old Catalan,0,3
Aldonca,Female,Old Catalan,0,3
Almodis,Female,Old Catalan,0,3
Beatriu,Female,Old Catalan,0,3
Berenguera,Female,Old Catalan,0,3
Blanca,Female,Old Catalan,0,2
Dolca,Female,Old Catalan,0,2
Ermessenda,Female,Old Catalan,0,2
Esclarmonda,Female,Old Catalan,0,2
Estefania,Female,Old Catalan,0,2
Garsenda,Female,Old Catalan,0,2
Guillema,Female,Old Catalan,0,2
Joana,Female,Old Catalan,0,2
Maria,Female,Old Catalan,0,2
Raimunda,Female,Old Catalan,0,2
Saurina,Female,Old Catalan,0,1
Sibilia,Female,Old Catalan,0,1
Sibilla,Female,Old Catalan,0,1
Violant,Female,Old Catalan,0,1
Arnau,Male,Old Catalan,0,3
Berenguer,Male,Old Catalan,0,3
Bernat,Male,Old Catalan,0,3
Dalmau,Male,Old Catalan,0,3
Ermengol,Male,Old Catalan,0,3
Ferrer,Male,Old Catalan,0,2
Folc,Male,Old Catalan,0,2
Guifre,Male,Old Catalan,0,2
Guillem,Male,Old Catalan,0,2
Hug,Male,Old Catalan,0,2
Jaume,Male,Old Catalan,0,2
Jofre,Male,Old Catalan,0,2
Jordi,Male,Old Catalan,0,2
Miro,Male,Old Catalan,0,2
Ot,Male,Old Catalan,0,2
Pere,Male,Old Catalan,0,1
Ponc,Male,Old Catalan,0,1
Raimon,Male,Old Catalan,0,1
Ramon,Male,Old Catalan,0,1
Roger,Male,Old Catalan,0,1
Sunyer,Male,Old Catalan,0,1
Vidal,Male,Old Catalan,0,1
Anezka,Female,Old Czech/Moravian,0,3
Bohumila,Female,Old Czech/Moravian,0,3
Bozena,Female,Old Czech/Moravian,0,3
Doubravka,Female,Old Czech/Moravian,0,3
Drahomira,Female,Old Czech/Moravian,0,3
Hedvika,Female,Old Czech/Moravian,0,2
Jaroslava,Female,Old Czech/Moravian,0,2
Jitka,Female,Old Czech/Moravian,0,2
Libuse,Female,Old Czech/Moravian,0,2
Ludmila,Female,Old Czech/Moravian,0,2
Miloslava,Female,Old Czech/Moravian,0,2
Radmila,Female,Old Czech/Moravian,0,2
Slavena,Female,Old Czech/Moravian,0,2
Svatava,Female,Old Czech/Moravian,0,2
Vaclava,Female,Old Czech/Moravian,0,2
Vlada,Female,Old Czech/Moravian,0,1
Zdislava,Female,Old Czech/Moravian,0,1
Bohuslav,Male,Old Czech/Moravian,0,3
Boleslav,Male,Old Czech/Moravian,0,3
Borivoj,Male,Old Czech/Moravian,0,3
Bretislav,Male,Old Czech/Moravian,0,3
Cenek,Male,Old Czech/Moravian,0,3
Ctibor,Male,Old Czech/Moravian,0,2
Jaromir,Male,Old Czech/Moravian,0,2
Jaroslav,Male,Old Czech/Moravian,0,2
Jindrich,Male,Old Czech/Moravian,0,2
Knez,Male,Old Czech/Moravian,0,2
Libor,Male,Old Czech/Moravian,0,2
Ludvik,Male,Old Czech/Moravian,0,2
Miloslav,Male,Old Czech/Moravian,0,2
Mojmir,Male,Old Czech/Moravian,0,2
Oldrich,Male,Old Czech/Moravian,0,2
Premysl,Male,Old Czech/Moravian,0,1
Radim,Male,Old Czech/Moravian,0,1
Ratislav,Male,Old Czech/Moravian,0,1
Sobeslav,Male,Old Czech/Moravian,0,1
Svatopluk,Male,Old Czech/Moravian,0,1
Vaceslav,Male,Old Czech/Moravian,0,1
Vaclav,Male,Old Czech/Moravian,0,1
Vladislav,Male,Old Czech/Moravian,0,1
Vojtech,Male,Old Czech/Moravian,0,1
Vratislav,Male,Old Czech/Moravian,0,1
Zdeslav,Male,Old Czech/Moravian,0,1
Aase,Female,Old Danish,0,3
Astrid,Female,Old Danish,0,3
Bodil,Female,Old Danish,0,3
Dagmar,Female,Old Danish,0,3
Estrid,Female,Old Danish,0,3
Freydis,Female,Old Danish,0,2
Gertrud,Female,Old Danish,0,2
Gormhild,Female,Old Danish,0,2
Gudrun,Female,Old Danish,0,2
Gunhild,Female,Old Danish,0,2
Helga,Female,Old Danish,0,2
Inge,Female,Old Danish,0,2
Ingeborg,Female,Old Danish,0,2
Margrete,Female,Old Danish,0,2
Ragnhild,Female,Old Danish,0,2
Signe,Female,Old Danish,0,1
Sigrid,Female,Old Danish,0,1
Thora,Female,Old Danish,0,1
Thyra,Female,Old Danish,0,1
Tove,Female,Old Danish,0,1
Yrsa,Female,Old Danish,0,1
Aage,Male,Old Danish,0,3
Arne,Male,Old Danish,0,3
Asbjorn,Male,Old Danish,0,3
Bent,Male,Old Danish,0,3
Bjorn,Male,Old Danish,0,3
Canute,Male,Old Danish,0,2
Einar,Male,Old Danish,0,2
Erik,Male,Old Danish,0,2
Esbern,Male,Old Danish,0,2
Finn,Male,Old Danish,0,2
Frode,Male,Old Danish,0,2
Gorm,Male,Old Danish,0,2
Halfdan,Male,Old Danish,0,2
Harald,Male,Old Danish,0,2
Holger,Male,Old Danish,0,2
Knud,Male,Old Danish,0,1
Leif,Male,Old Danish,0,1
Niels,Male,Old Danish,0,1
Olaf,Male,Old Danish,0,1
Ragnar,Male,Old Danish,0,1
Rolf,Male,Old Danish,0,1
Svend,Male,Old Danish,0,1
Thorkil,Male,Old Danish,0,1
Toke,Male,Old Danish,0,1
Ulf,Male,Old Danish,0,1
Valdemar,Male,Old Danish,0,1
Agafia,Female,Old East Slavic,0,3
Anastasia,Female,Old East Slavic,0,3
Anna,Female,Old East Slavic,0,3
Dobrodeia,Female,Old East Slavic,0,3
Eudokia,Female,Old East Slavic,0,3
Feodosia,Female,Old East Slavic,0,2
Irina,Female,Old East Slavic,0,2
Malgorzata,Female,Old East Slavic,0,2
Maria,Female,Old East Slavic,0,2
Olga,Female,Old East Slavic,0,2
Predslava,Female,Old East Slavic,0,2
Rogneda,Female,Old East Slavic,0,2
Sofia,Female,Old East Slavic,0,2
Vasilisa,Female,Old East Slavic,0,2
Verkhoslava,Female,Old East Slavic,0,2
Yaroslava,Female,Old East Slavic,0,1
Zvenislava,Female,Old East Slavic,0,1
Andrei,Male,Old East Slavic,0,3
Boris,Male,Old East Slavic,0,3
Davyd,Male,Old East Slavic,0,3
Gleb,Male,Old East Slavic,0,3
Igor,Male,Old East Slavic,0,3
Ilya,Male,Old East Slavic,0,2
Iziaslav,Male,Old East Slavic,0,2
Mstislav,Male,Old East Slavic,0,2
Oleg,Male,Old East Slavic,0,2
Rogvolod,Male,Old East Slavic,0,2
Roman,Male,Old East Slavic,0,2
Rostislav,Male,Old East Slavic,0,2
Sviatopolk,Male,Old East Slavic,0,2
Sviatoslav,Male,Old East Slavic,0,2
Vasilko,Male,Old East Slavic,0,2
Viacheslav,Male,Old East Slavic,0,1
Vladimir,Male,Old East Slavic,0,1
Vladislav,Male,Old East Slavic,0,1
Vsevolod,Male,Old East Slavic,0,1
Yaropolk,Male,Old East Slavic,0,1
Yaroslav,Male,Old East Slavic,0,1
Yuri,Male,Old East Slavic,0,1
Aelfgifu,Female,Old English,0,2
Adelaide,Female,Old English,0,1
Adeline,Female,Old English,0,1
Adelize,Female,Old English,0,1
Aelfgyth,Female,Old English,0,1
Aelfhild,Female,Old English,0,1
Aelfrun,Female,Old English,0,1
Aelfthryth,Female,Old English,0,1
Aethelflaed,Female,Old English,0,1
Aethelgifu,Female,Old English,0,1
Aethelgyth,Female,Old English,0,1
Aethelhild,Female,Old English,0,1
Aethelrun,Female,Old English,0,1
Agnes,Female,Old English,0,1
Alflaed,Female,Old English,0,1
Algifu,Female,Old English,0,1
Alice,Female,Old English,0,1
Alswith,Female,Old English,0,1
Althryth,Female,Old English,0,1
Alwaru,Female,Old English,0,1
Alwynn,Female,Old English,0,1
Anna,Female,Old English,0,1
Asmoth,Female,Old English,0,1
Azeline,Female,Old English,0,1
Beatrice,Female,Old English,0,1
Beorhtflaed,Female,Old English,0,1
Beorhtgifu,Female,Old English,0,1
Beorhtgyth,Female,Old English,0,1
Christina,Female,Old English,0,1
Christine,Female,Old English,0,1
Cwengifu,Female,Old English,0,1
Cwenhild,Female,Old English,0,1
Cynegifu,Female,Old English,0,1
Doleswif,Female,Old English,0,1
Dufe,Female,Old English,0,1
Eadgifu,Female,Old English,0,1
Eadgyth,Female,Old English,0,1
Ealdgifu,Female,Old English,0,1
Ealdgyth,Female,Old English,0,1
Ealdhild,Female,Old English,0,1
Edda,Female,Old English,0,1
Egelfride,Female,Old English,0,1
Emma,Female,Old English,0,1
Estrild,Female,Old English,0,1
Eulalia,Female,Old English,0,1
Gifu,Female,Old English,0,1
Goda,Female,Old English,0,1
Gode,Female,Old English,0,1
Godeza,Female,Old English,0,1
Godgifu,Female,Old English,0,1
Godgyth,Female,Old English,0,1
Goldgifu,Female,Old English,0,1
Gunnhild,Female,Old English,0,1
Gunware,Female,Old English,0,1
Gytha,Female,Old English,0,1
Helewis,Female,Old English,0,1
Hungifu,Female,Old English,0,1
Ida,Female,Old English,0,1
Judith,Female,Old English,0,1
Leofcwen,Female,Old English,0,1
Leofflaed,Female,Old English,0,1
Leofgifu,Female,Old English,0,1
Leofgyth,Female,Old English,0,1
Leofrun,Female,Old English,0,1
Leofsidu,Female,Old English,0,1
Leofwaru,Female,Old English,0,1
Maerwynn,Female,Old English,0,1
Mahthild,Female,Old English,0,1
Megenlioba,Female,Old English,0,1
Mereswith,Female,Old English,0,1
Modgifu,Female,Old English,0,1
Osgifu,Female,Old English,0,1
Rohais,Female,Old English,0,1
Saegifu,Female,Old English,0,1
Saegyth,Female,Old English,0,1
Saelgifu,Female,Old English,0,1
Saewaru,Female,Old English,0,1
Sawata,Female,Old English,0,1
Thorild,Female,Old English,0,1
Tova,Female,Old English,0,1
Wigflaed,Female,Old English,0,1
Wulfflaed,Female,Old English,0,1
Wulfgifu,Female,Old English,0,1
Wulfgyth,Female,Old English,0,1
Wulfrun,Female,Old English,0,1
Wulfwaru,Female,Old English,0,1
Wulfwynn,Female,Old English,0,1
Aelfric,Male,Old English,0,14
Godric,Male,Old English,0,14
Alwine,Male,Old English,0,13
Godwine,Male,Old English,0,13
William,Male,Old English,0,12
Almaer,Male,Old English,0,10
Robert,Male,Old English,0,9
Wulfric,Male,Old English,0,9
Alweard,Male,Old English,0,8
Eadric,Male,Old English,0,8
Ralph,Male,Old English,0,8
Leofric,Male,Old English,0,7
Leofwine,Male,Old English,0,7
Roger,Male,Old English,0,7
Alric,Male,Old English,0,5
Edwin,Male,Old English,0,5
Hugh,Male,Old English,0,5
Siward,Male,Old English,0,5
Walter,Male,Old English,0,5
Aelfgar,Male,Old English,0,4
Alnoth,Male,Old English,0,4
Alsige,Male,Old English,0,4
Alwig,Male,Old English,0,4
Richard,Male,Old English,0,4
Thorkil,Male,Old English,0,4
Ulfkil,Male,Old English,0,4
Wulfmaer,Male,Old English,0,4
Wulfwine,Male,Old English,0,4
Alfred,Male,Old English,0,3
Alweald,Male,Old English,0,3
Arnkil,Male,Old English,0,3
Beorhtmaer,Male,Old English,0,3
Beorhtric,Male,Old English,0,3
Edward,Male,Old English,0,3
Geoffrey,Male,Old English,0,3
Gilbert,Male,Old English,0,3
Northmann,Male,Old English,0,3
Ulf,Male,Old English,0,3
Wulfgeat,Male,Old English,0,3
Wulfweard,Male,Old English,0,3
Aethelmaer,Male,Old English,0,2
Aethelric,Male,Old English,0,2
Alstan,Male,Old English,0,2
Ansketil,Male,Old English,0,2
Azur,Male,Old English,0,2
Ealdred,Male,Old English,0,2
Earnwig,Male,Old English,0,2
Eskil,Male,Old English,0,2
Godfrey,Male,Old English,0,2
Grim,Male,Old English,0,2
Humphrey,Male,Old English,0,2
Ketil,Male,Old English,0,2
Nigel,Male,Old English,0,2
Osbern,Male,Old English,0,2
Osmund,Male,Old English,0,2
Ranulph,Male,Old English,0,2
Reynold,Male,Old English,0,2
Swein,Male,Old English,0,2
Wulfnoth,Male,Old English,0,2
Wulfsige,Male,Old English,0,2
Abba,Male,Old English,0,1
Abbud,Male,Old English,0,1
Abel,Male,Old English,0,1
Acard,Male,Old English,0,1
Acwulf,Male,Old English,0,1
Adam,Male,Old English,0,1
Adelard,Male,Old English,0,1
Adelelm,Male,Old English,0,1
Adelina,Male,Old English,0,1
Adelo,Male,Old English,0,1
Adelold,Male,Old English,0,1
Adelulf,Male,Old English,0,1
Adelund,Male,Old English,0,1
Aedi,Male,Old English,0,1
Aefic,Male,Old English,0,1
Aelfflaed,Male,Old English,0,1
Aelfgeat,Male,Old English,0,1
Aelfheah,Male,Old English,0,1
Aelfhelm,Male,Old English,0,1
Aelfhere,Male,Old English,0,1
Aelfnoth,Male,Old English,0,1
Aelfsige,Male,Old English,0,1
Aelfstan,Male,Old English,0,1
Aelfweald,Male,Old English,0,1
Aelfweard,Male,Old English,0,1
Aelfwig,Male,Old English,0,1
Aelfwine,Male,Old English,0,1
Aellic,Male,Old English,0,1
Aelling,Male,Old English,0,1
Aelmaer,Male,Old English,0,1
Aerling,Male,Old English,0,1
Aeschere,Male,Old English,0,1
Aescmann,Male,Old English,0,1
Aescraed,Male,Old English,0,1
Aescwulf,Male,Old English,0,1
Aestan,Male,Old English,0,1
Aethelbald,Male,Old English,0,1
Aethelbeorht,Male,Old English,0,1
Aethelbeorn,Male,Old English,0,1
Aethelfrith,Male,Old English,0,1
Aethelgeat,Male,Old English,0,1
Aethelgifu,Male,Old English,0,1
Aethelheard,Male,Old English,0,1
Aethelhelm,Male,Old English,0,1
Aethelmund,Male,Old English,0,1
Aethelnoth,Male,Old English,0,1
Aethelraed,Male,Old English,0,1
Aethelred,Male,Old English,0,1
Aethelrun,Male,Old English,0,1
Aethelsige,Male,Old English,0,1
Aethelstan,Male,Old English,0,1
Aethelwacer,Male,Old English,0,1
Aethelweald,Male,Old English,0,1
Aethelweard,Male,Old English,0,1
Aethelwig,Male,Old English,0,1
Aethelwine,Male,Old English,0,1
Aethelwulf,Male,Old English,0,1
Agemund,Male,Old English,0,1
Agenet,Male,Old English,0,1
Agenulf,Male,Old English,0,1
Aghete,Male,Old English,0,1
Ailbald,Male,Old English,0,1
Ailbernus,Male,Old English,0,1
Aildeig,Male,Old English,0,1
Ainuar,Male,Old English,0,1
Ainulf,Male,Old English,0,1
Airard,Male,Old English,0,1
Aisil,Male,Old English,0,1
Aitard,Male,Old English,0,1
Aiulf,Male,Old English,0,1
Akeli,Male,Old English,0,1
Aki,Male,Old English,0,1
Akile,Male,Old English,0,1
Alaf,Male,Old English,0,1
Alan,Male,Old English,0,1
Albert,Male,Old English,0,1
Albold,Male,Old English,0,1
Alcolm,Male,Old English,0,1
Alcude,Male,Old English,0,1
Aldelin,Male,Old English,0,1
Alfgrim,Male,Old English,0,1
Alfketil,Male,Old English,0,1
Alfkil,Male,Old English,0,1
Alfrith,Male,Old English,0,1
Algeard,Male,Old English,0,1
Algeat,Male,Old English,0,1
Algot,Male,Old English,0,1
Ali,Male,Old English,0,1
Alli,Male,Old English,0,1
Almund,Male,Old English,0,1
Altei,Male,Old English,0,1
Aluerle,Male,Old English,0,1
Alulf,Male,Old English,0,1
Alun,Male,Old English,0,1
Alvar,Male,Old English,0,1
Alweis,Male,Old English,0,1
Alwulf,Male,Old English,0,1
Amalfrid,Male,Old English,0,1
Amalgar,Male,Old English,0,1
Amaury,Male,Old English,0,1
Ambrose,Male,Old English,0,1
Amerland,Male,Old English,0,1
Amund,Male,Old English,0,1
Ana,Male,Old English,0,1
Anand,Male,Old English,0,1
Andor,Male,Old English,0,1
Andrac,Male,Old English,0,1
Andrew,Male,Old English,0,1
Ansculf,Male,Old English,0,1
Anseis,Male,Old English,0,1
Anselm,Male,Old English,0,1
Ansered,Male,Old English,0,1
Ansfrid,Male,Old English,0,1
Ansger,Male,Old English,0,1
Ansgered,Male,Old English,0,1
Ansgot,Male,Old English,0,1
Anund,Male,Old English,0,1
Api,Male,Old English,0,1
Aret,Male,Old English,0,1
Arnbern,Male,Old English,0,1
Arnbrand,Male,Old English,0,1
Arnger,Male,Old English,0,1
Arngrim,Male,Old English,0,1
Arni,Male,Old English,0,1
Arnold,Male,Old English,0,1
Artald,Male,Old English,0,1
Arthor,Male,Old English,0,1
Arthur,Male,Old English,0,1
Artor,Male,Old English,0,1
Arulf,Male,Old English,0,1
Asa,Male,Old English,0,1
Ascelin,Male,Old English,0,1
Asfrith,Male,Old English,0,1
Asfrothr,Male,Old English,0,1
Asi,Male,Old English,0,1
Aski,Male,Old English,0,1
Aslak,Male,Old English,0,1
Aslen,Male,Old English,0,1
Asli,Male,Old English,0,1
Asrothr,Male,Old English,0,1
Asulf,Male,Old English,0,1
Aswith,Male,Old English,0,1
Atilic,Male,Old English,0,1
Aubrey,Male,Old English,0,1
Audkil,Male,Old English,0,1
Augi,Male,Old English,0,1
Austin,Male,Old English,0,1
Auti,Male,Old English,0,1
Avelin,Male,Old English,0,1
Avenel,Male,Old English,0,1
Azelin,Male,Old English,0,1
Azo,Male,Old English,0,1
Baca,Male,Old English,0,1
Bada,Male,Old English,0,1
Baedling,Male,Old English,0,1
Baerghthor,Male,Old English,0,1
Bagot,Male,Old English,0,1
Baldric,Male,Old English,0,1
Baldwin,Male,Old English,0,1
Balki,Male,Old English,0,1
Bark,Male,Old English,0,1
Barn,Male,Old English,0,1
Barni,Male,Old English,0,1
Barth,Male,Old English,0,1
Barthi,Male,Old English,0,1
Basinc,Male,Old English,0,1
Baswin,Male,Old English,0,1
Batswein,Male,Old English,0,1
Baudry,Male,Old English,0,1
Bearda,Male,Old English,0,1
Beatrice,Male,Old English,0,1
Beluard,Male,Old English,0,1
Benedict,Male,Old English,0,1
Bentelin,Male,Old English,0,1
Benzelin,Male,Old English,0,1
Beollan,Male,Old English,0,1
Beorhtfrith,Male,Old English,0,1
Beorhtheah,Male,Old English,0,1
Beorhthere,Male,Old English,0,1
Beorhthun,Male,Old English,0,1
Beorhtmann,Male,Old English,0,1
Beorhtnoth,Male,Old English,0,1
Beorhtraed,Male,Old English,0,1
Beorhtsige,Male,Old English,0,1
Beorhtstan,Male,Old English,0,1
Beorhtweald,Male,Old English,0,1
Beorhtweard,Male,Old English,0,1
Beorhtwig,Male,Old English,0,1
Beorhtwine,Male,Old English,0,1
Beorhtwulf,Male,Old English,0,1
Beorn,Male,Old English,0,1
Beornheah,Male,Old English,0,1
Beornweald,Male,Old English,0,1
Beornwulf,Male,Old English,0,1
Bera,Male,Old English,0,1
Berard,Male,Old English,0,1
Berenger,Male,Old English,0,1
Berewold,Male,Old English,0,1
Bergulf,Male,Old English,0,1
Bernard,Male,Old English,0,1
Berner,Male,Old English,0,1
Berold,Male,Old English,0,1
Bersi,Male,Old English,0,1
Berthor,Male,Old English,0,1
Bertram,Male,Old English,0,1
Besi,Male,Old English,0,1
Best,Male,Old English,0,1
Bettice,Male,Old English,0,1
Beulf,Male,Old English,0,1
Bicca,Male,Old English,0,1
Bigot,Male,Old English,0,1
Bil,Male,Old English,0,1
Bisceop,Male,Old English,0,1
Bisi,Male,Old English,0,1
Blaca,Male,Old English,0,1
Blacher,Male,Old English,0,1
Blaec,Male,Old English,0,1
Blaecmaer,Male,Old English,0,1
Blaecmann,Male,Old English,0,1
Blaecstan,Male,Old English,0,1
Blaecsunu,Male,Old English,0,1
Blaecwine,Male,Old English,0,1
Blanc,Male,Old English,0,1
Blanchard,Male,Old English,0,1
Blechu,Male,Old English,0,1
Bleio,Male,Old English,0,1
Blize,Male,Old English,0,1
Blohin,Male,Old English,0,1
Bo,Male,Old English,0,1
Boda,Male,Old English,0,1
Bodd,Male,Old English,0,1
Bodin,Male,Old English,0,1
Boia,Male,Old English,0,1
Bolla,Male,Old English,0,1
Bolli,Male,Old English,0,1
Bondi,Male,Old English,0,1
Bordin,Male,Old English,0,1
Borel,Male,Old English,0,1
Boscher,Male,Old English,0,1
Boselin,Male,Old English,0,1
Bosi,Male,Old English,0,1
Boso,Male,Old English,0,1
Bosten,Male,Old English,0,1
Boteric,Male,Old English,0,1
Bothild,Male,Old English,0,1
Boti,Male,Old English,0,1
Botic,Male,Old English,0,1
Botolph,Male,Old English,0,1
Bovi,Male,Old English,0,1
Bovo,Male,Old English,0,1
Brand,Male,Old English,0,1
Brandulf,Male,Old English,0,1
Brandwin,Male,Old English,0,1
Branting,Male,Old English,0,1
Breme,Male,Old English,0,1
Bretel,Male,Old English,0,1
Brian,Male,Old English,0,1
Brisard,Male,Old English,0,1
Broddi,Male,Old English,0,1
Broklauss,Male,Old English,0,1
Brorda,Male,Old English,0,1
Brothir,Male,Old English,0,1
Brothor,Male,Old English,0,1
Brumage,Male,Old English,0,1
Brun,Male,Old English,0,1
Brunard,Male,Old English,0,1
Brunel,Male,Old English,0,1
Brungar,Male,Old English,0,1
Brunhyse,Male,Old English,0,1
Brunier,Male,Old English,0,1
Bruning,Male,Old English,0,1
Brunlocc,Male,Old English,0,1
Brunmaer,Male,Old English,0,1
Brunmann,Male,Old English,0,1
Brunsunu,Male,Old English,0,1
Brunwine,Male,Old English,0,1
Bucca,Male,Old English,0,1
Buggi,Male,Old English,0,1
Bului,Male,Old English,0,1
Burdel,Male,Old English,0,1
Burgheard,Male,Old English,0,1
Burghelm,Male,Old English,0,1
Burghi,Male,Old English,0,1
Burgnoth,Male,Old English,0,1
Burgraed,Male,Old English,0,1
Burgric,Male,Old English,0,1
Burgweald,Male,Old English,0,1
Burning,Male,Old English,0,1
Burra,Male,Old English,0,1
Burrer,Male,Old English,0,1
Buter,Male,Old English,0,1
Cadian,Male,Old English,0,1
Cadio,Male,Old English,0,1
Cadwallon,Male,Old English,0,1
Cafla,Male,Old English,0,1
Calebot,Male,Old English,0,1
Cam,Male,Old English,0,1
Cana,Male,Old English,0,1
Carbonnel,Male,Old English,0,1
Carl,Male,Old English,0,1
Carlman,Male,Old English,0,1
Cenred,Male,Old English,0,1
Centing,Male,Old English,0,1
Centisc,Male,Old English,0,1
Centwine,Male,Old English,0,1
Ceolmaer,Male,Old English,0,1
Ceolraed,Male,Old English,0,1
Ceolred,Male,Old English,0,1
Ceolric,Male,Old English,0,1
Ceolstan,Male,Old English,0,1
Ceolweald,Male,Old English,0,1
Ceolwine,Male,Old English,0,1
Chemarhuec,Male,Old English,0,1
Chenias,Male,Old English,0,1
Cille,Male,Old English,0,1
Claman,Male,Old English,0,1
Clarebald,Male,Old English,0,1
Clarenbold,Male,Old English,0,1
Claron,Male,Old English,0,1
Clibert,Male,Old English,0,1
Clodoan,Male,Old English,0,1
Cniht,Male,Old English,0,1
Cnut,Male,Old English,0,1
Cockhaghni,Male,Old English,0,1
Cola,Male,Old English,0,1
Colben,Male,Old English,0,1
Colbern,Male,Old English,0,1
Colbert,Male,Old English,0,1
Colbrand,Male,Old English,0,1
Coleman,Male,Old English,0,1
Colgrim,Male,Old English,0,1
Colling,Male,Old English,0,1
Colman,Male,Old English,0,1
Colmann,Male,Old English,0,1
Colsege,Male,Old English,0,1
Colswein,Male,Old English,0,1
Columban,Male,Old English,0,1
Colwin,Male,Old English,0,1
Colwine,Male,Old English,0,1
Conan,Male,Old English,0,1
Conded,Male,Old English,0,1
Corbelin,Male,Old English,0,1
Corbin,Male,Old English,0,1
Corp,Male,Old English,0,1
Costelin,Male,Old English,0,1
Crawa,Male,Old English,0,1
Crin,Male,Old English,0,1
Croc,Male,Old English,0,1
Cus,Male,Old English,0,1
Cuthwulf,Male,Old English,0,1
Cwenleofu,Male,Old English,0,1
Cwenthryth,Male,Old English,0,1
Cynegar,Male,Old English,0,1
Cyneric,Male,Old English,0,1
Cynesige,Male,Old English,0,1
Cynestan,Male,Old English,0,1
Cyneweald,Male,Old English,0,1
Cyneweard,Male,Old English,0,1
Cynewig,Male,Old English,0,1
Cynewine,Male,Old English,0,1
Cynna,Male,Old English,0,1
Cynning,Male,Old English,0,1
Cypping,Male,Old English,0,1
Dachelin,Male,Old English,0,1
Daeging,Male,Old English,0,1
Dagobert,Male,Old English,0,1
Dane,Male,Old English,0,1
David,Male,Old English,0,1
Dedol,Male,Old English,0,1
Deincora,Male,Old English,0,1
Dela,Male,Old English,0,1
Demiblanc,Male,Old English,0,1
Dene,Male,Old English,0,1
Denemund,Male,Old English,0,1
Deorc,Male,Old English,0,1
Deoring,Male,Old English,0,1
Deormann,Male,Old English,0,1
Deorsige,Male,Old English,0,1
Deorstan,Male,Old English,0,1
Deorwulf,Male,Old English,0,1
Deorwynn,Male,Old English,0,1
Doda,Male,Old English,0,1
Dodemann,Male,Old English,0,1
Dodin,Male,Old English,0,1
Doding,Male,Old English,0,1
Dolfin,Male,Old English,0,1
Domnic,Male,Old English,0,1
Donald,Male,Old English,0,1
Donewald,Male,Old English,0,1
Dot,Male,Old English,0,1
Dreng,Male,Old English,0,1
Drew,Male,Old English,0,1
Druward,Male,Old English,0,1
Dubhan,Male,Old English,0,1
Dubhghall,Male,Old English,0,1
Duncan,Male,Old English,0,1
Dunhelm,Male,Old English,0,1
Dunn,Male,Old English,0,1
Dunna,Male,Old English,0,1
Dunnic,Male,Old English,0,1
Dunning,Male,Old English,0,1
Duns,Male,Old English,0,1
Dunstan,Male,Old English,0,1
Durand,Male,Old English,0,1
Dynechaie,Male,Old English,0,1
Eadhild,Male,Old English,0,1
Eadlufu,Male,Old English,0,1
Eadmaer,Male,Old English,0,1
Eadne,Male,Old English,0,1
Eadnoth,Male,Old English,0,1
Eadraed,Male,Old English,0,1
Eadred,Male,Old English,0,1
Eadsige,Male,Old English,0,1
Eadstan,Male,Old English,0,1
Eadweald,Male,Old English,0,1
Eadwig,Male,Old English,0,1
Eadwulf,Male,Old English,0,1
Ealdbeorht,Male,Old English,0,1
Ealdceorl,Male,Old English,0,1
Ealdgar,Male,Old English,0,1
Ealdormann,Male,Old English,0,1
Ealdwif,Male,Old English,0,1
Ealdwig,Male,Old English,0,1
Ealdwine,Male,Old English,0,1
Ealdwulf,Male,Old English,0,1
Ealhhere,Male,Old English,0,1
Ealhmund,Male,Old English,0,1
Eardwulf,Male,Old English,0,1
Earngeat,Male,Old English,0,1
Earnsige,Male,Old English,0,1
Earnweald,Male,Old English,0,1
Earnwine,Male,Old English,0,1
Earnwulf,Male,Old English,0,1
Eastmund,Male,Old English,0,1
Eastred,Male,Old English,0,1
Ebbi,Male,Old English,0,1
Ebrard,Male,Old English,0,1
Ecgbeorht,Male,Old English,0,1
Ecgbrand,Male,Old English,0,1
Ecgfrith,Male,Old English,0,1
Ecgwulf,Male,Old English,0,1
Edelo,Male,Old English,0,1
Edgar,Male,Old English,0,1
Edmund,Male,Old English,0,1
Einbald,Male,Old English,0,1
Einger,Male,Old English,0,1
Einulf,Male,Old English,0,1
Elaf,Male,Old English,0,1
Elfin,Male,Old English,0,1
Eli,Male,Old English,0,1
Elinant,Male,Old English,0,1
Elmui,Male,Old English,0,1
Enar,Male,Old English,0,1
Engelbald,Male,Old English,0,1
Engelbert,Male,Old English,0,1
Engeler,Male,Old English,0,1
Engelric,Male,Old English,0,1
Engenold,Male,Old English,0,1
Engenulph,Male,Old English,0,1
Englebert,Male,Old English,0,1
Enisant,Male,Old English,0,1
Epi,Male,Old English,0,1
Erchenbald,Male,Old English,0,1
Erchenger,Male,Old English,0,1
Erembald,Male,Old English,0,1
Eric,Male,Old English,0,1
Erland,Male,Old English,0,1
Erlebald,Male,Old English,0,1
Erlekin,Male,Old English,0,1
Erlewin,Male,Old English,0,1
Ermenald,Male,Old English,0,1
Ermenfrid,Male,Old English,0,1
Ermengot,Male,Old English,0,1
Ernburgis,Male,Old English,0,1
Ernebald,Male,Old English,0,1
Erneis,Male,Old English,0,1
Ernucion,Male,Old English,0,1
Ernulf,Male,Old English,0,1
Ertein,Male,Old English,0,1
Esbern,Male,Old English,0,1
Escelf,Male,Old English,0,1
Esgar,Male,Old English,0,1
Estred,Male,Old English,0,1
Eudo,Male,Old English,0,1
Euen,Male,Old English,0,1
Eur,Male,Old English,0,1
Eurold,Male,Old English,0,1
Eustace,Male,Old English,0,1
Eustan,Male,Old English,0,1
Everard,Male,Old English,0,1
Everhelm,Male,Old English,0,1
Evermar,Male,Old English,0,1
Everwacer,Male,Old English,0,1
Everwin,Male,Old English,0,1
Ewicman,Male,Old English,0,1
Fader,Male,Old English,0,1
Faderlin,Male,Old English,0,1
Fanceon,Male,Old English,0,1
Fargrim,Male,Old English,0,1
Farmann,Male,Old English,0,1
Farthin,Male,Old English,0,1
Fastolf,Male,Old English,0,1
Fastrad,Male,Old English,0,1
Fech,Male,Old English,0,1
Feggi,Male,Old English,0,1
Fenkell,Male,Old English,0,1
Feolaga,Male,Old English,0,1
Fermeus,Male,Old English,0,1
Ferron,Male,Old English,0,1
Fiacc,Male,Old English,0,1
Filimann,Male,Old English,0,1
Finn,Male,Old English,0,1
Finnghall,Male,Old English,0,1
Firmat,Male,Old English,0,1
Fisc,Male,Old English,0,1
Flint,Male,Old English,0,1
Flohere,Male,Old English,0,1
Flotmann,Male,Old English,0,1
Folcard,Male,Old English,0,1
Folcwine,Male,Old English,0,1
Forne,Male,Old English,0,1
Forni,Male,Old English,0,1
Forthraed,Male,Old English,0,1
Forthred,Male,Old English,0,1
Franco,Male,Old English,0,1
Frani,Male,Old English,0,1
Frank,Male,Old English,0,1
Frawin,Male,Old English,0,1
Frawine,Male,Old English,0,1
Fredegis,Male,Old English,0,1
Frederic,Male,Old English,0,1
Freond,Male,Old English,0,1
Freowine,Male,Old English,0,1
Frewin,Male,Old English,0,1
Fridebern,Male,Old English,0,1
Fridebert,Male,Old English,0,1
Friendai,Male,Old English,0,1
Frodo,Male,Old English,0,1
Frothi,Male,Old English,0,1
Frumold,Male,Old English,0,1
Fugel,Male,Old English,0,1
Fuglo,Male,Old English,0,1
Fulbert,Male,Old English,0,1
Fulbric,Male,Old English,0,1
Fulcard,Male,Old English,0,1
Fulcher,Male,Old English,0,1
Fulcold,Male,Old English,0,1
Fulcran,Male,Old English,0,1
Fulcred,Male,Old English,0,1
Fulcric,Male,Old English,0,1
Fulcwig,Male,Old English,0,1
Fulcwin,Male,Old English,0,1
Fulcwold,Male,Old English,0,1
Fulk,Male,Old English,0,1
Fulki,Male,Old English,0,1
Fursa,Male,Old English,0,1
Gamel,Male,Old English,0,1
Gamelin,Male,Old English,0,1
Gardulf,Male,Old English,0,1
Gausbert,Male,Old English,0,1
Gauti,Male,Old English,0,1
Genred,Male,Old English,0,1
Genust,Male,Old English,0,1
Gerald,Male,Old English,0,1
Gerard,Male,Old English,0,1
Gerbert,Male,Old English,0,1
Gerhelm,Male,Old English,0,1
Geri,Male,Old English,0,1
Gerin,Male,Old English,0,1
Gerling,Male,Old English,0,1
German,Male,Old English,0,1
Germanus,Male,Old English,0,1
Germund,Male,Old English,0,1
Gernand,Male,Old English,0,1
Gernio,Male,Old English,0,1
Geron,Male,Old English,0,1
Gerwy,Male,Old English,0,1
Gest,Male,Old English,0,1
Gethne,Male,Old English,0,1
Gherbod,Male,Old English,0,1
Gidre,Male,Old English,0,1
Giffard,Male,Old English,0,1
Giles,Male,Old English,0,1
Gilleandrais,Male,Old English,0,1
Gillebride,Male,Old English,0,1
Gillemicel,Male,Old English,0,1
Gillepatric,Male,Old English,0,1
Gilli,Male,Old English,0,1
Ginni,Male,Old English,0,1
Giso,Male,Old English,0,1
Givold,Male,Old English,0,1
Glaedmann,Male,Old English,0,1
Glaedwine,Male,Old English,0,1
Gleu,Male,Old English,0,1
Glewine,Male,Old English,0,1
Gliwman,Male,Old English,0,1
Gluniairnn,Male,Old English,0,1
God,Male,Old English,0,1
Goda,Male,Old English,0,1
Godard,Male,Old English,0,1
Godbald,Male,Old English,0,1
Godbold,Male,Old English,0,1
Goddaeg,Male,Old English,0,1
Godelind,Male,Old English,0,1
Godescal,Male,Old English,0,1
Godhere,Male,Old English,0,1
Godhild,Male,Old English,0,1
Godhyse,Male,Old English,0,1
Goding,Male,Old English,0,1
Godlamb,Male,Old English,0,1
Godmaer,Male,Old English,0,1
Godmann,Male,Old English,0,1
Godmund,Male,Old English,0,1
Godrun,Male,Old English,0,1
Godstan,Male,Old English,0,1
Godsunu,Male,Old English,0,1
Godtovi,Male,Old English,0,1
Godwig,Male,Old English,0,1
Goismer,Male,Old English,0,1
Gold,Male,Old English,0,1
Golda,Male,Old English,0,1
Goldhere,Male,Old English,0,1
Golding,Male,Old English,0,1
Goldmann,Male,Old English,0,1
Goldnir,Male,Old English,0,1
Goldric,Male,Old English,0,1
Goldrun,Male,Old English,0,1
Goldstan,Male,Old English,0,1
Goldwine,Male,Old English,0,1
Gollam,Male,Old English,0,1
Gontard,Male,Old English,0,1
Gos,Male,Old English,0,1
Gosbert,Male,Old English,0,1
Goscelm,Male,Old English,0,1
Gospatric,Male,Old English,0,1
Gotar,Male,Old English,0,1
Gouti,Male,Old English,0,1
Gozo,Male,Old English,0,1
Grapinel,Male,Old English,0,1
Greifi,Male,Old English,0,1
Grene,Male,Old English,0,1
Grento,Male,Old English,0,1
Grimbald,Male,Old English,0,1
Grimbert,Male,Old English,0,1
Grimkil,Male,Old English,0,1
Grimulf,Male,Old English,0,1
Grucan,Male,Old English,0,1
Gruffudd,Male,Old English,0,1
Gueri,Male,Old English,0,1
Guibert,Male,Old English,0,1
Gulbert,Male,Old English,0,1
Gulfered,Male,Old English,0,1
Gundhard,Male,Old English,0,1
Gundrada,Male,Old English,0,1
Gundulf,Male,Old English,0,1
Gundwin,Male,Old English,0,1
Gunfrid,Male,Old English,0,1
Gunnar,Male,Old English,0,1
Gunni,Male,Old English,0,1
Gunning,Male,Old English,0,1
Gunnkil,Male,Old English,0,1
Gunnulf,Male,Old English,0,1
Gunnwati,Male,Old English,0,1
Guntard,Male,Old English,0,1
Gunter,Male,Old English,0,1
Guntram,Male,Old English,0,1
Gunward,Male,Old English,0,1
Guthbert,Male,Old English,0,1
Guthfrith,Male,Old English,0,1
Guthlac,Male,Old English,0,1
Guthlif,Male,Old English,0,1
Guthmund,Male,Old English,0,1
Guthred,Male,Old English,0,1
Guthrith,Male,Old English,0,1
Guthrothr,Male,Old English,0,1
Guy,Male,Old English,0,1
Gyrth,Male,Old English,0,1
Habeinn,Male,Old English,0,1
Haca,Male,Old English,0,1
Hacon,Male,Old English,0,1
Hademar,Male,Old English,0,1
Hadwig,Male,Old English,0,1
Hafgrim,Male,Old English,0,1
Hagebern,Male,Old English,0,1
Haghni,Male,Old English,0,1
Hagobert,Male,Old English,0,1
Hagris,Male,Old English,0,1
Haimeric,Male,Old English,0,1
Halden,Male,Old English,0,1
Haldor,Male,Old English,0,1
Hamard,Male,Old English,0,1
Hambe,Male,Old English,0,1
Hamelin,Male,Old English,0,1
Hamon,Male,Old English,0,1
Hansard,Male,Old English,0,1
Hardekin,Male,Old English,0,1
Hardwin,Male,Old English,0,1
Haret,Male,Old English,0,1
Harold,Male,Old English,0,1
Harthacnut,Male,Old English,0,1
Harthgripr,Male,Old English,0,1
Hascoit,Male,Old English,0,1
Hasten,Male,Old English,0,1
Hato,Male,Old English,0,1
Hawarth,Male,Old English,0,1
Heading,Male,Old English,0,1
Healfdene,Male,Old English,0,1
Heardedun,Male,Old English,0,1
Hearding,Male,Old English,0,1
Heardwine,Male,Old English,0,1
Heardwulf,Male,Old English,0,1
Heca,Male,Old English,0,1
Hedned,Male,Old English,0,1
Heldred,Male,Old English,0,1
Heldric,Male,Old English,0,1
Helghi,Male,Old English,0,1
Helgot,Male,Old English,0,1
Helio,Male,Old English,0,1
Helmer,Male,Old English,0,1
Helto,Male,Old English,0,1
Hemming,Male,Old English,0,1
Henry,Male,Old English,0,1
Heoruwulf,Male,Old English,0,1
Heorwulf,Male,Old English,0,1
Heppo,Male,Old English,0,1
Herbert,Male,Old English,0,1
Herbrand,Male,Old English,0,1
Here,Male,Old English,0,1
Heremar,Male,Old English,0,1
Hereweald,Male,Old English,0,1
Hereweard,Male,Old English,0,1
Herfast,Male,Old English,0,1
Herfrid,Male,Old English,0,1
Heringod,Male,Old English,0,1
Herk,Male,Old English,0,1
Herlebald,Male,Old English,0,1
Herling,Male,Old English,0,1
Herluin,Male,Old English,0,1
Herman,Male,Old English,0,1
Hermer,Male,Old English,0,1
Hernetoc,Male,Old English,0,1
Herolf,Male,Old English,0,1
Herpul,Male,Old English,0,1
Herstan,Male,Old English,0,1
Hertald,Male,Old English,0,1
Hervey,Male,Old English,0,1
Herzelin,Male,Old English,0,1
Hildefrith,Male,Old English,0,1
Hildwine,Male,Old English,0,1
Hnott,Male,Old English,0,1
Hoc,Male,Old English,0,1
Hofward,Male,Old English,0,1
Hoga,Male,Old English,0,1
Holand,Male,Old English,0,1
Hold,Male,Old English,0,1
Holdwin,Male,Old English,0,1
Holefest,Male,Old English,0,1
Holmger,Male,Old English,0,1
Holmketil,Male,Old English,0,1
Homdai,Male,Old English,0,1
Horling,Male,Old English,0,1
Horrap,Male,Old English,0,1
Howard,Male,Old English,0,1
Hrafnsvartr,Male,Old English,0,1
Hringwulf,Male,Old English,0,1
Hroc,Male,Old English,0,1
Hrothmund,Male,Old English,0,1
Hubald,Male,Old English,0,1
Hubert,Male,Old English,0,1
Hueta,Male,Old English,0,1
Hugolin,Male,Old English,0,1
Huna,Male,Old English,0,1
Hunald,Male,Old English,0,1
Hunchil,Male,Old English,0,1
Hundegrim,Male,Old English,0,1
Hundger,Male,Old English,0,1
Hunding,Male,Old English,0,1
Hundulf,Male,Old English,0,1
Hunebot,Male,Old English,0,1
Hunepot,Male,Old English,0,1
Hunger,Male,Old English,0,1
Hunmann,Male,Old English,0,1
Hunning,Male,Old English,0,1
Hunnoth,Male,Old English,0,1
Hunta,Male,Old English,0,1
Hunulf,Male,Old English,0,1
Hunwine,Male,Old English,0,1
Huscal,Male,Old English,0,1
Huscarl,Male,Old English,0,1
Husteman,Male,Old English,0,1
Hwaetmann,Male,Old English,0,1
Hwelp,Male,Old English,0,1
Iarnagot,Male,Old English,0,1
Ifing,Male,Old English,0,1
Ilbert,Male,Old English,0,1
Ilbod,Male,Old English,0,1
Ildebert,Male,Old English,0,1
Ilger,Male,Old English,0,1
Ingelran,Male,Old English,0,1
Ingenulf,Male,Old English,0,1
Ingifrith,Male,Old English,0,1
Ingimund,Male,Old English,0,1
Ingold,Male,Old English,0,1
Ingram,Male,Old English,0,1
Ingrith,Male,Old English,0,1
Ingulf,Male,Old English,0,1
Ingvar,Male,Old English,0,1
Iolf,Male,Old English,0,1
Isaac,Male,Old English,0,1
Isembard,Male,Old English,0,1
Iseward,Male,Old English,0,1
Isolde,Male,Old English,0,1
Iuli,Male,Old English,0,1
Iusten,Male,Old English,0,1
Ivar,Male,Old English,0,1
Ivo,Male,Old English,0,1
Iwain,Male,Old English,0,1
Iward,Male,Old English,0,1
Jacob,Male,Old English,0,1
Jagelin,Male,Old English,0,1
Jocelin,Male,Old English,0,1
Johais,Male,Old English,0,1
John,Male,Old English,0,1
Jorain,Male,Old English,0,1
Joscelin,Male,Old English,0,1
Joseph,Male,Old English,0,1
Jovin,Male,Old English,0,1
Judhael,Male,Old English,0,1
Judicael,Male,Old English,0,1
Kari,Male,Old English,0,1
Karski,Male,Old English,0,1
Kaski,Male,Old English,0,1
Kene,Male,Old English,0,1
Ketilbern,Male,Old English,0,1
Ketilbert,Male,Old English,0,1
Klak,Male,Old English,0,1
Koddi,Male,Old English,0,1
Kofsi,Male,Old English,0,1
Kolli,Male,Old English,0,1
Lagman,Male,Old English,0,1
Lambert,Male,Old English,0,1
Lambi,Male,Old English,0,1
Lambkarl,Male,Old English,0,1
Lanc,Male,Old English,0,1
Land,Male,Old English,0,1
Landric,Male,Old English,0,1
Lanfranc,Male,Old English,0,1
Langabein,Male,Old English,0,1
Langfer,Male,Old English,0,1
Lanzelin,Male,Old English,0,1
Lanzo,Male,Old English,0,1
Laurence,Male,Old English,0,1
Leith,Male,Old English,0,1
Leodflaed,Male,Old English,0,1
Leodmaer,Male,Old English,0,1
Leodmann,Male,Old English,0,1
Leodwig,Male,Old English,0,1
Leodwine,Male,Old English,0,1
Leofa,Male,Old English,0,1
Leofcild,Male,Old English,0,1
Leofdaeg,Male,Old English,0,1
Leofgar,Male,Old English,0,1
Leofgeat,Male,Old English,0,1
Leofgyth,Male,Old English,0,1
Leofhelm,Male,Old English,0,1
Leofhild,Male,Old English,0,1
Leofhyse,Male,Old English,0,1
Leofing,Male,Old English,0,1
Leofketil,Male,Old English,0,1
Leofkoll,Male,Old English,0,1
Leofmaer,Male,Old English,0,1
Leofmann,Male,Old English,0,1
Leofnoth,Male,Old English,0,1
Leofraed,Male,Old English,0,1
Leofred,Male,Old English,0,1
Leofsige,Male,Old English,0,1
Leofstan,Male,Old English,0,1
Leofsunu,Male,Old English,0,1
Leofweald,Male,Old English,0,1
Leofweard,Male,Old English,0,1
Leofwig,Male,Old English,0,1
Leohtgifu,Male,Old English,0,1
Leohtwine,Male,Old English,0,1
Leomaer,Male,Old English,0,1
Letard,Male,Old English,0,1
Letelin,Male,Old English,0,1
Leysingr,Male,Old English,0,1
Liboret,Male,Old English,0,1
Ligulf,Male,Old English,0,1
Lindbald,Male,Old English,0,1
Linxi,Male,Old English,0,1
Lithsmann,Male,Old English,0,1
Liulf,Male,Old English,0,1
Liut,Male,Old English,0,1
Livol,Male,Old English,0,1
Locre,Male,Old English,0,1
Lodi,Male,Old English,0,1
Lodric,Male,Old English,0,1
Lodwine,Male,Old English,0,1
Loernic,Male,Old English,0,1
Lokki,Male,Old English,0,1
Lorc,Male,Old English,0,1
Lort,Male,Old English,0,1
Losoard,Male,Old English,0,1
Lothen,Male,Old English,0,1
Lother,Male,Old English,0,1
Lovel,Male,Old English,0,1
Lovell,Male,Old English,0,1
Lovet,Male,Old English,0,1
Ludi,Male,Old English,0,1
Ludo,Male,Old English,0,1
Lufa,Male,Old English,0,1
Lunden,Male,Old English,0,1
Lunen,Male,Old English,0,1
Lurk,Male,Old English,0,1
Lustwine,Male,Old English,0,1
Lutting,Male,Old English,0,1
Luuede,Male,Old English,0,1
Luuetote,Male,Old English,0,1
Maban,Male,Old English,0,1
Maccus,Male,Old English,0,1
Macharius,Male,Old English,0,1
Machel,Male,Old English,0,1
Machern,Male,Old English,0,1
Madalgrim,Male,Old English,0,1
Maelcolumban,Male,Old English,0,1
Maerleswein,Male,Old English,0,1
Magbanec,Male,Old English,0,1
Magni,Male,Old English,0,1
Mainard,Male,Old English,0,1
Maino,Male,Old English,0,1
Mainou,Male,Old English,0,1
Maiulf,Male,Old English,0,1
Maldred,Male,Old English,0,1
Malet,Male,Old English,0,1
Malvoisin,Male,Old English,0,1
Man,Male,Old English,0,1
Manasses,Male,Old English,0,1
Manbodo,Male,Old English,0,1
Manegot,Male,Old English,0,1
Manfred,Male,Old English,0,1
Mann,Male,Old English,0,1
Manna,Male,Old English,0,1
Manni,Male,Old English,0,1
Manning,Male,Old English,0,1
Manstan,Male,Old English,0,1
Mansunu,Male,Old English,0,1
Manwine,Male,Old English,0,1
Marcher,Male,Old English,0,1
Marcud,Male,Old English,0,1
Marculf,Male,Old English,0,1
Martin,Male,Old English,0,1
Mascerel,Male,Old English,0,1
Matauc,Male,Old English,0,1
Matilda,Male,Old English,0,1
Matthew,Male,Old English,0,1
Mauger,Male,Old English,0,1
Maurice,Male,Old English,0,1
Mauua,Male,Old English,0,1
Mawa,Male,Old English,0,1
Maynard,Male,Old English,0,1
Meginta,Male,Old English,0,1
Merchion,Male,Old English,0,1
Merdo,Male,Old English,0,1
Mere,Male,Old English,0,1
Merefin,Male,Old English,0,1
Merewine,Male,Old English,0,1
Merfyn,Male,Old English,0,1
Milde,Male,Old English,0,1
Miles,Male,Old English,0,1
Modbert,Male,Old English,0,1
Modgifu,Male,Old English,0,1
Moding,Male,Old English,0,1
Modwin,Male,Old English,0,1
Molleve,Male,Old English,0,1
Moran,Male,Old English,0,1
Morcar,Male,Old English,0,1
Morcenou,Male,Old English,0,1
Moregrim,Male,Old English,0,1
Morel,Male,Old English,0,1
Morewine,Male,Old English,0,1
Morfari,Male,Old English,0,1
Moriland,Male,Old English,0,1
Morin,Male,Old English,0,1
Morulf,Male,Old English,0,1
Morvan,Male,Old English,0,1
Morwin,Male,Old English,0,1
Moses,Male,Old English,0,1
Mucel,Male,Old English,0,1
Muli,Male,Old English,0,1
Munding,Male,Old English,0,1
Mundraed,Male,Old English,0,1
Munulf,Male,Old English,0,1
Murdac,Male,Old English,0,1
Nardred,Male,Old English,0,1
Nawen,Male,Old English,0,1
Nicholas,Male,Old English,0,1
Niveling,Male,Old English,0,1
Norgaud,Male,Old English,0,1
Norman,Male,Old English,0,1
Nowy,Male,Old English,0,1
null,Male,Old English,0,1
O,Male,Old English,0,1
Ocsen,Male,Old English,0,1
Oda,Male,Old English,0,1
Odar,Male,Old English,0,1
Odard,Male,Old English,0,1
Odbert,Male,Old English,0,1
Odda,Male,Old English,0,1
Odelin,Male,Old English,0,1
Odfrid,Male,Old English,0,1
Odil,Male,Old English,0,1
Odilard,Male,Old English,0,1
Odin,Male,Old English,0,1
Odincar,Male,Old English,0,1
Odo,Male,Old English,0,1
Odoline,Male,Old English,0,1
Offa ,Male,Old English,0,1
Oger,Male,Old English,0,1
Oghe,Male,Old English,0,1
Ogis,Male,Old English,0,1
Oia,Male,Old English,0,1
Oidelard,Male,Old English,0,1
Oirant,Male,Old English,0,1
Olaf,Male,Old English,0,1
Olbald,Male,Old English,0,1
Oliver,Male,Old English,0,1
Olof,Male,Old English,0,1
Onlaf,Male,Old English,0,1
Onlof,Male,Old English,0,1
Orc,Male,Old English,0,1
Orda,Male,Old English,0,1
Ordgar,Male,Old English,0,1
Ordgeat,Male,Old English,0,1
Ordgrim,Male,Old English,0,1
Ordheah,Male,Old English,0,1
Ording,Male,Old English,0,1
Ordlaf,Male,Old English,0,1
Ordmaer,Male,Old English,0,1
Ordnoth,Male,Old English,0,1
Ordric,Male,Old English,0,1
Ordweald,Male,Old English,0,1
Ordwig,Male,Old English,0,1
Ordwulf,Male,Old English,0,1
Orm,Male,Old English,0,1
Ormkil,Male,Old English,0,1
Orthi,Male,Old English,0,1
Osbeorht,Male,Old English,0,1
Osbeorn,Male,Old English,0,1
Osbert,Male,Old English,0,1
Osfram,Male,Old English,0,1
Osfrith,Male,Old English,0,1
Osgar,Male,Old English,0,1
Osgeard,Male,Old English,0,1
Osgeat,Male,Old English,0,1
Osgot,Male,Old English,0,1
Osketil,Male,Old English,0,1
Oslac,Male,Old English,0,1
Osmaer,Male,Old English,0,1
Osmelin,Male,Old English,0,1
Ospak,Male,Old English,0,1
Ostula,Male,Old English,0,1
Osweald,Male,Old English,0,1
Osweard,Male,Old English,0,1
Oswig,Male,Old English,0,1
Oswine,Male,Old English,0,1
Oswulf,Male,Old English,0,1
Otbert,Male,Old English,0,1
Otbold,Male,Old English,0,1
Otelin,Male,Old English,0,1
Otfrida,Male,Old English,0,1
Othenkar,Male,Old English,0,1
Other,Male,Old English,0,1
Othin,Male,Old English,0,1
Othulf,Male,Old English,0,1
Ottar,Male,Old English,0,1
Otti,Male,Old English,0,1
Oualet,Male,Old English,0,1
Outgrim,Male,Old English,0,1
Outhulf,Male,Old English,0,1
Outhvid,Male,Old English,0,1
Owain,Male,Old English,0,1
Owine,Male,Old English,0,1
Ows,Male,Old English,0,1
Padda,Male,Old English,0,1
Pain,Male,Old English,0,1
Palli,Male,Old English,0,1
Papald,Male,Old English,0,1
Patta,Male,Old English,0,1
Paul,Male,Old English,0,1
Paulinus,Male,Old English,0,1
Payn,Male,Old English,0,1
Pecoc,Male,Old English,0,1
Peret,Male,Old English,0,1
Perle,Male,Old English,0,1
Peter,Male,Old English,0,1
Peverel,Male,Old English,0,1
Pic,Male,Old English,0,1
Picot,Male,Old English,0,1
Pilwine,Male,Old English,0,1
Pinn,Male,Old English,0,1
Pipe,Male,Old English,0,1
Pirot,Male,Old English,0,1
Polcehard,Male,Old English,0,1
Pota,Male,Old English,0,1
Quentin,Male,Old English,0,1
Rabel,Male,Old English,0,1
Rada,Male,Old English,0,1
Radbod,Male,Old English,0,1
Rademer,Male,Old English,0,1
Radfrid,Male,Old English,0,1
Rafin,Male,Old English,0,1
Rafwine,Male,Old English,0,1
Ragenald,Male,Old English,0,1
Ragne,Male,Old English,0,1
Ragnhild,Male,Old English,0,1
Rahere,Male,Old English,0,1
Rainfrid,Male,Old English,0,1
Rainhelm,Male,Old English,0,1
Randolf,Male,Old English,0,1
Ratel,Male,Old English,0,1
Rathi,Male,Old English,0,1
Rauelin,Male,Old English,0,1
Ravemar,Male,Old English,0,1
Raven,Male,Old English,0,1
Ravengar,Male,Old English,0,1
Ravenketil,Male,Old English,0,1
Ravenkil,Male,Old English,0,1
Ravenot,Male,Old English,0,1
Ravensward,Male,Old English,0,1
Ravenswart,Male,Old English,0,1
Rawn,Male,Old English,0,1
Raynelm,Male,Old English,0,1
Rayner,Male,Old English,0,1
Raynwald,Male,Old English,0,1
Redhe,Male,Old English,0,1
Redhulf,Male,Old English,0,1
Rees,Male,Old English,0,1
Regenbald,Male,Old English,0,1
Regifer,Male,Old English,0,1
Regnvald,Male,Old English,0,1
Reinbert,Male,Old English,0,1
Remigius,Male,Old English,0,1
Remir,Male,Old English,0,1
Restald,Male,Old English,0,1
Restelf,Male,Old English,0,1
Restold,Male,Old English,0,1
Rethar,Male,Old English,0,1
Reuer,Male,Old English,0,1
Rewruin,Male,Old English,0,1
Reynard,Male,Old English,0,1
Reynburg,Male,Old English,0,1
Rhys,Male,Old English,0,1
Ribald,Male,Old English,0,1
Richer,Male,Old English,0,1
Ricoard,Male,Old English,0,1
Rictan,Male,Old English,0,1
Riculf,Male,Old English,0,1
Ricwald,Male,Old English,0,1
Rippe ,Male,Old English,0,1
Riwallon,Male,Old English,0,1
Roald,Male,Old English,0,1
Rodhere,Male,Old English,0,1
Rogo,Male,Old English,0,1
Rohard,Male,Old English,0,1
Roland,Male,Old English,0,1
Rolf,Male,Old English,0,1
Roskil,Male,Old English,0,1
Rossel,Male,Old English,0,1
Rotlesc,Male,Old English,0,1
Rotrou,Male,Old English,0,1
Rozelin,Male,Old English,0,1
Rozo,Male,Old English,0,1
Ruillic,Male,Old English,0,1
Rumbald,Male,Old English,0,1
Rumold,Male,Old English,0,1
Saefugel,Male,Old English,0,1
Saegar,Male,Old English,0,1
Saegeard,Male,Old English,0,1
Saegeat,Male,Old English,0,1
Saegrim,Male,Old English,0,1
Saehild,Male,Old English,0,1
Saelida,Male,Old English,0,1
Saemaer,Male,Old English,0,1
Saemann,Male,Old English,0,1
Saeraed,Male,Old English,0,1
Saered,Male,Old English,0,1
Saeric,Male,Old English,0,1
Saeweald,Male,Old English,0,1
Saeweard,Male,Old English,0,1
Saewig,Male,Old English,0,1
Saewine,Male,Old English,0,1
Saewulf,Male,Old English,0,1
Salecoc,Male,Old English,0,1
Salo,Male,Old English,0,1
Salomon,Male,Old English,0,1
Salwig,Male,Old English,0,1
Samson,Male,Old English,0,1
Sande,Male,Old English,0,1
Sarpa,Male,Old English,0,1
Sasfrid,Male,Old English,0,1
Sasgar,Male,Old English,0,1
Sasselin,Male,Old English,0,1
Saswalo,Male,Old English,0,1
Sasward,Male,Old English,0,1
Saxi,Male,Old English,0,1
Saxulf,Male,Old English,0,1
Scearmann,Male,Old English,0,1
Scefa,Male,Old English,0,1
Scemund,Male,Old English,0,1
Scirweald,Male,Old English,0,1
Scotel,Male,Old English,0,1
Scotland,Male,Old English,0,1
Scova,Male,Old English,0,1
Scroti,Male,Old English,0,1
Seaxfrith,Male,Old English,0,1
Seaxlaf,Male,Old English,0,1
Seaxwine,Male,Old English,0,1
Sefrid,Male,Old English,0,1
Seibert,Male,Old English,0,1
Seisyll,Male,Old English,0,1
Selakollr,Male,Old English,0,1
Selewine,Male,Old English,0,1
Serlo,Male,Old English,0,1
Sibbi,Male,Old English,0,1
Sibold,Male,Old English,0,1
Siduraed,Male,Old English,0,1
Siduwine,Male,Old English,0,1
Sigar,Male,Old English,0,1
Sigefrith,Male,Old English,0,1
Sigenoth,Male,Old English,0,1
Sigeraed,Male,Old English,0,1
Sigeric,Male,Old English,0,1
Sigeweald,Male,Old English,0,1
Sigewine,Male,Old English,0,1
Sigewulf,Male,Old English,0,1
Sigketil,Male,Old English,0,1
Sigmund,Male,Old English,0,1
Sigref,Male,Old English,0,1
Sigrith,Male,Old English,0,1
Sigsten,Male,Old English,0,1
Sihtric,Male,Old English,0,1
Simeon,Male,Old English,0,1
Sindi,Male,Old English,0,1
Siundi,Male,Old English,0,1
Siwate,Male,Old English,0,1
Skaenkil,Male,Old English,0,1
Skalpi,Male,Old English,0,1
Skialdfrithr,Male,Old English,0,1
Skiotr,Male,Old English,0,1
Skotkollr,Male,Old English,0,1
Skraemir,Male,Old English,0,1
Skule,Male,Old English,0,1
Slettan,Male,Old English,0,1
Smala,Male,Old English,0,1
Smeawine,Male,Old English,0,1
Smelt,Male,Old English,0,1
Smeri,Male,Old English,0,1
Smert,Male,Old English,0,1
Snaebiorn,Male,Old English,0,1
Snaring,Male,Old English,0,1
Snarri,Male,Old English,0,1
Snelling,Male,Old English,0,1
Snerri,Male,Old English,0,1
Snerrir,Male,Old English,0,1
Snot,Male,Old English,0,1
Snotormann,Male,Old English,0,1
Snotta,Male,Old English,0,1
Sol,Male,Old English,0,1
Solomon,Male,Old English,0,1
Sot,Male,Old English,0,1
Soti,Male,Old English,0,1
Soting,Male,Old English,0,1
Sotmann,Male,Old English,0,1
Spearhafoc,Male,Old English,0,1
Sperrir,Male,Old English,0,1
Sperun,Male,Old English,0,1
Spieta,Male,Old English,0,1
Spillir,Male,Old English,0,1
Spirites,Male,Old English,0,1
Spracheling,Male,Old English,0,1
Spracling,Male,Old English,0,1
Spreotmann,Male,Old English,0,1
Sprot,Male,Old English,0,1
Sprottulf,Male,Old English,0,1
Sprotwulf,Male,Old English,0,1
Stable,Male,Old English,0,1
Staerling,Male,Old English,0,1
Stan,Male,Old English,0,1
Stanburg,Male,Old English,0,1
Stanflaed,Male,Old English,0,1
Stanheard,Male,Old English,0,1
Stanketil,Male,Old English,0,1
Stanmaer,Male,Old English,0,1
Stanwine,Male,Old English,0,1
Stapolwine,Male,Old English,0,1
Starculf,Male,Old English,0,1
Sten,Male,Old English,0,1
Stenesnoc,Male,Old English,0,1
Stengrim,Male,Old English,0,1
Stenkil,Male,Old English,0,1
Stenulf,Male,Old English,0,1
Steorra,Male,Old English,0,1
Stephen,Male,Old English,0,1
Sterri,Male,Old English,0,1
Stigand,Male,Old English,0,1
Stiupi,Male,Old English,0,1
Stori,Male,Old English,0,1
Stoting,Male,Old English,0,1
Strang,Male,Old English,0,1
Strangwulf,Male,Old English,0,1
Strikr,Male,Old English,0,1
Stubart,Male,Old English,0,1
Sturmid,Male,Old English,0,1
Styr,Male,Old English,0,1
Styrcar,Male,Old English,0,1
Sudan,Male,Old English,0,1
Sumarfugl,Male,Old English,0,1
Summerled,Male,Old English,0,1
Sunegod,Male,Old English,0,1
Suneman,Male,Old English,0,1
Sunngifu,Male,Old English,0,1
Sunulf,Male,Old English,0,1
Sunwine,Male,Old English,0,1
Svartbrandr,Male,Old English,0,1
Svartgeirr,Male,Old English,0,1
Svartkollr,Male,Old English,0,1
Svavi,Male,Old English,0,1
Swaerting,Male,Old English,0,1
Swart,Male,Old English,0,1
Swartbrand,Male,Old English,0,1
Swarthofthi,Male,Old English,0,1
Swarti,Male,Old English,0,1
Swarting,Male,Old English,0,1
Swartric,Male,Old English,0,1
Swening,Male,Old English,0,1
Swertling,Male,Old English,0,1
Swet,Male,Old English,0,1
Sweting,Male,Old English,0,1
Swetmann,Male,Old English,0,1
Swithgar,Male,Old English,0,1
Sylvi,Male,Old English,0,1
Talcha,Male,Old English,0,1
Taldus,Male,Old English,0,1
Tanio,Male,Old English,0,1
Tascelin,Male,Old English,0,1
Tata,Male,Old English,0,1
Tedald,Male,Old English,0,1
Tehel,Male,Old English,0,1
Teher,Male,Old English,0,1
Tela,Male,Old English,0,1
Teolf,Male,Old English,0,1
Tepekin,Male,Old English,0,1
Tesco,Male,Old English,0,1
Tet,Male,Old English,0,1
Tetbert,Male,Old English,0,1
Tewdwr,Male,Old English,0,1
Tezelin,Male,Old English,0,1
Theobald,Male,Old English,0,1
Theodbert,Male,Old English,0,1
Theodger,Male,Old English,0,1
Theodric,Male,Old English,0,1
Tholf,Male,Old English,0,1
Thomas,Male,Old English,0,1
Thor,Male,Old English,0,1
Thorald,Male,Old English,0,1
Thorbern,Male,Old English,0,1
Thorbert,Male,Old English,0,1
Thorbrand,Male,Old English,0,1
Thorfinn,Male,Old English,0,1
Thorfridh,Male,Old English,0,1
Thorgar,Male,Old English,0,1
Thorgisl,Male,Old English,0,1
Thorgot,Male,Old English,0,1
Thorgrim,Male,Old English,0,1
Thori,Male,Old English,0,1
Thorir,Male,Old English,0,1
Thorlogh,Male,Old English,0,1
Thormaer,Male,Old English,0,1
Thormod,Male,Old English,0,1
Thormund,Male,Old English,0,1
Thorn,Male,Old English,0,1
Thororm,Male,Old English,0,1
Thorp,Male,Old English,0,1
Thorsten,Male,Old English,0,1
Thorth,Male,Old English,0,1
Thorulf,Male,Old English,0,1
Thorvald,Male,Old English,0,1
Thrond,Male,Old English,0,1
Thurstan,Male,Old English,0,1
Thyri,Male,Old English,0,1
Tidbald,Male,Old English,0,1
Tidwulf,Male,Old English,0,1
Tigier,Male,Old English,0,1
Tihel,Male,Old English,0,1
Toiswald,Male,Old English,0,1
Toki,Male,Old English,0,1
Toli,Male,Old English,0,1
Tonni,Male,Old English,0,1
Topi,Male,Old English,0,1
Toradre,Male,Old English,0,1
Tosard,Male,Old English,0,1
Tosti,Male,Old English,0,1
Toti,Male,Old English,0,1
Tovi,Male,Old English,0,1
Toxus,Male,Old English,0,1
Trasmund,Male,Old English,0,1
Travers,Male,Old English,0,1
Trawin,Male,Old English,0,1
Trumwine,Male,Old English,0,1
Tubbi,Male,Old English,0,1
Tuffa,Male,Old English,0,1
Tumi,Male,Old English,0,1
Tunbi,Male,Old English,0,1
Tunmann,Male,Old English,0,1
Tunric,Male,Old English,0,1
Turbern,Male,Old English,0,1
Turgis,Male,Old English,0,1
Turold,Male,Old English,0,1
Tutflaed,Male,Old English,0,1
Ubbi,Male,Old English,0,1
Ubeinn,Male,Old English,0,1
Uhtbrand,Male,Old English,0,1
Uhtraed,Male,Old English,0,1
Ulfbert,Male,Old English,0,1
Ulfgrim,Male,Old English,0,1
Ulfketil,Male,Old English,0,1
Ultbert,Male,Old English,0,1
Ulvar,Male,Old English,0,1
Untan,Male,Old English,0,1
Urfer,Male,Old English,0,1
Urse,Male,Old English,0,1
Veikr,Male,Old English,0,1
Victor,Male,Old English,0,1
Vifli,Male,Old English,0,1
Vighlak,Male,Old English,0,1
Viking,Male,Old English,0,1
Vitalis,Male,Old English,0,1
Wace,Male,Old English,0,1
Wacra,Male,Old English,0,1
Wada,Male,Old English,0,1
Wadard,Male,Old English,0,1
Wadel,Male,Old English,0,1
Wadilo,Male,Old English,0,1
Waerhelm,Male,Old English,0,1
Waerstan,Male,Old English,0,1
Wagen,Male,Old English,0,1
Wailolf,Male,Old English,0,1
Wala,Male,Old English,0,1
Waland,Male,Old English,0,1
Walbert,Male,Old English,0,1
Walcher,Male,Old English,0,1
Walcra,Male,Old English,0,1
Waldin,Male,Old English,0,1
Waldwin,Male,Old English,0,1
Walefrid,Male,Old English,0,1
Waleran,Male,Old English,0,1
Walkelin,Male,Old English,0,1
Walo,Male,Old English,0,1
Walraven,Male,Old English,0,1
Walscin,Male,Old English,0,1
Waltheof,Male,Old English,0,1
Warenbold,Male,Old English,0,1
Warenger,Male,Old English,0,1
Warin,Male,Old English,0,1
Warmund,Male,Old English,0,1
Warner,Male,Old English,0,1
Waso,Male,Old English,0,1
Waswic,Male,Old English,0,1
Waua,Male,Old English,0,1
Wazelin,Male,Old English,0,1
Wege,Male,Old English,0,1
Weland,Male,Old English,0,1
Weleret,Male,Old English,0,1
Weneling,Male,Old English,0,1
Wenenc,Male,Old English,0,1
Werenc,Male,Old English,0,1
Werlin,Male,Old English,0,1
Wesman,Male,Old English,0,1
Westan,Male,Old English,0,1
Wester,Male,Old English,0,1
Wibald,Male,Old English,0,1
Wibert,Male,Old English,0,1
Wiburh,Male,Old English,0,1
Wicard,Male,Old English,0,1
Wicga,Male,Old English,0,1
Wiculf,Male,Old English,0,1
Widald,Male,Old English,0,1
Widard,Male,Old English,0,1
Widrus,Male,Old English,0,1
Wifari,Male,Old English,0,1
Wig,Male,Old English,0,1
Wigar,Male,Old English,0,1
Wigbeorht,Male,Old English,0,1
Wiger,Male,Old English,0,1
Wighen,Male,Old English,0,1
Wighulf,Male,Old English,0,1
Wiglaf,Male,Old English,0,1
Wigmaer,Male,Old English,0,1
Wigot,Male,Old English,0,1
Wigwin,Male,Old English,0,1
Wihanoc,Male,Old English,0,1
Wihenoc,Male,Old English,0,1
Wihomarc,Male,Old English,0,1
Wihta,Male,Old English,0,1
Wihtgar,Male,Old English,0,1
Wihtlac,Male,Old English,0,1
Wihtmaer,Male,Old English,0,1
Wihtnoth,Male,Old English,0,1
Wihtred,Male,Old English,0,1
Wihtric,Male,Old English,0,1
Wilard,Male,Old English,0,1
Wilgrim,Male,Old English,0,1
Wilgrip,Male,Old English,0,1
Willa,Male,Old English,0,1
Wimarc,Male,Old English,0,1
Wimund,Male,Old English,0,1
Wine,Male,Old English,0,1
Winegot,Male,Old English,0,1
Wineman,Male,Old English,0,1
Winemar,Male,Old English,0,1
Winge,Male,Old English,0,1
Winterhard,Male,Old English,0,1
Winterled,Male,Old English,0,1
Wistan,Male,Old English,0,1
Withar,Male,Old English,0,1
Withi,Male,Old English,0,1
Withri,Male,Old English,0,1
Wonni,Male,Old English,0,1
Wordrou,Male,Old English,0,1
Wudia,Male,Old English,0,1
Wudubil,Male,Old English,0,1
Wudubrun,Male,Old English,0,1
Wudumann,Male,Old English,0,1
Wulfa,Male,Old English,0,1
Wulfbeald,Male,Old English,0,1
Wulfbert,Male,Old English,0,1
Wulffrith,Male,Old English,0,1
Wulfgar,Male,Old English,0,1
Wulfgrim,Male,Old English,0,1
Wulfheah,Male,Old English,0,1
Wulfhelm,Male,Old English,0,1
Wulfhere,Male,Old English,0,1
Wulfhun,Male,Old English,0,1
Wulfketil,Male,Old English,0,1
Wulfraed,Male,Old English,0,1
Wulfred,Male,Old English,0,1
Wulfstan,Male,Old English,0,1
Wulfweald,Male,Old English,0,1
Wulfwig,Male,Old English,0,1
Wyngeat,Male,Old English,0,1
Wynning,Male,Old English,0,1
Wynric,Male,Old English,0,1
Wynsige,Male,Old English,0,1
Wynstan,Male,Old English,0,1
Wynwulf,Male,Old English,0,1
Ylving,Male,Old English,0,1
Yric,Male,Old English,0,1
Ywain,Male,Old English,0,1
Aila,Female,Old Finnish,0,3
Aino,Female,Old Finnish,0,3
Annikki,Female,Old Finnish,0,3
Helmi,Female,Old Finnish,0,3
Ilmatar,Female,Old Finnish,0,3
Kaisa,Female,Old Finnish,0,2
Kalevatar,Female,Old Finnish,0,2
Katri,Female,Old Finnish,0,2
Kerttu,Female,Old Finnish,0,2
Kyllikki,Female,Old Finnish,0,2
Lempi,Female,Old Finnish,0,2
Louhi,Female,Old Finnish,0,2
Maire,Female,Old Finnish,0,2
Marjatta,Female,Old Finnish,0,2
Mielikki,Female,Old Finnish,0,2
Paivikki,Female,Old Finnish,0,1
Sirkka,Female,Old Finnish,0,1
Tellervo,Female,Old Finnish,0,1
Tuulikki,Female,Old Finnish,0,1
Vellamo,Female,Old Finnish,0,1
Ahti,Male,Old Finnish,0,3
Antero,Male,Old Finnish,0,3
Armas,Male,Old Finnish,0,3
Ilmari,Male,Old Finnish,0,3
Joukahainen,Male,Old Finnish,0,3
Kaleva,Male,Old Finnish,0,2
Kauko,Male,Old Finnish,0,2
Kullervo,Male,Old Finnish,0,2
Lemminki,Male,Old Finnish,0,2
Mielikki,Male,Old Finnish,0,2
Onni,Male,Old Finnish,0,2
Paavo,Male,Old Finnish,0,2
Pekka,Male,Old Finnish,0,2
Sampo,Male,Old Finnish,0,2
Seppo,Male,Old Finnish,0,2
Tapio,Male,Old Finnish,0,1
Ukko,Male,Old Finnish,0,1
Untamo,Male,Old Finnish,0,1
Vaino,Male,Old Finnish,0,1
Vellamo,Male,Old Finnish,0,1
Vesa,Male,Old Finnish,0,1
Adelais,Female,Old French,0,3
Agnes,Female,Old French,0,3
Alais,Female,Old French,0,3
Alienor,Female,Old French,0,3
Aveline,Female,Old French,0,3
Beatrice,Female,Old French,0,2
Blanche,Female,Old French,0,2
Catherine,Female,Old French,0,2
Cecile,Female,Old French,0,2
Claire,Female,Old French,0,2
Constance,Female,Old French,0,2
Emeline,Female,Old French,0,2
Ermengarde,Female,Old French,0,2
Gilette,Female,Old French,0,2
Isabeau,Female,Old French,0,2
Jehanne,Female,Old French,0,1
Marguerite,Female,Old French,0,1
Marie,Female,Old French,0,1
Mathilde,Female,Old French,0,1
Melisende,Female,Old French,0,1
Perrette,Female,Old French,0,1
Philippe,Female,Old French,0,1
Richeut,Female,Old French,0,1
Ysabeau,Female,Old French,0,1
Adam,Male,Old French,0,3
Alain,Male,Old French,0,3
Amaury,Male,Old French,0,3
Anselme,Male,Old French,0,3
Aubert,Male,Old French,0,3
Baudouin,Male,Old French,0,2
Bernard,Male,Old French,0,2
Charles,Male,Old French,0,2
Etienne,Male,Old French,0,2
Eudes,Male,Old French,0,2
Gautier,Male,Old French,0,2
Geoffroi,Male,Old French,0,2
Gerard,Male,Old French,0,2
Gervais,Male,Old French,0,2
Guillaume,Male,Old French,0,2
Henri,Male,Old French,0,1
Hugues,Male,Old French,0,1
Jacques,Male,Old French,0,1
Jehan,Male,Old French,0,1
Louis,Male,Old French,0,1
Martin,Male,Old French,0,1
Mathieu,Male,Old French,0,1
Olivier,Male,Old French,0,1
Pierre,Male,Old French,0,1
Raoul,Male,Old French,0,1
Renaud,Male,Old French,0,1
Robert,Male,Old French,0,1
Thibaut,Male,Old French,0,1
Adelheid,Female,Old High German,0,3
Adeltrud,Female,Old High German,0,3
Albrada,Female,Old High German,0,3
Bertha,Female,Old High German,0,3
Brunhild,Female,Old High German,0,3
Engelberga,Female,Old High German,0,2
Ermengard,Female,Old High German,0,2
Frederuna,Female,Old High German,0,2
Gerberga,Female,Old High German,0,2
Gisela,Female,Old High German,0,2
Hedwig,Female,Old High German,0,2
Heilwig,Female,Old High German,0,2
Hildegard,Female,Old High German,0,2
Ida,Female,Old High German,0,2
Irmgard,Female,Old High German,0,2
Kunigund,Female,Old High German,0,1
Liutgard,Female,Old High German,0,1
Mathilda,Female,Old High German,0,1
Oda,Female,Old High German,0,1
Richlind,Female,Old High German,0,1
Roswitha,Female,Old High German,0,1
Theodelinda,Female,Old High German,0,1
Uta,Female,Old High German,0,1
Walburga,Female,Old High German,0,1
Adalbert,Male,Old High German,0,3
Adalhard,Male,Old High German,0,3
Alberich,Male,Old High German,0,3
Arnulf,Male,Old High German,0,3
Berengar,Male,Old High German,0,3
Bernhard,Male,Old High German,0,2
Bruno,Male,Old High German,0,2
Eberhard,Male,Old High German,0,2
Eckhard,Male,Old High German,0,2
Ernst,Male,Old High German,0,2
Folcwin,Male,Old High German,0,2
Fridugis,Male,Old High German,0,2
Gerhard,Male,Old High German,0,2
Giselbert,Male,Old High German,0,2
Gunther,Male,Old High German,0,2
Hartmann,Male,Old High German,0,1
Heinrich,Male,Old High German,0,1
Hildebrand,Male,Old High German,0,1
Konrad,Male,Old High German,0,1
Liutold,Male,Old High German,0,1
Ludwig,Male,Old High German,0,1
Otto,Male,Old High German,0,1
Raginold,Male,Old High German,0,1
Siegfried,Male,Old High German,0,1
Theodoric,Male,Old High German,0,1
Walther,Male,Old High German,0,1
Werner,Male,Old High German,0,1
Wolfram,Male,Old High German,0,1
Aldona,Female,Old Lithuanian,0,3
Birute,Female,Old Lithuanian,0,3
Danute,Female,Old Lithuanian,0,3
Egle,Female,Old Lithuanian,0,3
Giedre,Female,Old Lithuanian,0,3
Gintare,Female,Old Lithuanian,0,2
Laima,Female,Old Lithuanian,0,2
Milda,Female,Old Lithuanian,0,2
Mortana,Female,Old Lithuanian,0,2
Rasa,Female,Old Lithuanian,0,2
Rimgaila,Female,Old Lithuanian,0,2
Saule,Female,Old Lithuanian,0,2
Skirmante,Female,Old Lithuanian,0,2
Vaidile,Female,Old Lithuanian,0,2
Vaidilute,Female,Old Lithuanian,0,2
Vilte,Female,Old Lithuanian,0,1
Zemyna,Female,Old Lithuanian,0,1
Algimantas,Male,Old Lithuanian,0,3
Algirdas,Male,Old Lithuanian,0,3
Butigeidis,Male,Old Lithuanian,0,3
Butvydas,Male,Old Lithuanian,0,3
Gediminas,Male,Old Lithuanian,0,3
Gintautas,Male,Old Lithuanian,0,2
Jogaila,Male,Old Lithuanian,0,2
Kestutis,Male,Old Lithuanian,0,2
Lengvenis,Male,Old Lithuanian,0,2
Liubartas,Male,Old Lithuanian,0,2
Manvydas,Male,Old Lithuanian,0,2
Mindaugas,Male,Old Lithuanian,0,2
Narimantas,Male,Old Lithuanian,0,2
Rimantas,Male,Old Lithuanian,0,2
Skirgaila,Male,Old Lithuanian,0,2
Tautvilas,Male,Old Lithuanian,0,1
Treniota,Male,Old Lithuanian,0,1
Vaidotas,Male,Old Lithuanian,0,1
Vaihelgas,Male,Old Lithuanian,0,1
Vaisvilkas,Male,Old Lithuanian,0,1
Vytautas,Male,Old Lithuanian,0,1
Zivinbudas,Male,Old Lithuanian,0,1
Aadny,Female,Old Norse,0,1
Aafrid,Female,Old Norse,0,1
Aagunn,Female,Old Norse,0,1
Aalaug,Female,Old Norse,0,1
Aasa,Female,Old Norse,0,1
Aasbjorg,Female,Old Norse,0,1
Aase,Female,Old Norse,0,1
Aasfrid,Female,Old Norse,0,1
Aasgerd,Female,Old Norse,0,1
Aashild,Female,Old Norse,0,1
Aaslaug,Female,Old Norse,0,1
Aasne,Female,Old Norse,0,1
Aasrunn,Female,Old Norse,0,1
Aasveig,Female,Old Norse,0,1
Agnhild,Female,Old Norse,0,1
Alfhild,Female,Old Norse,0,1
Alfrid,Female,Old Norse,0,1
Annbjorg,Female,Old Norse,0,1
Annfrid,Female,Old Norse,0,1
Anngjerd,Female,Old Norse,0,1
Annhild,Female,Old Norse,0,1
Annlaug,Female,Old Norse,0,1
Annveig,Female,Old Norse,0,1
Arnbjorg,Female,Old Norse,0,1
Arnfrid,Female,Old Norse,0,1
Arnhild,Female,Old Norse,0,1
Arnhill,Female,Old Norse,0,1
Arnlaug,Female,Old Norse,0,1
Arnveig,Female,Old Norse,0,1
Asbjorg,Female,Old Norse,0,1
Asfrid,Female,Old Norse,0,1
Asgjerd,Female,Old Norse,0,1
Aslaug,Female,Old Norse,0,1
Asrunn,Female,Old Norse,0,1
Asta,Female,Old Norse,0,1
Astrid,Female,Old Norse,0,1
Asveig,Female,Old Norse,0,1
Aud,Female,Old Norse,0,1
Audbjorg,Female,Old Norse,0,1
Audfrid,Female,Old Norse,0,1
Audgerd,Female,Old Norse,0,1
Audgunn,Female,Old Norse,0,1
Audhild,Female,Old Norse,0,1
Audrun,Female,Old Norse,0,1
Audveig,Female,Old Norse,0,1
Bergfrid,Female,Old Norse,0,1
Berghild,Female,Old Norse,0,1
Bergljot,Female,Old Norse,0,1
Bergthora,Female,Old Norse,0,1
Bergunn,Female,Old Norse,0,1
Bjarnhild,Female,Old Norse,0,1
Bjorg,Female,Old Norse,0,1
Bjorgfrid,Female,Old Norse,0,1
Bjorghild,Female,Old Norse,0,1
Bjorgunn,Female,Old Norse,0,1
Bjorgveig,Female,Old Norse,0,1
Bjornhild,Female,Old Norse,0,1
Bodhild,Female,Old Norse,0,1
Bodil,Female,Old Norse,0,1
Borghild,Female,Old Norse,0,1
Borgny,Female,Old Norse,0,1
Borgunn,Female,Old Norse,0,1
Bryngerd,Female,Old Norse,0,1
Brynhild,Female,Old Norse,0,1
Dagbjorg,Female,Old Norse,0,1
Dageid,Female,Old Norse,0,1
Dagfrid,Female,Old Norse,0,1
Daghild,Female,Old Norse,0,1
Dagmoy,Female,Old Norse,0,1
Dagny,Female,Old Norse,0,1
Dagrun,Female,Old Norse,0,1
Dagveig,Female,Old Norse,0,1
Eidbjorg,Female,Old Norse,0,1
Eidfrid,Female,Old Norse,0,1
Eidunn,Female,Old Norse,0,1
Eirunn,Female,Old Norse,0,1
Eivor,Female,Old Norse,0,1
Eldbjorg,Female,Old Norse,0,1
Eldfrid,Female,Old Norse,0,1
Eldrid,Female,Old Norse,0,1
Embla,Female,Old Norse,0,1
Erika,Female,Old Norse,0,1
Eydis,Female,Old Norse,0,1
Eyrun,Female,Old Norse,0,1
Eyvor,Female,Old Norse,0,1
Finngerd,Female,Old Norse,0,1
Finnlaug,Female,Old Norse,0,1
Fredbjorg,Female,Old Norse,0,1
Fredgunn,Female,Old Norse,0,1
Fredhild,Female,Old Norse,0,1
Fredlaug,Female,Old Norse,0,1
Fredmoy,Female,Old Norse,0,1
Freidun,Female,Old Norse,0,1
Freydis,Female,Old Norse,0,1
Frida,Female,Old Norse,0,1
Fridbjorg,Female,Old Norse,0,1
Fridgunn,Female,Old Norse,0,1
Fridhild,Female,Old Norse,0,1
Geirhild,Female,Old Norse,0,1
Geirunn,Female,Old Norse,0,1
Gerd,Female,Old Norse,0,1
Gjartrud,Female,Old Norse,0,1
Gro,Female,Old Norse,0,1
Gudbjorg,Female,Old Norse,0,1
Gudfrid,Female,Old Norse,0,1
Gudlaug,Female,Old Norse,0,1
Gudrun,Female,Old Norse,0,1
Gudveig,Female,Old Norse,0,1
Gudvor,Female,Old Norse,0,1
Gunbjorg,Female,Old Norse,0,1
Gunda,Female,Old Norse,0,1
Gunn,Female,Old Norse,0,1
Gunnbjorg,Female,Old Norse,0,1
Gunnfrid,Female,Old Norse,0,1
Gunnhild,Female,Old Norse,0,1
Gunnlaug,Female,Old Norse,0,1
Gunnveig,Female,Old Norse,0,1
Gunnvor,Female,Old Norse,0,1
Gyda,Female,Old Norse,0,1
Hallbjorg,Female,Old Norse,0,1
Hallfrid,Female,Old Norse,0,1
Hallgerd,Female,Old Norse,0,1
Hallgunn,Female,Old Norse,0,1
Hallrid,Female,Old Norse,0,1
Hallveig,Female,Old Norse,0,1
Heidrun,Female,Old Norse,0,1
Helga,Female,Old Norse,0,1
Helgunn,Female,Old Norse,0,1
Hella,Female,Old Norse,0,1
Herbjorg,Female,Old Norse,0,1
Herborg,Female,Old Norse,0,1
Herfrid,Female,Old Norse,0,1
Hergunn,Female,Old Norse,0,1
Hervor,Female,Old Norse,0,1
Hild,Female,Old Norse,0,1
Hilda,Female,Old Norse,0,1
Hilde,Female,Old Norse,0,1
Hildebjorg,Female,Old Norse,0,1
Hildeborg,Female,Old Norse,0,1
Hildegunn,Female,Old Norse,0,1
Hill,Female,Old Norse,0,1
Hjartrud,Female,Old Norse,0,1
Hjordis,Female,Old Norse,0,1
Hladgerd,Female,Old Norse,0,1
Holmfrid,Female,Old Norse,0,1
Idunn,Female,Old Norse,0,1
Inga,Female,Old Norse,0,1
Ingegerd,Female,Old Norse,0,1
Inger,Female,Old Norse,0,1
Inghild,Female,Old Norse,0,1
Inglaug,Female,Old Norse,0,1
Ingrid,Female,Old Norse,0,1
Ingunn,Female,Old Norse,0,1
Ingvild,Female,Old Norse,0,1
Jarlaug,Female,Old Norse,0,1
Jarlfrid,Female,Old Norse,0,1
Jarnhild,Female,Old Norse,0,1
Joreid,Female,Old Norse,0,1
Jorfrid,Female,Old Norse,0,1
Jorgunn,Female,Old Norse,0,1
Jorhild,Female,Old Norse,0,1
Jorlaug,Female,Old Norse,0,1
Jorunn,Female,Old Norse,0,1
Kjellaug,Female,Old Norse,0,1
Kjellbjorg,Female,Old Norse,0,1
Kjellfrid,Female,Old Norse,0,1
Kjellrun,Female,Old Norse,0,1
Kjellvor,Female,Old Norse,0,1
Kjerlaug,Female,Old Norse,0,1
Knuthild,Female,Old Norse,0,1
Kollbjorg,Female,Old Norse,0,1
Lagertha,Female,Old Norse,0,1
Lidveig,Female,Old Norse,0,1
Lidvor,Female,Old Norse,0,1
Liv,Female,Old Norse,0,1
Liveig,Female,Old Norse,0,1
Livunn,Female,Old Norse,0,1
Lydveig,Female,Old Norse,0,1
Lydvor,Female,Old Norse,0,1
Magnhild,Female,Old Norse,0,1
Magnvor,Female,Old Norse,0,1
Malfrid,Female,Old Norse,0,1
Mildfrid,Female,Old Norse,0,1
Mildrun,Female,Old Norse,0,1
Modgunn,Female,Old Norse,0,1
Modhild,Female,Old Norse,0,1
Moyfrid,Female,Old Norse,0,1
Norbjorg,Female,Old Norse,0,1
Norfrid,Female,Old Norse,0,1
Norgunn,Female,Old Norse,0,1
Norhild,Female,Old Norse,0,1
Norlaug,Female,Old Norse,0,1
Norveig,Female,Old Norse,0,1
Oda,Female,Old Norse,0,1
Oddbjorg,Female,Old Norse,0,1
Oddfrid,Female,Old Norse,0,1
Oddgunn,Female,Old Norse,0,1
Oddlaug,Female,Old Norse,0,1
Oddrun,Female,Old Norse,0,1
Oddrunn,Female,Old Norse,0,1
Oddveig,Female,Old Norse,0,1
Odfrid,Female,Old Norse,0,1
Odlaug,Female,Old Norse,0,1
Odveig,Female,Old Norse,0,1
Olbjorg,Female,Old Norse,0,1
Oleiv,Female,Old Norse,0,1
Olrun,Female,Old Norse,0,1
Olveig,Female,Old Norse,0,1
Oslaug,Female,Old Norse,0,1
Oyfrid,Female,Old Norse,0,1
Oygunn,Female,Old Norse,0,1
Oylaug,Female,Old Norse,0,1
Oyonn,Female,Old Norse,0,1
Oyvor,Female,Old Norse,0,1
Ragna,Female,Old Norse,0,1
Ragnfrid,Female,Old Norse,0,1
Ragnhild,Female,Old Norse,0,1
Rambjorg,Female,Old Norse,0,1
Ramfrid,Female,Old Norse,0,1
Randi,Female,Old Norse,0,1
Ranfrid,Female,Old Norse,0,1
Rannveig,Female,Old Norse,0,1
Ranveig,Female,Old Norse,0,1
Reidhild,Female,Old Norse,0,1
Reidun,Female,Old Norse,0,1
Reinhild,Female,Old Norse,0,1
Runa,Female,Old Norse,0,1
Runhild,Female,Old Norse,0,1
Sabjorg,Female,Old Norse,0,1
Salmoy,Female,Old Norse,0,1
Sebjorg,Female,Old Norse,0,1
Sif,Female,Old Norse,0,1
Sigbjorg,Female,Old Norse,0,1
Sigfrid,Female,Old Norse,0,1
Signe,Female,Old Norse,0,1
Signhild,Female,Old Norse,0,1
Signy,Female,Old Norse,0,1
Sigrid,Female,Old Norse,0,1
Sigrunn,Female,Old Norse,0,1
Sigurda,Female,Old Norse,0,1
Sigvalda,Female,Old Norse,0,1
Sigvarda,Female,Old Norse,0,1
Sigveig,Female,Old Norse,0,1
Sigvor,Female,Old Norse,0,1
Siv,Female,Old Norse,0,1
Skjaldvor,Female,Old Norse,0,1
Snefrid,Female,Old Norse,0,1
Solaug,Female,Old Norse,0,1
Solbjorg,Female,Old Norse,0,1
Solfrid,Female,Old Norse,0,1
Solgerd,Female,Old Norse,0,1
Solgunn,Female,Old Norse,0,1
Solhild,Female,Old Norse,0,1
Sollaug,Female,Old Norse,0,1
Solmoy,Female,Old Norse,0,1
Solrunn,Female,Old Norse,0,1
Solunn,Female,Old Norse,0,1
Solveig,Female,Old Norse,0,1
Solvor,Female,Old Norse,0,1
Steinunn,Female,Old Norse,0,1
Steinvor,Female,Old Norse,0,1
Svanbjorg,Female,Old Norse,0,1
Svanfrid,Female,Old Norse,0,1
Svanhild,Female,Old Norse,0,1
Svanlaug,Female,Old Norse,0,1
Thora,Female,Old Norse,0,1
Thorbjorg,Female,Old Norse,0,1
Thorborg,Female,Old Norse,0,1
Thordis,Female,Old Norse,0,1
Thordny,Female,Old Norse,0,1
Thordun,Female,Old Norse,0,1
Thorfrid,Female,Old Norse,0,1
Thorgunn,Female,Old Norse,0,1
Thorhild,Female,Old Norse,0,1
Thorunn,Female,Old Norse,0,1
Thorvalda,Female,Old Norse,0,1
Thurid,Female,Old Norse,0,1
Tjodhild,Female,Old Norse,0,1
Tjodunn,Female,Old Norse,0,1
Tjodvor,Female,Old Norse,0,1
Torgerd,Female,Old Norse,0,1
Tova,Female,Old Norse,0,1
Tove,Female,Old Norse,0,1
Trudi,Female,Old Norse,0,1
Tryghild,Female,Old Norse,0,1
Turid,Female,Old Norse,0,1
Udbjorg,Female,Old Norse,0,1
Ulvhild,Female,Old Norse,0,1
Unn,Female,Old Norse,0,1
Unnfrid,Female,Old Norse,0,1
Unnhild,Female,Old Norse,0,1
Unni,Female,Old Norse,0,1
Unnlaug,Female,Old Norse,0,1
Unnveig,Female,Old Norse,0,1
Urda,Female,Old Norse,0,1
Valbjorg,Female,Old Norse,0,1
Valfrid,Female,Old Norse,0,1
Valgerd,Female,Old Norse,0,1
Varunn,Female,Old Norse,0,1
Vebjorg,Female,Old Norse,0,1
Velaug,Female,Old Norse,0,1
Venhild,Female,Old Norse,0,1
Vidrun,Female,Old Norse,0,1
Vigdis,Female,Old Norse,0,1
Vighild,Female,Old Norse,0,1
Vilbjorg,Female,Old Norse,0,1
Vilborg,Female,Old Norse,0,1
Vilfrid,Female,Old Norse,0,1
Vilgerd,Female,Old Norse,0,1
Vilgunn,Female,Old Norse,0,1
Ymbjorg,Female,Old Norse,0,1
Yngvild,Female,Old Norse,0,1
Aake,Male,Old Norse,0,1
Aasbjorn,Male,Old Norse,0,1
Aasgeir,Male,Old Norse,0,1
Aasgrim,Male,Old Norse,0,1
Aaskell,Male,Old Norse,0,1
Aaskjell,Male,Old Norse,0,1
Aasleif,Male,Old Norse,0,1
Aasleik,Male,Old Norse,0,1
Aasleiv,Male,Old Norse,0,1
Aasvald,Male,Old Norse,0,1
Aasvard,Male,Old Norse,0,1
Ag,Male,Old Norse,0,1
Aggrim,Male,Old Norse,0,1
Agmund,Male,Old Norse,0,1
Agnar,Male,Old Norse,0,1
Almar,Male,Old Norse,0,1
Alvald,Male,Old Norse,0,1
Alvar,Male,Old Norse,0,1
Alvbjorn,Male,Old Norse,0,1
Alvfinn,Male,Old Norse,0,1
Alvgaut,Male,Old Norse,0,1
Alvgeir,Male,Old Norse,0,1
Arn,Male,Old Norse,0,1
Arnbjorn,Male,Old Norse,0,1
Arnfinn,Male,Old Norse,0,1
Arnfred,Male,Old Norse,0,1
Arngeir,Male,Old Norse,0,1
Arngrim,Male,Old Norse,0,1
Arni,Male,Old Norse,0,1
Arnkjell,Male,Old Norse,0,1
Arnleif,Male,Old Norse,0,1
Arnleiv,Male,Old Norse,0,1
Arnljot,Male,Old Norse,0,1
Arnmod,Male,Old Norse,0,1
Arnstein,Male,Old Norse,0,1
Arnthor,Male,Old Norse,0,1
Arnulf,Male,Old Norse,0,1
Arnvald,Male,Old Norse,0,1
Arnvid,Male,Old Norse,0,1
Atli,Male,Old Norse,0,1
Audar,Male,Old Norse,0,1
Audbjorn,Male,Old Norse,0,1
Audfinn,Male,Old Norse,0,1
Audgrim,Male,Old Norse,0,1
Audkjell,Male,Old Norse,0,1
Audmund,Male,Old Norse,0,1
Audstein,Male,Old Norse,0,1
Audulv,Male,Old Norse,0,1
Audun,Male,Old Norse,0,1
Audvald,Male,Old Norse,0,1
Bard,Male,Old Norse,0,1
Bendik,Male,Old Norse,0,1
Berg,Male,Old Norse,0,1
Bergsvein,Male,Old Norse,0,1
Berulf,Male,Old Norse,0,1
Berulv,Male,Old Norse,0,1
Besse,Male,Old Norse,0,1
Birgir,Male,Old Norse,0,1
Bjarni,Male,Old Norse,0,1
Bjermund,Male,Old Norse,0,1
Bjorgulv,Male,Old Norse,0,1
Bjorn,Male,Old Norse,0,1
Bjornar,Male,Old Norse,0,1
Bjornulv,Male,Old Norse,0,1
Bodolf,Male,Old Norse,0,1
Bodvar,Male,Old Norse,0,1
Bogi,Male,Old Norse,0,1
Boldolv,Male,Old Norse,0,1
Borgi,Male,Old Norse,0,1
Borgir,Male,Old Norse,0,1
Borgulv,Male,Old Norse,0,1
Borgvald,Male,Old Norse,0,1
Borri,Male,Old Norse,0,1
Botolv,Male,Old Norse,0,1
Bragi,Male,Old Norse,0,1
Bredi,Male,Old Norse,0,1
Brusi,Male,Old Norse,0,1
Brynjulf,Male,Old Norse,0,1
Dagfinn,Male,Old Norse,0,1
Dreng,Male,Old Norse,0,1
Dyri,Male,Old Norse,0,1
Egil,Male,Old Norse,0,1
Eigil,Male,Old Norse,0,1
Eilif,Male,Old Norse,0,1
Eiliv,Male,Old Norse,0,1
Eimund,Male,Old Norse,0,1
Einar,Male,Old Norse,0,1
Einvald,Male,Old Norse,0,1
Eldar,Male,Old Norse,0,1
Eric,Male,Old Norse,0,1
Erik,Male,Old Norse,0,1
Erland,Male,Old Norse,0,1
Erlend,Male,Old Norse,0,1
Erling,Male,Old Norse,0,1
Eystein,Male,Old Norse,0,1
Eyyolf,Male,Old Norse,0,1
Eyyolv,Male,Old Norse,0,1
Fartein,Male,Old Norse,0,1
Faste,Male,Old Norse,0,1
Finn,Male,Old Norse,0,1
Finnbjorn,Male,Old Norse,0,1
Finngard,Male,Old Norse,0,1
Folki,Male,Old Norse,0,1
Folkvald,Male,Old Norse,0,1
Freyr,Male,Old Norse,0,1
Fridleiv,Male,Old Norse,0,1
Fridthjof,Male,Old Norse,0,1
Frodi,Male,Old Norse,0,1
Gauti,Male,Old Norse,0,1
Geir,Male,Old Norse,0,1
Geirbrand,Male,Old Norse,0,1
Geirmund,Male,Old Norse,0,1
Geirolf,Male,Old Norse,0,1
Geirolv,Male,Old Norse,0,1
Geirstein,Male,Old Norse,0,1
Geirulf,Male,Old Norse,0,1
Geirulv,Male,Old Norse,0,1
Gisli,Male,Old Norse,0,1
Gissur,Male,Old Norse,0,1
Glumir,Male,Old Norse,0,1
Gorm,Male,Old Norse,0,1
Grim,Male,Old Norse,0,1
Grimkjell,Male,Old Norse,0,1
Gudbjorn,Male,Old Norse,0,1
Gudleik,Male,Old Norse,0,1
Gudleiv,Male,Old Norse,0,1
Gudmund,Male,Old Norse,0,1
Gudolf,Male,Old Norse,0,1
Gudolv,Male,Old Norse,0,1
Gudstein,Male,Old Norse,0,1
Gullbjorn,Male,Old Norse,0,1
Gullbrand,Male,Old Norse,0,1
Gullik,Male,Old Norse,0,1
Gunbjorn,Male,Old Norse,0,1
Gunnar,Male,Old Norse,0,1
Gunnbjorn,Male,Old Norse,0,1
Gunner,Male,Old Norse,0,1
Gunnolf,Male,Old Norse,0,1
Gunnolv,Male,Old Norse,0,1
Gunnstein,Male,Old Norse,0,1
Gunnsten,Male,Old Norse,0,1
Gunnvald,Male,Old Norse,0,1
Gunnvar,Male,Old Norse,0,1
Gutorm,Male,Old Norse,0,1
Guttorm,Male,Old Norse,0,1
Haabjorn,Male,Old Norse,0,1
Haagen,Male,Old Norse,0,1
Haaken,Male,Old Norse,0,1
Haakon,Male,Old Norse,0,1
Haarek,Male,Old Norse,0,1
Haarik,Male,Old Norse,0,1
Haavald,Male,Old Norse,0,1
Haavard,Male,Old Norse,0,1
Haavid,Male,Old Norse,0,1
Hagbart,Male,Old Norse,0,1
Halfdan,Male,Old Norse,0,1
Hallbjorn,Male,Old Norse,0,1
Hallfred,Male,Old Norse,0,1
Hallgeir,Male,Old Norse,0,1
Hallgrim,Male,Old Norse,0,1
Halli,Male,Old Norse,0,1
Hallkjell,Male,Old Norse,0,1
Hallstein,Male,Old Norse,0,1
Hallthor,Male,Old Norse,0,1
Hallvard,Male,Old Norse,0,1
Hallvor,Male,Old Norse,0,1
Harald,Male,Old Norse,0,1
Hauk,Male,Old Norse,0,1
Heming,Male,Old Norse,0,1
Hemming,Male,Old Norse,0,1
Herbjorn,Male,Old Norse,0,1
Herbrad,Male,Old Norse,0,1
Herleif,Male,Old Norse,0,1
Herleik,Male,Old Norse,0,1
Herleiv,Male,Old Norse,0,1
Hermod,Male,Old Norse,0,1
Hermund,Male,Old Norse,0,1
Hervard,Male,Old Norse,0,1
Hildebrand,Male,Old Norse,0,1
Hildemar,Male,Old Norse,0,1
Hjalmar,Male,Old Norse,0,1
Hogni,Male,Old Norse,0,1
Holgir,Male,Old Norse,0,1
Ingar,Male,Old Norse,0,1
Ingebjorn,Male,Old Norse,0,1
Ingemar,Male,Old Norse,0,1
Ingolf,Male,Old Norse,0,1
Ingvald,Male,Old Norse,0,1
Ingvar,Male,Old Norse,0,1
Ivar,Male,Old Norse,0,1
Iver,Male,Old Norse,0,1
Joar,Male,Old Norse,0,1
Jogeir,Male,Old Norse,0,1
Jor,Male,Old Norse,0,1
Jorik,Male,Old Norse,0,1
Jorulv,Male,Old Norse,0,1
Jorund,Male,Old Norse,0,1
Jostein,Male,Old Norse,0,1
Kaalv,Male,Old Norse,0,1
Kaarbjorn,Male,Old Norse,0,1
Kaare,Male,Old Norse,0,1
Ketil,Male,Old Norse,0,1
Kjetil,Male,Old Norse,0,1
Kleng,Male,Old Norse,0,1
Knut,Male,Old Norse,0,1
Kol,Male,Old Norse,0,1
Kolbein,Male,Old Norse,0,1
Kolbjorn,Male,Old Norse,0,1
Kolfinn,Male,Old Norse,0,1
Kolgrim,Male,Old Norse,0,1
Koll,Male,Old Norse,0,1
Kolstein,Male,Old Norse,0,1
Leid,Male,Old Norse,0,1
Leidolv,Male,Old Norse,0,1
Leidulf,Male,Old Norse,0,1
Leidulv,Male,Old Norse,0,1
Leidvor,Male,Old Norse,0,1
Leif,Male,Old Norse,0,1
Leiv,Male,Old Norse,0,1
Magnar,Male,Old Norse,0,1
Magni,Male,Old Norse,0,1
Narfi,Male,Old Norse,0,1
Narvi,Male,Old Norse,0,1
Nottolv,Male,Old Norse,0,1
Odd,Male,Old Norse,0,1
Oddbjorn,Male,Old Norse,0,1
Oddfred,Male,Old Norse,0,1
Oddgeir,Male,Old Norse,0,1
Oddleif,Male,Old Norse,0,1
Oddleiv,Male,Old Norse,0,1
Oddmar,Male,Old Norse,0,1
Oddmund,Male,Old Norse,0,1
Oddvar,Male,Old Norse,0,1
Odin,Male,Old Norse,0,1
Olaf,Male,Old Norse,0,1
Olav,Male,Old Norse,0,1
Olbjorn,Male,Old Norse,0,1
Olgeir,Male,Old Norse,0,1
Olgir,Male,Old Norse,0,1
Olvar,Male,Old Norse,0,1
Ottar,Male,Old Norse,0,1
Raadgeir,Male,Old Norse,0,1
Raadmund,Male,Old Norse,0,1
Raadolf,Male,Old Norse,0,1
Raadolv,Male,Old Norse,0,1
Ragnar,Male,Old Norse,0,1
Ragnvald,Male,Old Norse,0,1
Randmod,Male,Old Norse,0,1
Randolf,Male,Old Norse,0,1
Randolv,Male,Old Norse,0,1
Reidalv,Male,Old Norse,0,1
Reidar,Male,Old Norse,0,1
Reidmar,Male,Old Norse,0,1
Reidolf,Male,Old Norse,0,1
Reidolv,Male,Old Norse,0,1
Reidulf,Male,Old Norse,0,1
Reidulv,Male,Old Norse,0,1
Roald,Male,Old Norse,0,1
Roar,Male,Old Norse,0,1
Rolf,Male,Old Norse,0,1
Rolleif,Male,Old Norse,0,1
Rolleiv,Male,Old Norse,0,1
Rorek,Male,Old Norse,0,1
Rorik,Male,Old Norse,0,1
Runi,Male,Old Norse,0,1
Runolv,Male,Old Norse,0,1
Saebjorn,Male,Old Norse,0,1
Saemund,Male,Old Norse,0,1
Saevald,Male,Old Norse,0,1
Sigbjorn,Male,Old Norse,0,1
Sigfred,Male,Old Norse,0,1
Sigstein,Male,Old Norse,0,1
Sigtrygg,Male,Old Norse,0,1
Sigurd,Male,Old Norse,0,1
Sigvald,Male,Old Norse,0,1
Sigvat,Male,Old Norse,0,1
Sjaundi,Male,Old Norse,0,1
Skjalg,Male,Old Norse,0,1
Skuli,Male,Old Norse,0,1
Snorri,Male,Old Norse,0,1
Solmund,Male,Old Norse,0,1
Stein,Male,Old Norse,0,1
Steinar,Male,Old Norse,0,1
Steinbjorn,Male,Old Norse,0,1
Steingrim,Male,Old Norse,0,1
Stig,Male,Old Norse,0,1
Styrbjorn,Male,Old Norse,0,1
Svein,Male,Old Norse,0,1
Sveinar,Male,Old Norse,0,1
Sveinbjorn,Male,Old Norse,0,1
Sveinung,Male,Old Norse,0,1
Sverre,Male,Old Norse,0,1
Sverri,Male,Old Norse,0,1
Tali,Male,Old Norse,0,1
Tarjei,Male,Old Norse,0,1
Thor,Male,Old Norse,0,1
Thoralf,Male,Old Norse,0,1
Thoralv,Male,Old Norse,0,1
Thorbjorn,Male,Old Norse,0,1
Thord,Male,Old Norse,0,1
Thorfinn,Male,Old Norse,0,1
Thorgeir,Male,Old Norse,0,1
Thorgrim,Male,Old Norse,0,1
Thorkel,Male,Old Norse,0,1
Thorkell,Male,Old Norse,0,1
Thorleik,Male,Old Norse,0,1
Thorleiv,Male,Old Norse,0,1
Thormod,Male,Old Norse,0,1
Thorodd,Male,Old Norse,0,1
Thorolf,Male,Old Norse,0,1
Thorolv,Male,Old Norse,0,1
Thorstein,Male,Old Norse,0,1
Thorsten,Male,Old Norse,0,1
Thorvald,Male,Old Norse,0,1
Tjodgeir,Male,Old Norse,0,1
Tjodolf,Male,Old Norse,0,1
Tjodrek,Male,Old Norse,0,1
Tjodrik,Male,Old Norse,0,1
Tjoldolv,Male,Old Norse,0,1
Toki,Male,Old Norse,0,1
Trond,Male,Old Norse,0,1
Tryggvi,Male,Old Norse,0,1
Ulf,Male,Old Norse,0,1
Ulrik,Male,Old Norse,0,1
Ulv,Male,Old Norse,0,1
Vebjorn,Male,Old Norse,0,1
Vegard,Male,Old Norse,0,1
Vegeir,Male,Old Norse,0,1
Vemund,Male,Old Norse,0,1
Vidar,Male,Old Norse,0,1
Vidkunn,Male,Old Norse,0,1
Vigbjorn,Male,Old Norse,0,1
Volund,Male,Old Norse,0,1
Yngvi,Male,Old Norse,0,1
Adalais,Female,Old Occitan,0,3
Alamanda,Female,Old Occitan,0,3
Azalais,Female,Old Occitan,0,3
Beatriz,Female,Old Occitan,0,3
Castelloza,Female,Old Occitan,0,3
Clara,Female,Old Occitan,0,2
Comtessa,Female,Old Occitan,0,2
Ermengarda,Female,Old Occitan,0,2
Garsenda,Female,Old Occitan,0,2
Gaudairenca,Female,Old Occitan,0,2
Guillelma,Female,Old Occitan,0,2
Iseut,Female,Old Occitan,0,2
Maria,Female,Old Occitan,0,2
Raimonda,Female,Old Occitan,0,2
Rixenda,Female,Old Occitan,0,2
Sibilla,Female,Old Occitan,0,1
Tibors,Female,Old Occitan,0,1
Vierna,Female,Old Occitan,0,1
Aimeric,Male,Old Occitan,0,3
Arnaut,Male,Old Occitan,0,3
Bernart,Male,Old Occitan,0,3
Bertran,Male,Old Occitan,0,3
Blacatz,Male,Old Occitan,0,3
Cercamon,Male,Old Occitan,0,2
Folquet,Male,Old Occitan,0,2
Gaucelm,Male,Old Occitan,0,2
Giraut,Male,Old Occitan,0,2
Guilhem,Male,Old Occitan,0,2
Jaufre,Male,Old Occitan,0,2
Marcabru,Male,Old Occitan,0,2
Peire,Male,Old Occitan,0,2
Pons,Male,Old Occitan,0,2
Raimbaut,Male,Old Occitan,0,2
Raimon,Male,Old Occitan,0,1
Ramon,Male,Old Occitan,0,1
Rigaut,Male,Old Occitan,0,1
Rudel,Male,Old Occitan,0,1
Sordel,Male,Old Occitan,0,1
Uc,Male,Old Occitan,0,1
Ugo,Male,Old Occitan,0,1
Bogumila,Female,Old Polish/West Slavic,0,3
Bozena,Female,Old Polish/West Slavic,0,3
Dobrawa,Female,Old Polish/West Slavic,0,3
Dobroslawa,Female,Old Polish/West Slavic,0,3
Dzierzyslawa,Female,Old Polish/West Slavic,0,3
Grzymislawa,Female,Old Polish/West Slavic,0,2
Jadwiga,Female,Old Polish/West Slavic,0,2
Ludmila,Female,Old Polish/West Slavic,0,2
Mieszka,Female,Old Polish/West Slavic,0,2
Milena,Female,Old Polish/West Slavic,0,2
Przemyslawa,Female,Old Polish/West Slavic,0,2
Radoslawa,Female,Old Polish/West Slavic,0,2
Rycheza,Female,Old Polish/West Slavic,0,2
Slawa,Female,Old Polish/West Slavic,0,2
Stanislawa,Female,Old Polish/West Slavic,0,2
Wislawa,Female,Old Polish/West Slavic,0,1
Wladyslawa,Female,Old Polish/West Slavic,0,1
Zbigniewa,Female,Old Polish/West Slavic,0,1
Bogumil,Male,Old Polish/West Slavic,0,3
Boguslaw,Male,Old Polish/West Slavic,0,3
Boleslaw,Male,Old Polish/West Slavic,0,3
Borzyslaw,Male,Old Polish/West Slavic,0,3
Casimir,Male,Old Polish/West Slavic,0,3
Czcibor,Male,Old Polish/West Slavic,0,2
Dobrogost,Male,Old Polish/West Slavic,0,2
Dobromir,Male,Old Polish/West Slavic,0,2
Gniewomir,Male,Old Polish/West Slavic,0,2
Jaromir,Male,Old Polish/West Slavic,0,2
Kazimierz,Male,Old Polish/West Slavic,0,2
Leszek,Male,Old Polish/West Slavic,0,2
Mieszko,Male,Old Polish/West Slavic,0,2
Przemysl,Male,Old Polish/West Slavic,0,2
Racibor,Male,Old Polish/West Slavic,0,2
Radomir,Male,Old Polish/West Slavic,0,1
Siemomysl,Male,Old Polish/West Slavic,0,1
Siemowit,Male,Old Polish/West Slavic,0,1
Slawomir,Male,Old Polish/West Slavic,0,1
Sobieslaw,Male,Old Polish/West Slavic,0,1
Stanislaw,Male,Old Polish/West Slavic,0,1
Wladyslaw,Male,Old Polish/West Slavic,0,1
Zbigniew,Male,Old Polish/West Slavic,0,1
Austine,Female,Old Prussian,0,3
Butaute,Female,Old Prussian,0,3
Dainora,Female,Old Prussian,0,3
Gede,Female,Old Prussian,0,3
Glanda,Female,Old Prussian,0,3
Glausota,Female,Old Prussian,0,2
Kantigirde,Female,Old Prussian,0,2
Laima,Female,Old Prussian,0,2
Milda,Female,Old Prussian,0,2
Nadruve,Female,Old Prussian,0,2
Pomande,Female,Old Prussian,0,2
Rasa,Female,Old Prussian,0,2
Skumante,Female,Old Prussian,0,2
Survile,Female,Old Prussian,0,2
Twangsta,Female,Old Prussian,0,2
Zemyna,Female,Old Prussian,0,1
Auctume,Male,Old Prussian,0,3
Butautas,Male,Old Prussian,0,3
Diwanus,Male,Old Prussian,0,3
Gedete,Male,Old Prussian,0,3
Glande,Male,Old Prussian,0,3
Glausote,Male,Old Prussian,0,2
Globbio,Male,Old Prussian,0,2
Herkus,Male,Old Prussian,0,2
Kantigirdas,Male,Old Prussian,0,2
Mantas,Male,Old Prussian,0,2
Nadruvis,Male,Old Prussian,0,2
Nomedas,Male,Old Prussian,0,2
Pomande,Male,Old Prussian,0,2
Skomantas,Male,Old Prussian,0,2
Skumantas,Male,Old Prussian,0,2
Survila,Male,Old Prussian,0,1
Twangste,Male,Old Prussian,0,1
Wargule,Male,Old Prussian,0,1
Wissegaude,Male,Old Prussian,0,1
Bogdana,Female,Old Slavic,0,3
Bojana,Female,Old Slavic,0,3
Borislava,Female,Old Slavic,0,3
Branislava,Female,Old Slavic,0,3
Dobromila,Female,Old Slavic,0,3
Dragana,Female,Old Slavic,0,2
Jaroslava,Female,Old Slavic,0,2
Ljubica,Female,Old Slavic,0,2
Milena,Female,Old Slavic,0,2
Miroslava,Female,Old Slavic,0,2
Rada,Female,Old Slavic,0,2
Radoslava,Female,Old Slavic,0,2
Ratimira,Female,Old Slavic,0,2
Slavica,Female,Old Slavic,0,2
Svetlana,Female,Old Slavic,0,2
Vladislava,Female,Old Slavic,0,1
Vlastimira,Female,Old Slavic,0,1
Zdenka,Female,Old Slavic,0,1
Bogdan,Male,Old Slavic,0,3
Bohdan,Male,Old Slavic,0,3
Borislav,Male,Old Slavic,0,3
Branislav,Male,Old Slavic,0,3
Dobromir,Male,Old Slavic,0,3
Dragomir,Male,Old Slavic,0,2
Jaromir,Male,Old Slavic,0,2
Ljubomir,Male,Old Slavic,0,2
Miloslav,Male,Old Slavic,0,2
Miroslav,Male,Old Slavic,0,2
Radomir,Male,Old Slavic,0,2
Radoslav,Male,Old Slavic,0,2
Ratimir,Male,Old Slavic,0,2
Rostislav,Male,Old Slavic,0,2
Slavomir,Male,Old Slavic,0,2
Svetozar,Male,Old Slavic,0,1
Vladislav,Male,Old Slavic,0,1
Vlastimir,Male,Old Slavic,0,1
Vojislav,Male,Old Slavic,0,1
Zdeslav,Male,Old Slavic,0,1
Aldonza,Female,Old Spanish/Castilian,0,3
Beatriz,Female,Old Spanish/Castilian,0,3
Berenguela,Female,Old Spanish/Castilian,0,3
Blanca,Female,Old Spanish/Castilian,0,3
Elvira,Female,Old Spanish/Castilian,0,3
Enderquina,Female,Old Spanish/Castilian,0,2
Fronilde,Female,Old Spanish/Castilian,0,2
Jimena,Female,Old Spanish/Castilian,0,2
Leonor,Female,Old Spanish/Castilian,0,2
Mayor,Female,Old Spanish/Castilian,0,2
Mencia,Female,Old Spanish/Castilian,0,2
Munia,Female,Old Spanish/Castilian,0,2
Sancha,Female,Old Spanish/Castilian,0,2
Sol,Female,Old Spanish/Castilian,0,2
Teresa,Female,Old Spanish/Castilian,0,2
Toda,Female,Old Spanish/Castilian,0,1
Urraca,Female,Old Spanish/Castilian,0,1
Velasquita,Female,Old Spanish/Castilian,0,1
Alfonso,Male,Old Spanish/Castilian,0,3
Alvar,Male,Old Spanish/Castilian,0,3
Arias,Male,Old Spanish/Castilian,0,3
Bermudo,Male,Old Spanish/Castilian,0,3
Diego,Male,Old Spanish/Castilian,0,3
Domingo,Male,Old Spanish/Castilian,0,2
Enrique,Male,Old Spanish/Castilian,0,2
Fernando,Male,Old Spanish/Castilian,0,2
Fruela,Male,Old Spanish/Castilian,0,2
Garcia,Male,Old Spanish/Castilian,0,2
Gomez,Male,Old Spanish/Castilian,0,2
Gonzalo,Male,Old Spanish/Castilian,0,2
Lope,Male,Old Spanish/Castilian,0,2
Martin,Male,Old Spanish/Castilian,0,2
Munio,Male,Old Spanish/Castilian,0,2
Nuno,Male,Old Spanish/Castilian,0,1
Ordono,Male,Old Spanish/Castilian,0,1
Pedro,Male,Old Spanish/Castilian,0,1
Pelayo,Male,Old Spanish/Castilian,0,1
Ramiro,Male,Old Spanish/Castilian,0,1
Rodrigo,Male,Old Spanish/Castilian,0,1
Sancho,Male,Old Spanish/Castilian,0,1
Suero,Male,Old Spanish/Castilian,0,1
Vela,Male,Old Spanish/Castilian,0,1
Astrid,Female,Old Swedish,0,3
Bengta,Female,Old Swedish,0,3
Birgitta,Female,Old Swedish,0,3
Cecilia,Female,Old Swedish,0,3
Estrid,Female,Old Swedish,0,3
Freydis,Female,Old Swedish,0,2
Gertrud,Female,Old Swedish,0,2
Gunhild,Female,Old Swedish,0,2
Helena,Female,Old Swedish,0,2
Ingeborg,Female,Old Swedish,0,2
Ingrid,Female,Old Swedish,0,2
Karin,Female,Old Swedish,0,2
Kristina,Female,Old Swedish,0,2
Margareta,Female,Old Swedish,0,2
Ragnhild,Female,Old Swedish,0,2
Rikissa,Female,Old Swedish,0,1
Sigrid,Female,Old Swedish,0,1
Tora,Female,Old Swedish,0,1
Ulvhild,Female,Old Swedish,0,1
Anund,Male,Old Swedish,0,3
Arvid,Male,Old Swedish,0,3
Asbjorn,Male,Old Swedish,0,3
Birger,Male,Old Swedish,0,3
Bjorn,Male,Old Swedish,0,3
Bo,Male,Old Swedish,0,2
Erik,Male,Old Swedish,0,2
Eskil,Male,Old Swedish,0,2
Folke,Male,Old Swedish,0,2
Gunnar,Male,Old Swedish,0,2
Hakon,Male,Old Swedish,0,2
Holmger,Male,Old Swedish,0,2
Inge,Male,Old Swedish,0,2
Jarl,Male,Old Swedish,0,2
Karl,Male,Old Swedish,0,2
Knut,Male,Old Swedish,0,1
Magnus,Male,Old Swedish,0,1
Olaf,Male,Old Swedish,0,1
Ragnvald,Male,Old Swedish,0,1
Sigurd,Male,Old Swedish,0,1
Sten,Male,Old Swedish,0,1
Sverker,Male,Old Swedish,0,1
Torgils,Male,Old Swedish,0,1
Ulf,Male,Old Swedish,0,1
Alof,Female,Old West Norse,0,3
Asa,Female,Old West Norse,0,3
Asdis,Female,Old West Norse,0,3
Astridr,Female,Old West Norse,0,3
Audr,Female,Old West Norse,0,3
Bergthora,Female,Old West Norse,0,2
Freydis,Female,Old West Norse,0,2
Gudridr,Female,Old West Norse,0,2
Gudrun,Female,Old West Norse,0,2
Gunnhildr,Female,Old West Norse,0,2
Hallbera,Female,Old West Norse,0,2
Helga,Female,Old West Norse,0,2
Hildr,Female,Old West Norse,0,2
Ingibjorg,Female,Old West Norse,0,2
Jorunn,Female,Old West Norse,0,2
Ragnhildr,Female,Old West Norse,0,1
Sigridr,Female,Old West Norse,0,1
Thora,Female,Old West Norse,0,1
Thorgerdr,Female,Old West Norse,0,1
Unnr,Female,Old West Norse,0,1
Yngvildr,Female,Old West Norse,0,1
Ari,Male,Old West Norse,0,3
Arnbjorn,Male,Old West Norse,0,3
Asgeir,Male,Old West Norse,0,3
Bardi,Male,Old West Norse,0,3
Bjorn,Male,Old West Norse,0,3
Egil,Male,Old West Norse,0,2
Einar,Male,Old West Norse,0,2
Eirikr,Male,Old West Norse,0,2
Gisli,Male,Old West Norse,0,2
Gunnar,Male,Old West Norse,0,2
Hallbjorn,Male,Old West Norse,0,2
Haraldr,Male,Old West Norse,0,2
Hrafn,Male,Old West Norse,0,2
Ketill,Male,Old West Norse,0,2
Kolbeinn,Male,Old West Norse,0,2
Leifr,Male,Old West Norse,0,1
Magnus,Male,Old West Norse,0,1
Njall,Male,Old West Norse,0,1
Olafr,Male,Old West Norse,0,1
Ormr,Male,Old West Norse,0,1
Sigurdr,Male,Old West Norse,0,1
Snorri,Male,Old West Norse,0,1
Sturla,Male,Old West Norse,0,1
Thorfinnr,Male,Old West Norse,0,1
Thorsteinn,Male,Old West Norse,0,1
Ulf,Male,Old West Norse,0,1
Aife,Female,Pictish/Brittonic Substrate,0,3
Caitrina,Female,Pictish/Brittonic Substrate,0,3
Derile,Female,Pictish/Brittonic Substrate,0,3
Eithne,Female,Pictish/Brittonic Substrate,0,3
Fionnuala,Female,Pictish/Brittonic Substrate,0,3
Fortrenna,Female,Pictish/Brittonic Substrate,0,2
Gwen,Female,Pictish/Brittonic Substrate,0,2
Muirenn,Female,Pictish/Brittonic Substrate,0,2
Naitira,Female,Pictish/Brittonic Substrate,0,2
Una,Female,Pictish/Brittonic Substrate,0,2
Uuenna,Female,Pictish/Brittonic Substrate,0,2
Bridei,Male,Pictish/Brittonic Substrate,0,3
Brude,Male,Pictish/Brittonic Substrate,0,3
Caitt,Male,Pictish/Brittonic Substrate,0,3
Ciniod,Male,Pictish/Brittonic Substrate,0,3
Constantin,Male,Pictish/Brittonic Substrate,0,3
Drest,Male,Pictish/Brittonic Substrate,0,2
Drust,Male,Pictish/Brittonic Substrate,0,2
Elpin,Male,Pictish/Brittonic Substrate,0,2
Gartnait,Male,Pictish/Brittonic Substrate,0,2
Nechtan,Male,Pictish/Brittonic Substrate,0,2
Oengus,Male,Pictish/Brittonic Substrate,0,2
Talorc,Male,Pictish/Brittonic Substrate,0,2
Uuen,Male,Pictish/Brittonic Substrate,0,2
Uurad,Male,Pictish/Brittonic Substrate,0,2
Vipoig,Male,Pictish/Brittonic Substrate,0,2
Ana,Female,Romanian/Aromanian,0,3
Anca,Female,Romanian/Aromanian,0,3
Calina,Female,Romanian/Aromanian,0,3
Doina,Female,Romanian/Aromanian,0,3
Elena,Female,Romanian/Aromanian,0,3
Floarea,Female,Romanian/Aromanian,0,2
Ileana,Female,Romanian/Aromanian,0,2
Ioana,Female,Romanian/Aromanian,0,2
Irina,Female,Romanian/Aromanian,0,2
Luminita,Female,Romanian/Aromanian,0,2
Maria,Female,Romanian/Aromanian,0,2
Mirela,Female,Romanian/Aromanian,0,2
Nicoleta,Female,Romanian/Aromanian,0,2
Roxana,Female,Romanian/Aromanian,0,2
Sanda,Female,Romanian/Aromanian,0,2
Sorina,Female,Romanian/Aromanian,0,1
Stana,Female,Romanian/Aromanian,0,1
Teodora,Female,Romanian/Aromanian,0,1
Vasilica,Female,Romanian/Aromanian,0,1
Alexandru,Male,Romanian/Aromanian,0,3
Andrei,Male,Romanian/Aromanian,0,3
Bogdan,Male,Romanian/Aromanian,0,3
Constantin,Male,Romanian/Aromanian,0,3
Dan,Male,Romanian/Aromanian,0,3
Dimitrie,Male,Romanian/Aromanian,0,2
Dragos,Male,Romanian/Aromanian,0,2
Gheorghe,Male,Romanian/Aromanian,0,2
Ion,Male,Romanian/Aromanian,0,2
Iovan,Male,Romanian/Aromanian,0,2
Luca,Male,Romanian/Aromanian,0,2
Matei,Male,Romanian/Aromanian,0,2
Mihail,Male,Romanian/Aromanian,0,2
Mircea,Male,Romanian/Aromanian,0,2
Nicolae,Male,Romanian/Aromanian,0,2
Petru,Male,Romanian/Aromanian,0,1
Radu,Male,Romanian/Aromanian,0,1
Stefan,Male,Romanian/Aromanian,0,1
Teodor,Male,Romanian/Aromanian,0,1
Vasile,Male,Romanian/Aromanian,0,1
Vlad,Male,Romanian/Aromanian,0,1
Adelasia,Female,Sardinian,0,3
Benedetta,Female,Sardinian,0,3
Birgida,Female,Sardinian,0,3
Comita,Female,Sardinian,0,3
Costantina,Female,Sardinian,0,3
Elena,Female,Sardinian,0,2
Giorgia,Female,Sardinian,0,2
Gonnaria,Female,Sardinian,0,2
Maria,Female,Sardinian,0,2
Preziosa,Female,Sardinian,0,2
Sibilla,Female,Sardinian,0,2
Susanna,Female,Sardinian,0,2
Vera,Female,Sardinian,0,2
Antoni,Male,Sardinian,0,3
Arzocu,Male,Sardinian,0,3
Barisone,Male,Sardinian,0,3
Comita,Male,Sardinian,0,3
Costantinu,Male,Sardinian,0,3
Dorgodori,Male,Sardinian,0,2
Gonnario,Male,Sardinian,0,2
Gosantine,Male,Sardinian,0,2
Gunnari,Male,Sardinian,0,2
Iohanne,Male,Sardinian,0,2
Mariano,Male,Sardinian,0,2
Orzocco,Male,Sardinian,0,2
Pietro,Male,Sardinian,0,2
Salusi,Male,Sardinian,0,2
Torchitorio,Male,Sardinian,0,2
Ugone,Male,Sardinian,0,1
Aileas,Female,Scottish Gaelic,0,3
Ailis,Female,Scottish Gaelic,0,3
Beathag,Female,Scottish Gaelic,0,3
Catriona,Female,Scottish Gaelic,0,3
Deirdre,Female,Scottish Gaelic,0,3
Ealasaid,Female,Scottish Gaelic,0,2
Eimhir,Female,Scottish Gaelic,0,2
Fionnghuala,Female,Scottish Gaelic,0,2
Gormlaith,Female,Scottish Gaelic,0,2
Grainne,Female,Scottish Gaelic,0,2
Iseabail,Female,Scottish Gaelic,0,2
Lileas,Female,Scottish Gaelic,0,2
Mairead,Female,Scottish Gaelic,0,2
Mairi,Female,Scottish Gaelic,0,2
Marsaili,Female,Scottish Gaelic,0,2
Morag,Female,Scottish Gaelic,0,1
Muireall,Female,Scottish Gaelic,0,1
Sileas,Female,Scottish Gaelic,0,1
Una,Female,Scottish Gaelic,0,1
Aedan,Male,Scottish Gaelic,0,3
Aengus,Male,Scottish Gaelic,0,3
Alasdair,Male,Scottish Gaelic,0,3
Artair,Male,Scottish Gaelic,0,3
Cailean,Male,Scottish Gaelic,0,3
Coinneach,Male,Scottish Gaelic,0,2
Domnall,Male,Scottish Gaelic,0,2
Donnchadh,Male,Scottish Gaelic,0,2
Dubhghall,Male,Scottish Gaelic,0,2
Eachann,Male,Scottish Gaelic,0,2
Eoin,Male,Scottish Gaelic,0,2
Fergus,Male,Scottish Gaelic,0,2
Fionnlagh,Male,Scottish Gaelic,0,2
Gilleasbuig,Male,Scottish Gaelic,0,2
Gillebride,Male,Scottish Gaelic,0,2
Iain,Male,Scottish Gaelic,0,1
Lachlann,Male,Scottish Gaelic,0,1
Mael Coluim,Male,Scottish Gaelic,0,1
Murchadh,Male,Scottish Gaelic,0,1
Niall,Male,Scottish Gaelic,0,1
Raghnall,Male,Scottish Gaelic,0,1
Somhairle,Male,Scottish Gaelic,0,1
Tormod,Male,Scottish Gaelic,0,1
Uilleam,Male,Scottish Gaelic,0,1
Bozena,Female,Sorbian/Wendish,0,3
Dobrina,Female,Sorbian/Wendish,0,3
Hana,Female,Sorbian/Wendish,0,3
Hanka,Female,Sorbian/Wendish,0,3
Jana,Female,Sorbian/Wendish,0,3
Lubina,Female,Sorbian/Wendish,0,2
Maja,Female,Sorbian/Wendish,0,2
Malwine,Female,Sorbian/Wendish,0,2
Mila,Female,Sorbian/Wendish,0,2
Milena,Female,Sorbian/Wendish,0,2
Radmila,Female,Sorbian/Wendish,0,2
Stanislawa,Female,Sorbian/Wendish,0,2
Worsa,Female,Sorbian/Wendish,0,2
Zdislawa,Female,Sorbian/Wendish,0,2
Beno,Male,Sorbian/Wendish,0,3
Bogumil,Male,Sorbian/Wendish,0,3
Boleslaw,Male,Sorbian/Wendish,0,3
Bronislav,Male,Sorbian/Wendish,0,3
Dobrivoj,Male,Sorbian/Wendish,0,3
Handrij,Male,Sorbian/Wendish,0,2
Jakub,Male,Sorbian/Wendish,0,2
Jan,Male,Sorbian/Wendish,0,2
Juro,Male,Sorbian/Wendish,0,2
Kito,Male,Sorbian/Wendish,0,2
Lubomir,Male,Sorbian/Wendish,0,2
Mato,Male,Sorbian/Wendish,0,2
Miklawus,Male,Sorbian/Wendish,0,2
Pawol,Male,Sorbian/Wendish,0,2
Radomir,Male,Sorbian/Wendish,0,2
Stanij,Male,Sorbian/Wendish,0,1
Tomas,Male,Sorbian/Wendish,0,1
Wjaclaw,Male,Sorbian/Wendish,0,1
Zdislaw,Male,Sorbian/Wendish,0,1
Anica,Female,South Slavic,0,3
Biljana,Female,South Slavic,0,3
Bozana,Female,South Slavic,0,3
Branislava,Female,South Slavic,0,3
Dragana,Female,South Slavic,0,3
Jelena,Female,South Slavic,0,2
Katarina,Female,South Slavic,0,2
Milena,Female,South Slavic,0,2
Mira,Female,South Slavic,0,2
Miroslava,Female,South Slavic,0,2
Rada,Female,South Slavic,0,2
Radoslava,Female,South Slavic,0,2
Slavica,Female,South Slavic,0,2
Stana,Female,South Slavic,0,2
Teodora,Female,South Slavic,0,2
Vesna,Female,South Slavic,0,1
Vladislava,Female,South Slavic,0,1
Zorica,Female,South Slavic,0,1
Boris,Male,South Slavic,0,3
Branimir,Male,South Slavic,0,3
Caslav,Male,South Slavic,0,3
Dragomir,Male,South Slavic,0,3
Dusan,Male,South Slavic,0,3
Goislav,Male,South Slavic,0,2
Kresimir,Male,South Slavic,0,2
Lazar,Male,South Slavic,0,2
Mihailo,Male,South Slavic,0,2
Miroslav,Male,South Slavic,0,2
Mutimir,Male,South Slavic,0,2
Petar,Male,South Slavic,0,2
Pribina,Male,South Slavic,0,2
Radoslav,Male,South Slavic,0,2
Ratimir,Male,South Slavic,0,2
Stjepan,Male,South Slavic,0,1
Svetoslav,Male,South Slavic,0,1
Tomislav,Male,South Slavic,0,1
Vlastimir,Male,South Slavic,0,1
Vojislav,Male,South Slavic,0,1
Zdeslav,Male,South Slavic,0,1
Amastris,Female,Thracian,0,3
Bendida,Female,Thracian,0,3
Bendis,Female,Thracian,0,3
Cotysa,Female,Thracian,0,3
Meda,Female,Thracian,0,3
Mucapora,Female,Thracian,0,2
Rhoemetalca,Female,Thracian,0,2
Sitalca,Female,Thracian,0,2
Tereia,Female,Thracian,0,2
Thrausa,Female,Thracian,0,2
Amadocus,Male,Thracian,0,3
Berisades,Male,Thracian,0,3
Cotys,Male,Thracian,0,3
Dromichaetes,Male,Thracian,0,3
Hebryzelmis,Male,Thracian,0,3
Kersobleptes,Male,Thracian,0,2
Meda,Male,Thracian,0,2
Mostis,Male,Thracian,0,2
Mucapor,Male,Thracian,0,2
Olorus,Male,Thracian,0,2
Raskuporis,Male,Thracian,0,2
Rhoemetalces,Male,Thracian,0,2
Seuthes,Male,Thracian,0,2
Sitalces,Male,Thracian,0,2
Sparadokos,Male,Thracian,0,2
Teres,Male,Thracian,0,1
Amalafrida,Female,Vandal,0,3
Eudocia,Female,Vandal,0,3
Hildida,Female,Vandal,0,3
Hoamera,Female,Vandal,0,3
Raginfrida,Female,Vandal,0,3
Theodora,Female,Vandal,0,2
Visimara,Female,Vandal,0,2
Gaiseric,Male,Vandal,0,3
Gelimer,Male,Vandal,0,3
Godagis,Male,Vandal,0,3
Gunderic,Male,Vandal,0,3
Gunthamund,Male,Vandal,0,3
Hilderic,Male,Vandal,0,2
Hoamer,Male,Vandal,0,2
Thrasamund,Male,Vandal,0,2
Tzazo,Male,Vandal,0,2
Visimar,Male,Vandal,0,2
Vitarit,Male,Vandal,0,2
Aleta,Female,Venetic,0,3
Andetia,Female,Venetic,0,3
Enetia,Female,Venetic,0,3
Fougontia,Female,Venetic,0,3
Lemeta,Female,Venetic,0,3
Ostia,Female,Venetic,0,2
Reitia,Female,Venetic,0,2
Tivaleia,Female,Venetic,0,2
Vantkenia,Female,Venetic,0,2
Voltiomna,Female,Venetic,0,2
Aketos,Male,Venetic,0,3
Alero,Male,Venetic,0,3
Andetios,Male,Venetic,0,3
Ariunos,Male,Venetic,0,3
Boios,Male,Venetic,0,3
Enetios,Male,Venetic,0,2
Fougontios,Male,Venetic,0,2
Lemetor,Male,Venetic,0,2
Ostios,Male,Venetic,0,2
Reitios,Male,Venetic,0,2
Tivalei,Male,Venetic,0,2
Vantkenios,Male,Venetic,0,2
Voltiomnos,Male,Venetic,0,2
Amalasuntha,Female,Visigothic,0,3
Brunhild,Female,Visigothic,0,3
Egilona,Female,Visigothic,0,3
Ermesinda,Female,Visigothic,0,3
Galswintha,Female,Visigothic,0,3
Goiswintha,Female,Visigothic,0,2
Ingund,Female,Visigothic,0,2
Liuvigoto,Female,Visigothic,0,2
Muniadona,Female,Visigothic,0,2
Theodegotha,Female,Visigothic,0,2
Wisigard,Female,Visigothic,0,2
Agila,Male,Visigothic,0,3
Alaric,Male,Visigothic,0,3
Athanagild,Male,Visigothic,0,3
Chindasuinth,Male,Visigothic,0,3
Euric,Male,Visigothic,0,3
Hermenegild,Male,Visigothic,0,2
Leovigild,Male,Visigothic,0,2
Reccared,Male,Visigothic,0,2
Recceswinth,Male,Visigothic,0,2
Roderic,Male,Visigothic,0,2
Sisebut,Male,Visigothic,0,2
Sisenand,Male,Visigothic,0,2
Theodemir,Male,Visigothic,0,2
Theodoric,Male,Visigothic,0,2
Wamba,Male,Visigothic,0,2
Witiza,Male,Visigothic,0,1
Arianwen,Female,Welsh,0,3
Blodeuwedd,Female,Welsh,0,3
Branwen,Female,Welsh,0,3
Ceridwen,Female,Welsh,0,3
Dwynwen,Female,Welsh,0,3
Elen,Female,Welsh,0,2
Eleri,Female,Welsh,0,2
Gwen,Female,Welsh,0,2
Gwenllian,Female,Welsh,0,2
Gwerfyl,Female,Welsh,0,2
Luned,Female,Welsh,0,2
Mabli,Female,Welsh,0,2
Mared,Female,Welsh,0,2
Morfydd,Female,Welsh,0,2
Nest,Female,Welsh,0,2
Rhiannon,Female,Welsh,0,1
Seren,Female,Welsh,0,1
Tegwen,Female,Welsh,0,1
Teleri,Female,Welsh,0,1
Aneirin,Male,Welsh,0,3
Bleddyn,Male,Welsh,0,3
Cadell,Male,Welsh,0,3
Cadwaladr,Male,Welsh,0,3
Caradog,Male,Welsh,0,3
Cunedda,Male,Welsh,0,2
Dafydd,Male,Welsh,0,2
Einion,Male,Welsh,0,2
Gruffudd,Male,Welsh,0,2
Gwalchmai,Male,Welsh,0,2
Gwydion,Male,Welsh,0,2
Hywel,Male,Welsh,0,2
Iestyn,Male,Welsh,0,2
Llewelyn,Male,Welsh,0,2
Madog,Male,Welsh,0,2
Maelgwn,Male,Welsh,0,1
Meurig,Male,Welsh,0,1
Owain,Male,Welsh,0,1
Rhodri,Male,Welsh,0,1
Rhys,Male,Welsh,0,1
Tudur,Male,Welsh,0,1
Urien,Male,Welsh,0,1
