composite_id,composite_name,component_1_trait,component_1_position,component_2_trait,component_2_position,component_3_trait,component_3_position,disqualifier_1_trait,disqualifier_1_position,disqualifier_2_trait,disqualifier_2_position,composite_family,short_definition,conversion_note
C001,Alluring Beauty,symmetry,peak,mating drive,excessive,modesty,deficient,friendliness,deficient,,,social_romantic,"A person whose presentation, confidence, and mating signal are unusually compelling. This is the example build: beauty plus social/romantic forwardness.",Converted from weighted original: top 3 positive primary/support traits; strongest counter traits as disqualifiers.
C002,Quiet Beauty,symmetry,peak,modesty,excessive,mating drive,peak,persuasion,excessive,,,social_presentation,A person with strong visual appeal but muted self-presentation; admired more than pursued.,Converted from weighted original: top 3 positive primary/support traits; strongest counter traits as disqualifiers.
C003,Magnetic Charmer,persuasion,peak,wit,peak,friendliness,peak,,,,,social_leadership,"A socially fluent person who wins cooperation through charm, humor, and emotional timing.",Converted from weighted original: top 3 positive primary/support traits; strongest counter traits as disqualifiers.
C004,Con Artist,persuasion,excessive,honesty,deficient,empathy,deficient,justice,peak,,,social_criminal,A manipulative social operator who reads desire and sells falsehoods cleanly.,Converted from weighted original: top 3 positive primary/support traits; strongest counter traits as disqualifiers.
C005,Benevolent Leader,civics,peak,justice,peak,persuasion,peak,ambition,excessive,assertiveness,excessive,leadership_governance,A leader who can direct people without reducing them to tools.,Converted from weighted original: top 3 positive primary/support traits; strongest counter traits as disqualifiers.
C006,Tyrant,civics,deficient,ambition,excessive,assertiveness,excessive,empathy,peak,humility,peak,leadership_coercion,"A domination-first leader who values order, obedience, and personal power above legitimacy.",Converted from weighted original: top 3 positive primary/support traits; strongest counter traits as disqualifiers.
C007,Revolutionary,civics,excessive,persuasion,peak,courage,peak,patience,excessive,,,political_leadership,A person driven to overturn existing systems in the name of a different order.,Converted from weighted original: top 3 positive primary/support traits; strongest counter traits as disqualifiers.
C008,Fanatic,justice,excessive,focus,excessive,loyalty,excessive,adaptability,peak,empathy,peak,ideology_conflict,"A certainty-driven person who pursues a cause past normal mercy, nuance, or doubt.",Converted from weighted original: top 3 positive primary/support traits; strongest counter traits as disqualifiers.
C009,Scholar,intellect,peak,curiosity,peak,discipline,peak,focus,deficient,,,knowledge_education,"A knowledge-first person who can learn, retain, compare, and teach complex ideas.",Converted from weighted original: top 3 positive primary/support traits; strongest counter traits as disqualifiers.
C010,Scientist,intellect,peak,curiosity,peak,honesty,peak,creativity,deficient,,,knowledge_research,"A truth-testing person who combines curiosity, method, perception, and honesty.",Converted from weighted original: top 3 positive primary/support traits; strongest counter traits as disqualifiers.
C011,Mad Genius,intellect,excessive,creativity,excessive,neurochemical,excessive,temperance,peak,humility,peak,knowledge_creativity,A brilliant but unstable originator whose insights arrive with social or practical fallout.,Converted from weighted original: top 3 positive primary/support traits; strongest counter traits as disqualifiers.
C012,Engineer,intellect,peak,discipline,peak,focus,peak,creativity,excessive,,,knowledge_craft,A practical problem-solver who turns knowledge into durable systems.,Converted from weighted original: top 3 positive primary/support traits; strongest counter traits as disqualifiers.
C013,Inventor,creativity,peak,curiosity,peak,intellect,peak,discipline,deficient,,,knowledge_craft,A novelty-maker who sees a missing tool before anyone else does.,Converted from weighted original: top 3 positive primary/support traits; strongest counter traits as disqualifiers.
C014,Artisan,creativity,peak,discipline,peak,focus,peak,patience,deficient,,,craft_art,A craft-centered person who makes useful or beautiful things through patience and attention.,Converted from weighted original: top 3 positive primary/support traits; strongest counter traits as disqualifiers.
C015,Performer,creativity,peak,wit,peak,persuasion,peak,modesty,excessive,,,art_social,A public-facing creator who converts expression into attention and social energy.,Converted from weighted original: top 3 positive primary/support traits; strongest counter traits as disqualifiers.
C016,Buffoon,wit,excessive,modesty,deficient,discipline,deficient,temperance,peak,,,social_comedy,A comic personality whose need to entertain overwhelms judgment or dignity.,Converted from weighted original: top 3 positive primary/support traits; strongest counter traits as disqualifiers.
C017,Warrior,physical,peak,courage,peak,discipline,peak,resilience,deficient,,,combat_protection,"A combat-ready person with strength, courage, discipline, and loyalty.",Converted from weighted original: top 3 positive primary/support traits; strongest counter traits as disqualifiers.
C018,Berserker,courage,excessive,physical,excessive,neurochemical,excessive,temperance,peak,patience,peak,combat_danger,A dangerous front-line fighter powered by aggression and low restraint.,Converted from weighted original: top 3 positive primary/support traits; strongest counter traits as disqualifiers.
C019,Guardian,courage,peak,nurturance,peak,loyalty,peak,empathy,deficient,,,combat_caregiving,A protective person who uses strength and courage in service of others.,Converted from weighted original: top 3 positive primary/support traits; strongest counter traits as disqualifiers.
C020,Hunter,perception,peak,physical,peak,patience,peak,focus,deficient,,,subsistence_combat,"A patient, perceptive, physically capable provider who can wait for the right moment.",Converted from weighted original: top 3 positive primary/support traits; strongest counter traits as disqualifiers.
C021,Scout,perception,peak,adaptability,peak,courage,peak,,,,,fieldcraft_exploration,"A mobile observer who survives by noticing, adapting, and returning with information.",Converted from weighted original: top 3 positive primary/support traits; strongest counter traits as disqualifiers.
C022,Explorer,adaptability,peak,curiosity,peak,courage,peak,,,,,fieldcraft_curiosity,A novelty-seeking person who pushes boundaries and survives unfamiliar conditions.,Converted from weighted original: top 3 positive primary/support traits; strongest counter traits as disqualifiers.
C023,Physician,intellect,peak,empathy,peak,nurturance,peak,perception,deficient,discipline,deficient,health_knowledge,"A skilled healer who combines knowledge, observation, patience, and care.",Converted from weighted original: top 3 positive primary/support traits; strongest counter traits as disqualifiers.
C024,Caregiver,nurturance,peak,empathy,peak,patience,peak,,,,,caregiving_social,A person who reliably tends the vulnerable without turning care into control.,Converted from weighted original: top 3 positive primary/support traits; strongest counter traits as disqualifiers.
C025,Smotherer,nurturance,excessive,empathy,excessive,loyalty,excessive,humility,peak,adaptability,peak,caregiving_control,"A person whose care becomes control, overprotection, or emotional engulfment.",Converted from weighted original: top 3 positive primary/support traits; strongest counter traits as disqualifiers.
C026,Therapist,empathy,peak,neurochemical,peak,patience,peak,honesty,deficient,,,health_social,"A person who can perceive emotional truth, stay stable, and help others regulate.",Converted from weighted original: top 3 positive primary/support traits; strongest counter traits as disqualifiers.
C027,Mediator,patience,peak,empathy,peak,civics,peak,assertiveness,excessive,,,law_social,"A conflict resolver who balances truth, patience, empathy, and civic-mindedness.",Converted from weighted original: top 3 positive primary/support traits; strongest counter traits as disqualifiers.
C028,Judge,justice,peak,honesty,peak,temperance,peak,,,,,law_governance,"A person oriented toward fair decisions, evidence, restraint, and social order.",Converted from weighted original: top 3 positive primary/support traits; strongest counter traits as disqualifiers.
C029,Detective,perception,peak,curiosity,peak,focus,peak,honesty,deficient,patience,deficient,law_investigation,A truth-finder who notices anomalies and follows evidence through uncertainty.,Converted from weighted original: top 3 positive primary/support traits; strongest counter traits as disqualifiers.
C030,Spy,perception,peak,adaptability,peak,persuasion,peak,,,,,intelligence_deception,"An information gatherer who uses adaptation, perception, and social masking.",Converted from weighted original: top 3 positive primary/support traits; strongest counter traits as disqualifiers.
C031,Thief,justice,deficient,perception,peak,adaptability,peak,honesty,peak,,,criminal_stealth,"A practical lawbreaker who survives through timing, perception, mobility, and low scruple.",Converted from weighted original: top 3 positive primary/support traits; strongest counter traits as disqualifiers.
C032,Criminal Mastermind,justice,deficient,intellect,peak,ambition,excessive,empathy,peak,,,criminal_leadership,"A strategic predator who coordinates deception, ambition, and immoral planning.",Converted from weighted original: top 3 positive primary/support traits; strongest counter traits as disqualifiers.
C033,Merchant,persuasion,peak,frugality,peak,perception,peak,,,,,commerce_social,"A trade-minded person who prices risk, reads people, and keeps enough discipline to profit.",Converted from weighted original: top 3 positive primary/support traits; strongest counter traits as disqualifiers.
C034,Entrepreneur,ambition,peak,adaptability,peak,persuasion,peak,courage,deficient,,,commerce_leadership,"A builder of new ventures who combines ambition, adaptation, persuasion, and risk tolerance.",Converted from weighted original: top 3 positive primary/support traits; strongest counter traits as disqualifiers.
C035,Accountant,frugality,peak,discipline,peak,focus,peak,honesty,deficient,,,commerce_administration,"A careful resource steward who prefers accuracy, restraint, and predictable systems.",Converted from weighted original: top 3 positive primary/support traits; strongest counter traits as disqualifiers.
C036,Miser,frugality,excessive,generosity,deficient,empathy,deficient,friendliness,peak,,,commerce_scarcity,A resource-hoarder whose fear of loss or envy overrides healthy exchange.,Converted from weighted original: top 3 positive primary/support traits; strongest counter traits as disqualifiers.
C037,Patron,generosity,peak,ambition,peak,persuasion,peak,frugality,deficient,,,commerce_art,"A person who converts surplus into influence by funding people, causes, or art.",Converted from weighted original: top 3 positive primary/support traits; strongest counter traits as disqualifiers.
C038,Administrator,civics,peak,discipline,peak,patience,peak,,,,,governance_operations,A civil order-maker who keeps systems running without needing glory.,Converted from weighted original: top 3 positive primary/support traits; strongest counter traits as disqualifiers.
C039,Bureaucrat,discipline,excessive,adaptability,deficient,civics,peak,creativity,peak,,,governance_operations,A rule-maintainer who may preserve order but risks rigidity and process worship.,Converted from weighted original: top 3 positive primary/support traits; strongest counter traits as disqualifiers.
C040,Loyal Retainer,loyalty,peak,discipline,peak,humility,peak,ambition,excessive,,,service_governance,"A dependable second-in-command who values duty, continuity, and service.",Converted from weighted original: top 3 positive primary/support traits; strongest counter traits as disqualifiers.
C041,Sycophant Courtier,loyalty,excessive,friendliness,excessive,persuasion,excessive,honesty,peak,humility,peak,social_court,A status-climber who survives by pleasing power rather than serving truth.,Converted from weighted original: top 3 positive primary/support traits; strongest counter traits as disqualifiers.
C042,Propagandist,persuasion,excessive,creativity,peak,honesty,deficient,humility,peak,,,politics_communication,A message-shaper who bends emotion and narrative toward a cause or patron.,Converted from weighted original: top 3 positive primary/support traits; strongest counter traits as disqualifiers.
C043,Demagogue,persuasion,excessive,ambition,excessive,modesty,deficient,humility,peak,honesty,peak,leadership_politics,A public manipulator who converts grievance into personal power.,Converted from weighted original: top 3 positive primary/support traits; strongest counter traits as disqualifiers.
C044,Cult Leader,persuasion,excessive,loyalty,excessive,humility,deficient,honesty,peak,empathy,peak,religion_manipulation,A control-oriented spiritual or ideological manipulator who demands devotion.,Converted from weighted original: top 3 positive primary/support traits; strongest counter traits as disqualifiers.
C045,Priest/Shaman,persuasion,peak,empathy,peak,discipline,peak,humility,deficient,justice,deficient,religion_culture,"A ritual and meaning specialist who connects people to moral, ancestral, or cosmic order.",Converted from weighted original: top 3 positive primary/support traits; strongest counter traits as disqualifiers.
C046,Mystic,creativity,excessive,perception,excessive,humility,excessive,neurochemical,peak,,,religion_creativity,"A person prone to visionary perception, symbolic thinking, and social withdrawal.",Converted from weighted original: top 3 positive primary/support traits; strongest counter traits as disqualifiers.
C047,Ascetic,temperance,excessive,discipline,peak,modesty,excessive,mating drive,excessive,,,religion_discipline,"A self-denying person who seeks control, purity, or transcendence by limiting appetite.",Converted from weighted original: top 3 positive primary/support traits; strongest counter traits as disqualifiers.
C048,Hermit,humility,excessive,friendliness,deficient,patience,peak,modesty,deficient,persuasion,peak,solitude_knowledge,"A withdrawal-oriented person who prefers distance, reflection, and self-contained survival.",Converted from weighted original: top 3 positive primary/support traits; strongest counter traits as disqualifiers.
C049,Archivist,discipline,peak,patience,peak,focus,peak,honesty,deficient,,,knowledge_administration,"A preservation-oriented person who keeps records, memory, and continuity intact.",Converted from weighted original: top 3 positive primary/support traits; strongest counter traits as disqualifiers.
C050,Teacher,patience,peak,intellect,peak,empathy,peak,,,,,education_social,A knowledge-transfer person who combines understanding with patience and care.,Converted from weighted original: top 3 positive primary/support traits; strongest counter traits as disqualifiers.
C051,Coach,perception,peak,discipline,peak,persuasion,peak,empathy,deficient,patience,deficient,education_performance,"A performance improver who blends motivation, discipline, perception, and care.",Converted from weighted original: top 3 positive primary/support traits; strongest counter traits as disqualifiers.
C052,Athlete,physical,peak,discipline,peak,resilience,peak,,,,,physical_performance,"A high-performance body specialist who turns fitness, focus, and discipline into status or labor.",Converted from weighted original: top 3 positive primary/support traits; strongest counter traits as disqualifiers.
C053,Laborer,physical,peak,discipline,peak,resilience,peak,patience,deficient,,,physical_production,"A reliable physical worker who contributes through endurance, repetition, and practical discipline.",Converted from weighted original: top 3 positive primary/support traits; strongest counter traits as disqualifiers.
C054,Stoic,neurochemical,deficient,resilience,peak,temperance,peak,,,,,temperament_survival,A controlled person who endures strain with little visible emotional leakage.,Converted from weighted original: top 3 positive primary/support traits; strongest counter traits as disqualifiers.
C055,Volatile Artist,creativity,excessive,neurochemical,excessive,modesty,deficient,discipline,peak,,,art_instability,A high-expression creator whose emotional instability fuels output and chaos.,Converted from weighted original: top 3 positive primary/support traits; strongest counter traits as disqualifiers.
C056,Perfectionist,discipline,excessive,focus,excessive,honesty,excessive,adaptability,peak,,,work_detail,A person whose standards and attention become compulsive rather than merely excellent.,Converted from weighted original: top 3 positive primary/support traits; strongest counter traits as disqualifiers.
C057,Obsessive Specialist,focus,excessive,discipline,excessive,curiosity,peak,,,,,knowledge_craft,A narrow expert who gains power by caring about one thing more than everyone else.,Converted from weighted original: top 3 positive primary/support traits; strongest counter traits as disqualifiers.
C058,Generalist,adaptability,peak,curiosity,peak,resilience,peak,focus,excessive,,,adaptability_work,"A flexible worker who can learn enough, switch roles, and keep functioning across contexts.",Converted from weighted original: top 3 positive primary/support traits; strongest counter traits as disqualifiers.
C059,Chaotic Drifter,discipline,deficient,focus,deficient,patience,deficient,loyalty,peak,,,instability_low_reliability,A poorly anchored person who follows impulses and distractions without durable commitments.,Converted from weighted original: top 3 positive primary/support traits; strongest counter traits as disqualifiers.
C060,Fragile Prodigy,resilience,deficient,intellect,peak,creativity,peak,physical,peak,neurochemical,peak,knowledge_vulnerability,A gifted but low-resilience person who can produce brilliance only under protected conditions.,Converted from weighted original: top 3 positive primary/support traits; strongest counter traits as disqualifiers.
C061,Survivalist,resilience,peak,frugality,peak,perception,peak,,,,,survival_scarcity,"A hard-condition survivor who can endure, conserve, notice threats, and avoid dependency.",Converted from weighted original: top 3 positive primary/support traits; strongest counter traits as disqualifiers.
C062,Desensitized Enforcer,resilience,excessive,empathy,deficient,assertiveness,excessive,justice,peak,,,violence_enforcement,A coercive agent who can carry out harsh orders without much emotional cost.,Converted from weighted original: top 3 positive primary/support traits; strongest counter traits as disqualifiers.
C063,Peacekeeper,courage,peak,assertiveness,peak,justice,peak,empathy,deficient,,,law_protection,A firm but restrained person who can stop harm without escalating it.,Converted from weighted original: top 3 positive primary/support traits; strongest counter traits as disqualifiers.
C064,Diplomat,persuasion,peak,patience,peak,civics,peak,,,,,governance_social,"A formal relationship-builder who manages conflict, status, and mutual interest.",Converted from weighted original: top 3 positive primary/support traits; strongest counter traits as disqualifiers.
C065,Social Butterfly,friendliness,peak,wit,peak,persuasion,peak,modesty,excessive,,,social_networking,"A high-contact person who gains energy, options, and information through people.",Converted from weighted original: top 3 positive primary/support traits; strongest counter traits as disqualifiers.
C066,Good Neighbor,friendliness,peak,generosity,peak,civics,peak,,,,,social_community,A cooperative community member who makes ordinary life easier for everyone nearby.,Converted from weighted original: top 3 positive primary/support traits; strongest counter traits as disqualifiers.
C067,Loner,friendliness,deficient,humility,excessive,focus,peak,loyalty,excessive,persuasion,peak,solitude_work_style,A person who avoids social dependence and works best with autonomy.,Converted from weighted original: top 3 positive primary/support traits; strongest counter traits as disqualifiers.
C068,Truth-Teller,honesty,peak,justice,peak,courage,peak,persuasion,excessive,,,ethics_communication,"A person strongly oriented toward honesty, sometimes at social cost.",Converted from weighted original: top 3 positive primary/support traits; strongest counter traits as disqualifiers.
C069,Tactless Truth-Teller,honesty,excessive,empathy,deficient,assertiveness,excessive,persuasion,peak,,,ethics_conflict,"A person who tells the truth with too little timing, mercy, or social calibration.",Converted from weighted original: top 3 positive primary/support traits; strongest counter traits as disqualifiers.
C070,Hidden Manipulator,persuasion,excessive,honesty,deficient,perception,excessive,humility,peak,modesty,deficient,social_deception,A low-visibility controller who influences from behind the scenes.,Converted from weighted original: top 3 positive primary/support traits; strongest counter traits as disqualifiers.
C071,Risk Taker,courage,excessive,temperance,deficient,patience,deficient,,,,,risk_commerce,A person drawn toward uncertain reward and immediate action.,Converted from weighted original: top 3 positive primary/support traits; strongest counter traits as disqualifiers.
C072,Strategist,intellect,peak,patience,peak,focus,peak,perception,deficient,,,leadership_knowledge,"A planner who wins by sequencing actions, reading constraints, and delaying gratification.",Converted from weighted original: top 3 positive primary/support traits; strongest counter traits as disqualifiers.
C073,Commander,assertiveness,peak,discipline,peak,courage,peak,,,,,leadership_military,A leader who organizes people under stress and turns plans into coordinated action.,Converted from weighted original: top 3 positive primary/support traits; strongest counter traits as disqualifiers.
C074,Submissive Servant,assertiveness,deficient,ambition,deficient,courage,deficient,,,,,service_low_agency,A low-agency support person who avoids conflict and follows stronger wills.,Converted from weighted original: top 3 positive primary/support traits; strongest counter traits as disqualifiers.
C075,Vain Noble,humility,deficient,symmetry,peak,ambition,peak,modesty,peak,generosity,deficient,status_leadership,A status-driven elite personality that treats appearance and admiration as power.,Converted from weighted original: top 3 positive primary/support traits; strongest counter traits as disqualifiers.
C076,Recluse Savant,humility,excessive,intellect,peak,focus,excessive,friendliness,peak,persuasion,peak,knowledge_solitude,A withdrawn expert whose knowledge grows in isolation rather than public exchange.,Converted from weighted original: top 3 positive primary/support traits; strongest counter traits as disqualifiers.
C077,Court Favorite,symmetry,peak,persuasion,peak,friendliness,peak,modesty,excessive,,,status_social,A socially attractive person who gains protection and opportunity through elite attention.,Converted from weighted original: top 3 positive primary/support traits; strongest counter traits as disqualifiers.
C078,Seducer,symmetry,peak,mating drive,excessive,modesty,deficient,honesty,peak,,,romantic_social,"A person who weaponizes attraction, desire, and charm for access or control.",Converted from weighted original: top 3 positive primary/support traits; strongest counter traits as disqualifiers.
C079,Stable Partner,mating drive,peak,loyalty,peak,empathy,peak,honesty,deficient,,,romantic_family,"A relationship-oriented person whose mating drive, loyalty, empathy, and restraint support durable bonds.",Converted from weighted original: top 3 positive primary/support traits; strongest counter traits as disqualifiers.
C080,Neglectful Drudge,nurturance,deficient,ambition,deficient,empathy,deficient,,,,,household_low_agency,"A low-care, low-drive person who performs minimal obligations without emotional investment.",Converted from weighted original: top 3 positive primary/support traits; strongest counter traits as disqualifiers.
C081,Authoritarian Puritan,civics,deficient,temperance,excessive,justice,excessive,curiosity,peak,empathy,peak,ideology_governance,A rigid moral controller who tries to impose restraint and conformity on others.,Converted from weighted original: top 3 positive primary/support traits; strongest counter traits as disqualifiers.
C082,Free Spirit,creativity,peak,curiosity,peak,civics,excessive,,,,,social_creativity,"A playful boundary-crosser who values expression, novelty, and autonomy.",Converted from weighted original: top 3 positive primary/support traits; strongest counter traits as disqualifiers.
C083,Censor,civics,deficient,curiosity,deficient,justice,excessive,creativity,peak,,,governance_culture,A control-oriented gatekeeper who suppresses expression to preserve order or purity.,Converted from weighted original: top 3 positive primary/support traits; strongest counter traits as disqualifiers.
C084,Dogmatist,curiosity,deficient,adaptability,deficient,justice,excessive,humility,peak,,,knowledge_ideology,A closed-minded person who prefers inherited answers over investigation.,Converted from weighted original: top 3 positive primary/support traits; strongest counter traits as disqualifiers.
C085,Dilettante,curiosity,excessive,focus,deficient,discipline,deficient,,,,,creativity_instability,A novelty-chaser who touches many things but struggles to finish.,Converted from weighted original: top 3 positive primary/support traits; strongest counter traits as disqualifiers.
C086,Rigid Traditionalist,adaptability,deficient,curiosity,deficient,civics,peak,creativity,peak,,,culture_governance,A stable but inflexible person who preserves ways of doing things long after conditions change.,Converted from weighted original: top 3 positive primary/support traits; strongest counter traits as disqualifiers.
C087,Indecisive Appeaser,adaptability,excessive,assertiveness,deficient,patience,excessive,courage,peak,,,social_instability,A conflict-avoiding person who over-adapts and fails to choose.,Converted from weighted original: top 3 positive primary/support traits; strongest counter traits as disqualifiers.
C088,Brutal Commander,assertiveness,excessive,empathy,deficient,discipline,peak,humility,peak,,,leadership_combat,"A command figure who gets obedience through fear, force, and low empathy.",Converted from weighted original: top 3 positive primary/support traits; strongest counter traits as disqualifiers.
C089,Humble Servant-Leader,humility,peak,civics,peak,loyalty,peak,ambition,excessive,,,leadership_service,"A low-ego leader whose authority comes from service, competence, and trust.",Converted from weighted original: top 3 positive primary/support traits; strongest counter traits as disqualifiers.
C090,Jealous Rival,generosity,deficient,humility,deficient,ambition,excessive,empathy,peak,,,social_conflict,A status-threatened person who resents others' success and competes destructively.,Converted from weighted original: top 3 positive primary/support traits; strongest counter traits as disqualifiers.
C091,Extravagant Patron,generosity,excessive,symmetry,peak,persuasion,peak,friendliness,deficient,frugality,peak,status_commerce,"A status-giver who spends lavishly to create spectacle, loyalty, and memory.",Converted from weighted original: top 3 positive primary/support traits; strongest counter traits as disqualifiers.
C092,Empathic Overidentifier,empathy,excessive,nurturance,peak,neurochemical,excessive,temperance,peak,resilience,peak,caregiving_vulnerability,A person who feels others so strongly that boundaries weaken.,Converted from weighted original: top 3 positive primary/support traits; strongest counter traits as disqualifiers.
C093,Martyr,loyalty,excessive,empathy,excessive,nurturance,excessive,assertiveness,peak,,,religion_caregiving,"A self-sacrificing person who turns loyalty, empathy, and duty into self-erasure.",Converted from weighted original: top 3 positive primary/support traits; strongest counter traits as disqualifiers.
C094,Callous Specialist,empathy,deficient,discipline,peak,focus,peak,nurturance,peak,generosity,peak,knowledge_anti_social,A competent expert who optimizes results without much regard for human cost.,Converted from weighted original: top 3 positive primary/support traits; strongest counter traits as disqualifiers.
C095,Slothful Dependent,ambition,deficient,discipline,deficient,physical,deficient,,,,,low_agency_household,A low-ambition person who relies on others and resists effort unless forced.,Converted from weighted original: top 3 positive primary/support traits; strongest counter traits as disqualifiers.
C096,Radiant Consort,symmetry,peak,friendliness,peak,modesty,peak,mating drive,deficient,empathy,deficient,social_romantic,"Beauty, warmth, and restraint; attractive without social disruption.",Native 3-trait addition.
C097,Dangerous Beauty,symmetry,peak,mating drive,excessive,persuasion,excessive,honesty,peak,empathy,peak,social_romantic,Attraction used as leverage; magnetism plus manipulation.,Native 3-trait addition.
C098,Fertility Icon,symmetry,peak,mating drive,excessive,nurturance,peak,physical,deficient,modesty,excessive,social_romantic,Strong reproductive signaling with caretaking and health.,Native 3-trait addition.
C099,Ice Beauty,symmetry,peak,neurochemical,deficient,friendliness,deficient,empathy,peak,mating drive,excessive,social_romantic,"Beautiful, controlled, and emotionally distant.",Native 3-trait addition.
C100,Effortless Flirt,modesty,deficient,wit,peak,friendliness,peak,persuasion,deficient,neurochemical,excessive,social_romantic,"Open, funny, approachable flirtation without needing calculation.",Native 3-trait addition.
C101,Heartbreaker,symmetry,peak,mating drive,excessive,empathy,deficient,loyalty,peak,nurturance,peak,social_romantic,Attractive and driven but careless with emotional consequences.,Native 3-trait addition.
C102,Devoted Spouse,loyalty,peak,mating drive,peak,nurturance,peak,honesty,deficient,empathy,deficient,social_romantic,"Stable partner archetype built around commitment, continuity, and care.",Native 3-trait addition.
C103,Jealous Possessive Lover,loyalty,excessive,mating drive,excessive,empathy,excessive,temperance,peak,justice,peak,social_romantic,"Attachment becomes control, suspicion, and overidentification.",Native 3-trait addition.
C104,Coy Courtship Figure,symmetry,peak,modesty,excessive,friendliness,peak,mating drive,excessive,assertiveness,excessive,social_romantic,Attractive and warm but inhibited; creates pursuit rather than initiating it.,Native 3-trait addition.
C105,Shameless Social Climber,modesty,deficient,ambition,excessive,persuasion,peak,humility,peak,loyalty,peak,status_social,"Uses visibility, charm, and ruthless aspiration to rise.",Native 3-trait addition.
C106,Beloved Entertainer,wit,peak,creativity,peak,friendliness,peak,neurochemical,deficient,modesty,excessive,culture_social,"Makes people laugh, gathers crowds, and sustains affection.",Native 3-trait addition.
C107,Court Gossip,perception,peak,wit,peak,honesty,deficient,empathy,peak,loyalty,peak,status_social,Reads people and spreads information for attention or leverage.,Native 3-trait addition.
C108,Matchmaker,empathy,peak,perception,peak,persuasion,peak,mating drive,deficient,friendliness,deficient,social_romantic,Understands pair bonds and nudges people toward compatible unions.,Native 3-trait addition.
C109,Social Chameleon,adaptability,peak,friendliness,peak,persuasion,peak,honesty,peak,assertiveness,excessive,status_social,Fits into many circles without necessarily dominating them.,Native 3-trait addition.
C110,Scandal Magnet,modesty,deficient,neurochemical,excessive,mating drive,excessive,discipline,peak,temperance,peak,status_social,"Draws attention through impulse, drama, and sexual/social boundary testing.",Native 3-trait addition.
C111,Lawgiver,justice,peak,civics,peak,discipline,peak,empathy,deficient,adaptability,deficient,leadership_governance,Creates durable rules and applies them consistently.,Native 3-trait addition.
C112,Merciful Judge,justice,peak,empathy,peak,temperance,peak,honesty,deficient,courage,deficient,leadership_governance,"Balances truth, harm, restraint, and social repair.",Native 3-trait addition.
C113,Hanging Judge,justice,excessive,empathy,deficient,civics,deficient,temperance,peak,humility,peak,leadership_governance,Punitive authority that equates order with harshness.,Native 3-trait addition.
C114,Clan Elder,patience,peak,temperance,peak,humility,peak,civics,deficient,wit,deficient,leadership_governance,A steady elder whose authority comes from restraint and judgment.,Native 3-trait addition.
C115,Consensus Builder,friendliness,peak,patience,peak,civics,peak,assertiveness,excessive,persuasion,deficient,leadership_governance,Keeps factions aligned through patience and civic norms.,Native 3-trait addition.
C116,Emergency Captain,courage,peak,focus,peak,assertiveness,peak,patience,excessive,neurochemical,excessive,leadership_governance,Acts clearly under pressure without becoming reckless.,Native 3-trait addition.
C117,Charismatic Reformer,persuasion,peak,civics,excessive,justice,peak,honesty,deficient,empathy,deficient,leadership_governance,Pushes social change while keeping a moral frame.,Native 3-trait addition.
C118,Cold Reformer,intellect,peak,empathy,deficient,civics,excessive,nurturance,peak,generosity,excessive,leadership_governance,Improves systems with little sentimentality.,Native 3-trait addition.
C119,Palace Operator,persuasion,excessive,perception,peak,loyalty,excessive,honesty,peak,modesty,excessive,leadership_governance,"Survives hierarchy through manipulation, reading people, and patron loyalty.",Native 3-trait addition.
C120,Popular Tribune,friendliness,peak,persuasion,peak,justice,peak,humility,deficient,empathy,deficient,leadership_governance,A public advocate who can actually move common opinion.,Native 3-trait addition.
C121,Secret Police Mind,perception,excessive,justice,excessive,civics,deficient,empathy,peak,honesty,peak,leadership_governance,"Suspicious, punitive, and authoritarian; sees enemies everywhere.",Native 3-trait addition.
C122,Institution Builder,discipline,peak,patience,peak,ambition,peak,adaptability,deficient,civics,excessive,leadership_governance,Builds durable organizations rather than winning one-off victories.,Native 3-trait addition.
C123,Crisis Tyrant,assertiveness,excessive,courage,peak,civics,deficient,empathy,peak,humility,peak,leadership_governance,Can seize control in chaos and may never give it back.,Native 3-trait addition.
C124,Reluctant Leader,humility,peak,justice,peak,courage,peak,ambition,excessive,assertiveness,deficient,leadership_governance,"Takes authority from duty, not hunger for status.",Native 3-trait addition.
C125,Shieldbearer,courage,peak,loyalty,peak,resilience,peak,physical,deficient,discipline,deficient,warfare_security,Protective front-line fighter built on endurance and loyalty.,Native 3-trait addition.
C126,Duelist,physical,peak,focus,peak,courage,peak,patience,excessive,assertiveness,deficient,warfare_security,One-on-one combat specialist with nerve and precision.,Native 3-trait addition.
C127,Skirmisher,physical,peak,adaptability,peak,courage,peak,discipline,excessive,resilience,deficient,warfare_security,Mobile fighter who thrives in irregular and changing conditions.,Native 3-trait addition.
C128,Siege Planner,intellect,peak,patience,peak,discipline,peak,curiosity,deficient,courage,excessive,warfare_security,"Methodical planner of logistics, pressure, and delayed victory.",Native 3-trait addition.
C129,Raider,courage,excessive,physical,peak,civics,excessive,empathy,peak,temperance,peak,warfare_security,"Risk-forward outsider who strikes, moves, and breaks norms.",Native 3-trait addition.
C130,Bodyguard,perception,peak,loyalty,peak,physical,peak,focus,deficient,courage,deficient,warfare_security,Protective attendant who notices danger and stays committed.,Native 3-trait addition.
C131,Watch Captain,perception,peak,discipline,peak,assertiveness,peak,empathy,excessive,honesty,deficient,warfare_security,"Keeps order through alertness, routine, and command presence.",Native 3-trait addition.
C132,Ambusher,patience,peak,perception,peak,courage,peak,modesty,deficient,neurochemical,excessive,warfare_security,"Waits, reads terrain, and strikes at the correct moment.",Native 3-trait addition.
C133,Assassin Temperament,focus,peak,patience,peak,empathy,deficient,honesty,peak,friendliness,peak,warfare_security,"Detached, patient, precise violence without obvious social heat.",Native 3-trait addition.
C134,Battlefield Medic,courage,peak,empathy,peak,focus,peak,neurochemical,excessive,nurturance,deficient,warfare_security,"Can stay useful around danger, injury, and panic.",Native 3-trait addition.
C135,Last Stand Defender,loyalty,excessive,resilience,peak,courage,excessive,adaptability,peak,temperance,deficient,warfare_security,Will hold beyond reason when duty or belonging is threatened.,Native 3-trait addition.
C136,Cowardly Schemer,courage,deficient,intellect,peak,persuasion,excessive,honesty,peak,assertiveness,peak,warfare_security,Avoids direct danger but manipulates others into risk.,Native 3-trait addition.
C137,Unbreakable Veteran,resilience,excessive,courage,peak,discipline,peak,empathy,excessive,neurochemical,excessive,warfare_security,Hardened by survival and emotionally difficult to move.,Native 3-trait addition.
C138,Reckless Hero,courage,excessive,generosity,peak,loyalty,peak,patience,peak,temperance,peak,warfare_security,Throws self into danger for others before calculation catches up.,Native 3-trait addition.
C139,Natural Philosopher,curiosity,peak,intellect,peak,patience,peak,honesty,deficient,focus,deficient,knowledge_craft,Observes nature carefully and turns curiosity into durable theory.,Native 3-trait addition.
C140,Field Researcher,curiosity,peak,resilience,peak,adaptability,peak,physical,deficient,courage,deficient,knowledge_craft,Learns by moving through uncertain environments and surviving them.,Native 3-trait addition.
C141,Master Scribe,discipline,peak,focus,peak,honesty,peak,creativity,excessive,patience,deficient,knowledge_craft,Accurate record keeper with attention and reliability.,Native 3-trait addition.
C142,Icon Maker,creativity,peak,discipline,peak,modesty,peak,honesty,deficient,focus,deficient,knowledge_craft,Crafts symbolic art within strict tradition or patron rules.,Native 3-trait addition.
C143,Experimental Alchemist,curiosity,excessive,creativity,excessive,discipline,peak,temperance,peak,intellect,deficient,knowledge_craft,"Pursues strange tests and inventions, held together by enough method.",Native 3-trait addition.
C144,Careful Engineer,intellect,peak,discipline,peak,temperance,peak,curiosity,deficient,focus,deficient,knowledge_craft,Builds reliable systems because imagination is checked by restraint.,Native 3-trait addition.
C145,Obsessive Archivist,focus,excessive,discipline,excessive,patience,peak,adaptability,peak,friendliness,peak,knowledge_craft,Preserves and organizes knowledge with potentially unhealthy fixation.,Native 3-trait addition.
C146,Improvising Tinkerer,creativity,peak,adaptability,peak,curiosity,peak,discipline,excessive,frugality,excessive,knowledge_craft,Solves problems with available parts and quick conceptual leaps.,Native 3-trait addition.
C147,Ritual Specialist,discipline,peak,civics,peak,creativity,peak,honesty,deficient,modesty,deficient,spiritual_culture,"Maintains ceremonies, scripts, and shared symbolic order.",Native 3-trait addition.
C148,Oracle Figure,perception,excessive,creativity,excessive,neurochemical,excessive,discipline,peak,honesty,peak,spiritual_culture,"Sees patterns everywhere; can inspire, mislead, or genuinely notice hidden signals.",Native 3-trait addition.
C149,Monastic Scholar,temperance,excessive,discipline,peak,intellect,peak,mating drive,excessive,modesty,deficient,spiritual_culture,"Learning through restraint, withdrawal, and controlled routine.",Native 3-trait addition.
C150,Doom Prophet,perception,excessive,justice,excessive,neurochemical,excessive,temperance,peak,empathy,peak,spiritual_culture,Reads threat and moral decay everywhere; warning becomes identity.,Native 3-trait addition.
C151,Mythmaker,creativity,peak,wit,peak,curiosity,peak,honesty,excessive,focus,excessive,spiritual_culture,"Turns history, fear, and identity into memorable stories.",Native 3-trait addition.
C152,Sacred Healer,empathy,peak,nurturance,peak,temperance,peak,honesty,deficient,patience,deficient,spiritual_culture,"Caregiving framed through ritual, restraint, and trust.",Native 3-trait addition.
C153,Heretic Thinker,curiosity,excessive,civics,excessive,intellect,peak,courage,deficient,creativity,deficient,knowledge_craft,Intelligent challenger of accepted doctrine and social rules.,Native 3-trait addition.
C154,Orthodox Keeper,civics,deficient,discipline,peak,loyalty,peak,curiosity,excessive,adaptability,excessive,spiritual_culture,Preserves existing order and doctrine with disciplined loyalty.,Native 3-trait addition.
C155,Pattern Analyst,perception,peak,intellect,peak,focus,peak,creativity,excessive,patience,deficient,knowledge_craft,Finds meaningful structure in complex information.,Native 3-trait addition.
C156,Lore Collector,curiosity,peak,patience,peak,friendliness,peak,focus,excessive,honesty,deficient,knowledge_craft,"Gathers stories, names, histories, and rumors across communities.",Native 3-trait addition.
C157,Quartermaster,frugality,peak,discipline,peak,patience,peak,generosity,excessive,honesty,deficient,economy_management,Turns scarce supplies into durable survival.,Native 3-trait addition.
C158,Guild Organizer,civics,peak,persuasion,peak,discipline,peak,ambition,deficient,friendliness,deficient,economy_management,"Coordinates craftspeople, rules, dues, and shared standards.",Native 3-trait addition.
C159,Shrewd Trader,perception,peak,persuasion,peak,frugality,peak,honesty,excessive,generosity,excessive,economy_management,"Reads needs, negotiates well, and protects margins.",Native 3-trait addition.
C160,Speculator,ambition,excessive,courage,excessive,curiosity,peak,temperance,peak,patience,excessive,economy_management,Chases risky opportunity before society can price it correctly.,Native 3-trait addition.
C161,Hoarding Miser,frugality,excessive,generosity,deficient,empathy,deficient,friendliness,peak,justice,peak,economy_management,Accumulation becomes identity and relationship cost.,Native 3-trait addition.
C162,Magnanimous Patron,generosity,excessive,ambition,peak,symmetry,peak,frugality,peak,modesty,peak,economy_management,"Uses wealth and display to create dependents, artists, and prestige.",Native 3-trait addition.
C163,Reliable Steward,honesty,peak,frugality,peak,discipline,peak,ambition,excessive,loyalty,deficient,economy_management,Manages property or resources without drama or theft.,Native 3-trait addition.
C164,Work Crew Anchor,physical,peak,loyalty,peak,discipline,peak,temperance,deficient,friendliness,deficient,labor_production,Dependable labor presence others can build around.,Native 3-trait addition.
C165,Master Farmer,patience,peak,discipline,peak,resilience,peak,adaptability,deficient,curiosity,excessive,labor_production,"Handles seasonality, repetition, and delayed rewards.",Native 3-trait addition.
C166,Resourceful Forager,perception,peak,adaptability,peak,curiosity,peak,discipline,excessive,focus,excessive,labor_production,Finds value in shifting landscapes and overlooked resources.,Native 3-trait addition.
C167,Smuggler,civics,excessive,perception,peak,persuasion,excessive,justice,peak,discipline,deficient,economy_criminal,"Breaks rules, reads patrols, and talks through danger.",Native 3-trait addition.
C168,Fence,persuasion,peak,honesty,deficient,frugality,peak,justice,peak,loyalty,excessive,economy_criminal,Converts stolen or taboo goods into usable exchange.,Native 3-trait addition.
C169,Gambler,courage,excessive,temperance,deficient,wit,peak,discipline,peak,frugality,peak,economy_risk,Risk appetite plus fast social/math instincts.,Native 3-trait addition.
C170,Debt Collector,assertiveness,excessive,justice,excessive,physical,peak,empathy,peak,temperance,deficient,economy_security,Extracts obligation through pressure and intimidation.,Native 3-trait addition.
C171,Midwife,nurturance,peak,empathy,peak,courage,peak,mating drive,deficient,neurochemical,excessive,care_health,"Care under danger, pain, and transition.",Native 3-trait addition.
C172,Patient Tutor,patience,peak,empathy,peak,intellect,peak,wit,deficient,assertiveness,excessive,care_teaching,Can explain difficult things without humiliating the learner.,Native 3-trait addition.
C173,Disciplinarian Teacher,discipline,peak,justice,peak,assertiveness,peak,empathy,excessive,patience,deficient,care_teaching,Teaches through structure and consequences.,Native 3-trait addition.
C174,Gentle Mentor,humility,peak,empathy,peak,patience,peak,ambition,excessive,honesty,excessive,care_teaching,Grows others without making the lesson about status.,Native 3-trait addition.
C175,Triage Nurse,focus,peak,nurturance,peak,neurochemical,peak,empathy,excessive,courage,deficient,care_health,Stays emotionally stable while deciding what care matters first.,Native 3-trait addition.
C176,Village Auntie/Uncle,friendliness,peak,nurturance,peak,perception,peak,modesty,deficient,empathy,deficient,care_social,Community caretaker who notices needs and informal problems.,Native 3-trait addition.
C177,Boundary Keeper,nurturance,peak,assertiveness,peak,temperance,peak,empathy,excessive,loyalty,excessive,care_health,Can care without being consumed or controlled.,Native 3-trait addition.
C178,Burnout Caregiver,nurturance,excessive,empathy,excessive,discipline,excessive,temperance,peak,humility,deficient,care_health,Self-erasing helper who cannot stop carrying everyone.,Native 3-trait addition.
C179,Neglected Prodigy,intellect,peak,creativity,peak,nurturance,deficient,resilience,peak,friendliness,peak,care_social,High promise shaped by low care; useful for backstory generation.,Native 3-trait addition.
C180,Paranoid Watcher,perception,excessive,neurochemical,excessive,courage,deficient,honesty,excessive,friendliness,peak,temperament_failure,Sees threats everywhere and lacks nerve to test them directly.,Native 3-trait addition.
C181,Explosive Temper,neurochemical,excessive,temperance,deficient,assertiveness,excessive,patience,peak,empathy,peak,temperament_failure,Emotional volatility becomes aggressive action.,Native 3-trait addition.
C182,Frozen Under Pressure,courage,deficient,focus,deficient,neurochemical,excessive,resilience,peak,discipline,peak,temperament_failure,Stress collapses action and attention.,Native 3-trait addition.
C183,Detached Analyst,intellect,peak,empathy,deficient,neurochemical,deficient,nurturance,peak,friendliness,peak,temperament_knowledge,Useful cold reasoning with low emotional contagion.,Native 3-trait addition.
C184,Chaotic Muse,creativity,excessive,neurochemical,excessive,discipline,deficient,focus,peak,temperance,peak,temperament_art,Inspiration-rich but hard to direct or sustain.,Native 3-trait addition.
C185,Quiet Grinder,discipline,peak,humility,peak,ambition,peak,modesty,deficient,patience,deficient,temperament_work,Improves steadily without demanding attention.,Native 3-trait addition.
C186,Overprepared Planner,discipline,excessive,focus,excessive,courage,deficient,adaptability,peak,wit,excessive,temperament_work,Preparation compensates for fear and uncertainty.,Native 3-trait addition.
C187,Charming Disaster,wit,peak,friendliness,peak,discipline,deficient,honesty,excessive,loyalty,excessive,temperament_social,"Fun, loved, and unreliable.",Native 3-trait addition.
C188,Brilliant Flake,intellect,peak,curiosity,peak,focus,deficient,discipline,peak,ambition,peak,temperament_knowledge,Can understand almost anything but struggles to stay on one track.,Native 3-trait addition.
C189,Tunnel Vision Expert,focus,excessive,intellect,peak,curiosity,peak,adaptability,peak,friendliness,peak,temperament_knowledge,Deep specialist who may miss context outside the obsession.,Native 3-trait addition.
C190,Moral Coward,justice,peak,courage,deficient,honesty,deficient,assertiveness,peak,empathy,deficient,temperament_failure,Knows the right thing but avoids the cost of saying or doing it.,Native 3-trait addition.
C191,Noble Failure,generosity,peak,justice,peak,discipline,deficient,frugality,peak,patience,deficient,temperament_status,"Good heart, poor execution, and unreliable follow-through.",Native 3-trait addition.
C192,Bitter Recluse,humility,excessive,friendliness,deficient,justice,excessive,empathy,peak,curiosity,peak,temperament_social,Withdrawn person who converts grievance into isolation.,Native 3-trait addition.
C193,Status Addict,ambition,excessive,humility,deficient,symmetry,peak,loyalty,peak,temperance,peak,status_social,Needs admiration and visible rank to feel real.,Native 3-trait addition.
C194,Obedient Functionary,loyalty,excessive,discipline,peak,civics,deficient,justice,excessive,curiosity,excessive,temperament_institution,Serves the system even when the system is ugly.,Native 3-trait addition.
C195,Principled Dissenter,civics,excessive,justice,peak,courage,peak,honesty,deficient,friendliness,deficient,temperament_institution,Breaks social rules in service of a clear moral rule.,Native 3-trait addition.
C196,Flexible Realist,adaptability,peak,temperance,peak,honesty,peak,justice,excessive,creativity,excessive,temperament_work,Practical truth-teller who adjusts without losing the plot.,Native 3-trait addition.
C197,Rigid Idealist,civics,deficient,justice,peak,curiosity,deficient,adaptability,peak,empathy,deficient,temperament_institution,Believes order and inherited norms are the only safe path.,Native 3-trait addition.
C198,Playful Trickster,wit,peak,creativity,peak,civics,excessive,empathy,deficient,discipline,excessive,culture_social,Uses humor and norm-breaking to expose or destabilize others.,Native 3-trait addition.
C199,Honest Fool,honesty,excessive,wit,deficient,perception,deficient,empathy,peak,modesty,deficient,temperament_social,Says the truth badly and misses the room.,Native 3-trait addition.
C200,Tactful Negotiator,honesty,peak,persuasion,peak,empathy,peak,wit,deficient,friendliness,deficient,temperament_social,Communicates truth without unnecessary injury.,Native 3-trait addition.
C201,Grudge Keeper,justice,excessive,loyalty,excessive,patience,excessive,generosity,peak,adaptability,peak,temperament_failure,Remembers offenses forever and waits for repayment.,Native 3-trait addition.
C202,Forgiving Reconciler,generosity,peak,empathy,peak,civics,peak,justice,excessive,honesty,deficient,temperament_social,Repairs relationships and restores group function.,Native 3-trait addition.
C203,Wild Innovator,creativity,excessive,curiosity,excessive,civics,excessive,discipline,peak,patience,peak,knowledge_craft,Pushes new forms by breaking assumptions and norms.,Native 3-trait addition.
C204,Conservative Master,discipline,peak,patience,peak,curiosity,deficient,creativity,excessive,adaptability,excessive,knowledge_craft,Preserves a craft through repetition and inherited standards.,Native 3-trait addition.
C205,Luxury Addict,temperance,deficient,frugality,deficient,symmetry,peak,discipline,peak,modesty,excessive,status_economy,"Consumption, display, and pleasure become status language.",Native 3-trait addition.
C206,Austere Reformer,temperance,excessive,frugality,peak,justice,peak,generosity,excessive,friendliness,deficient,leadership_governance,"Moral improvement through restraint, economy, and hard limits.",Native 3-trait addition.
C207,Kindly Fool,empathy,peak,friendliness,peak,intellect,deficient,perception,peak,honesty,deficient,temperament_social,Warm and well-meaning but easy to mislead.,Native 3-trait addition.
C208,Streetwise Survivor,perception,peak,adaptability,peak,honesty,deficient,justice,peak,loyalty,excessive,temperament_survival,Survives unstable environments through reading people and bending truth.,Native 3-trait addition.
C209,Stoic Provider,neurochemical,deficient,discipline,peak,nurturance,peak,friendliness,deficient,generosity,deficient,care_labor,Provides care through action rather than expressed warmth.,Native 3-trait addition.
C210,Affectionate Protector,nurturance,peak,loyalty,peak,physical,peak,empathy,deficient,courage,deficient,care_security,Defends family or group through attachment and strength.,Native 3-trait addition.
C211,Commanding Parent,nurturance,peak,assertiveness,excessive,discipline,peak,empathy,excessive,temperance,deficient,care_social,"Care mixed with control, high standards, and pressure.",Native 3-trait addition.
C212,Indulgent Host,generosity,excessive,friendliness,peak,temperance,deficient,frugality,peak,discipline,excessive,culture_social,"Creates abundance and welcome, sometimes without restraint.",Native 3-trait addition.
C213,Civic Volunteer,civics,peak,generosity,peak,friendliness,peak,ambition,excessive,empathy,deficient,civic_social,Helps maintain community life without needing command.,Native 3-trait addition.
C214,Local Boss,persuasion,excessive,generosity,peak,loyalty,excessive,justice,peak,humility,peak,leadership_governance,"Builds dependence through favors, influence, and faction loyalty.",Native 3-trait addition.
C215,Reckless Innovator,curiosity,excessive,courage,excessive,creativity,peak,temperance,peak,discipline,excessive,knowledge_craft,Runs toward untested ideas before safety checks catch up.,Native 3-trait addition.
C216,Careful Surgeon,focus,peak,discipline,peak,empathy,peak,courage,deficient,neurochemical,excessive,care_health,"Precise, controlled, and humane under high-stakes work.",Native 3-trait addition.
C217,Forensic Mind,perception,peak,honesty,peak,justice,peak,empathy,excessive,curiosity,deficient,knowledge_law,"Truth-seeking through evidence, pattern, and moral accountability.",Native 3-trait addition.
C218,Devil's Advocate,curiosity,peak,wit,peak,civics,excessive,empathy,deficient,justice,excessive,knowledge_social,Tests arguments by breaking assumptions and provoking thought.,Native 3-trait addition.
C219,Ceremonial Figurehead,symmetry,peak,modesty,peak,civics,peak,ambition,excessive,humility,deficient,status_culture,Embodies group identity more than direct power.,Native 3-trait addition.
C220,Masked Radical,civics,excessive,modesty,excessive,discipline,peak,loyalty,deficient,courage,deficient,civic_secret,"Quiet, disciplined norm-breaker who avoids personal visibility.",Native 3-trait addition.
C221,Waylaying Predator,courage,excessive,physical,peak,justice,deficient,empathy,peak,temperance,peak,crime_violent,"Uses nerve, force, and low respect for law to ambush the vulnerable.",Native 3-trait addition.
C222,Coercive Extractor,assertiveness,excessive,persuasion,excessive,justice,deficient,humility,peak,generosity,peak,crime_coercion,"Turns intimidation into obedience, favors, or repeated payment.",Native 3-trait addition.
C223,Blackmailer,perception,peak,honesty,deficient,persuasion,excessive,empathy,peak,justice,peak,crime_coercion,"Finds shame or secrets and converts them into leverage.",Native 3-trait addition.
C224,False-Maker,creativity,peak,discipline,peak,honesty,deficient,justice,peak,curiosity,deficient,crime_fraud,"Carefully makes false signs, tokens, stories, seals, or proofs.",Native 3-trait addition.
C225,Meticulous Falsifier,focus,peak,discipline,peak,honesty,deficient,justice,peak,courage,excessive,crime_fraud,"Patiently alters records, claims, or evidence while staying unremarkable.",Native 3-trait addition.
C226,Grave Robber,justice,deficient,courage,peak,temperance,deficient,empathy,peak,civics,peak,crime_taboo,"Breaks burial taboo for gain, need, or grim curiosity.",Native 3-trait addition.
C227,Arsonist,creativity,excessive,justice,deficient,neurochemical,excessive,patience,peak,empathy,peak,crime_destruction,"Uses destruction, spectacle, or revenge through fire and chaos.",Native 3-trait addition.
C228,Saboteur,focus,peak,civics,excessive,patience,peak,loyalty,excessive,honesty,peak,conflict_subversion,"Damages systems quietly for faction, grievance, or hidden cause.",Native 3-trait addition.
C229,Poisoner,patience,peak,discipline,peak,empathy,deficient,courage,peak,honesty,peak,crime_stealth,"Prefers slow concealed harm over open confrontation.",Native 3-trait addition.
C230,Knife-in-the-Dark,focus,peak,courage,peak,empathy,deficient,honesty,peak,friendliness,peak,crime_stealth,"Close-range hidden violence driven by nerve and detachment.",Native 3-trait addition.
C231,Transactional Fighter,ambition,peak,courage,peak,discipline,peak,empathy,excessive,loyalty,excessive,warfare_professional,"Treats organized violence as exchange rather than belonging.",Native 3-trait addition.
C232,War Profiteer,frugality,excessive,perception,peak,empathy,deficient,generosity,peak,justice,peak,economy_war,"Finds margin in fear, scarcity, and other people's danger.",Native 3-trait addition.
C233,Procedural Predator,justice,deficient,persuasion,peak,civics,deficient,honesty,peak,humility,peak,governance_corruption,"Uses rules, custom, or procedure as cover for predation.",Native 3-trait addition.
C234,Corruption Connector,persuasion,peak,perception,peak,honesty,deficient,justice,peak,loyalty,excessive,governance_corruption,"Knows who can be influenced and how to keep the exchange deniable.",Native 3-trait addition.
C235,Extraction Mind,frugality,excessive,assertiveness,excessive,civics,deficient,generosity,peak,empathy,peak,governance_extraction,"Turns obligation, debt, custom, or authority into personal extraction.",Native 3-trait addition.
C236,Coercive Muscle,physical,peak,assertiveness,excessive,empathy,deficient,justice,peak,temperance,peak,coercion_labor,"Forces compliance through strength and social impunity.",Native 3-trait addition.
C237,Captive-Taker,justice,deficient,physical,peak,empathy,deficient,civics,peak,generosity,peak,coercion_labor,"Treats vulnerable people as capturable assets when power allows it.",Native 3-trait addition.
C238,Exploitation Handler,persuasion,excessive,justice,deficient,empathy,deficient,loyalty,peak,honesty,peak,coercion_labor,"Uses deception and control to move vulnerable people into exploitation.",Native 3-trait addition.
C239,Deserter,courage,deficient,loyalty,deficient,adaptability,peak,justice,excessive,discipline,peak,warfare_failure,"Escapes obligation when survival outranks duty.",Native 3-trait addition.
C240,Collective Defier,civics,excessive,persuasion,peak,loyalty,deficient,patience,peak,humility,peak,warfare_rebellion,"Turns shared grievance into coordinated refusal or revolt.",Native 3-trait addition.
C241,Blood Feud Avenger,justice,excessive,loyalty,excessive,courage,peak,temperance,peak,empathy,peak,violence_revenge,"Pursues retaliation as family duty and moral accounting.",Native 3-trait addition.
C242,Serial Feudist,justice,excessive,neurochemical,excessive,patience,deficient,empathy,peak,adaptability,peak,violence_revenge,"Keeps conflict alive through grievance, volatility, and impulse.",Native 3-trait addition.
C243,Cruel Controller,assertiveness,excessive,empathy,deficient,discipline,excessive,justice,peak,humility,peak,coercion_labor,"Maintains order or output through fear, punishment, and rigid control.",Native 3-trait addition.
C244,Torturer,empathy,deficient,focus,excessive,assertiveness,excessive,temperance,peak,justice,peak,violence_cruelty,"Can sustain deliberate pain as information, punishment, or spectacle.",Native 3-trait addition.
C245,Authorized Violence,discipline,peak,resilience,excessive,empathy,deficient,justice,deficient,neurochemical,excessive,violence_institution,"Can make harm feel routine when a group or authority permits it.",Native 3-trait addition.
C246,Crowd Inciter,persuasion,excessive,neurochemical,excessive,civics,excessive,temperance,peak,empathy,peak,violence_collective,"Turns anger, rumor, and group energy into dangerous action.",Native 3-trait addition.
C247,Riot Spark,wit,excessive,civics,excessive,courage,excessive,discipline,peak,patience,peak,violence_collective,"Provokes disorder with bravado, timing, and contempt for rules.",Native 3-trait addition.
C248,Provocative Infiltrator,persuasion,excessive,civics,excessive,honesty,deficient,loyalty,peak,empathy,peak,conflict_subversion,"Incites others into exposing themselves or crossing lines.",Native 3-trait addition.
C249,Informant,perception,peak,honesty,deficient,courage,deficient,loyalty,peak,justice,excessive,intelligence_deception,"Trades secrets for safety, favor, or survival.",Native 3-trait addition.
C250,Split Allegiance,honesty,deficient,adaptability,peak,persuasion,peak,loyalty,peak,justice,peak,intelligence_deception,"Lives between factions by performing trust convincingly.",Native 3-trait addition.
C251,False Revelator,persuasion,excessive,creativity,excessive,honesty,deficient,humility,peak,empathy,peak,religion_manipulation,"Uses revelation, fear, or miracles as a path to power.",Native 3-trait addition.
C252,Purity Persecutor,justice,excessive,focus,excessive,civics,deficient,empathy,peak,adaptability,peak,religion_coercion,"Pursues impurity through certainty, authority, and sustained attention.",Native 3-trait addition.
C253,Hidden-Threat Seeker,perception,excessive,justice,excessive,courage,peak,empathy,peak,curiosity,peak,religion_coercion,"Sees concealed enemies or corruptions and demands action against them.",Native 3-trait addition.
C254,Scapegoat Maker,persuasion,excessive,justice,excessive,empathy,deficient,honesty,peak,humility,peak,politics_cruelty,"Protects the group or self by placing blame on a vulnerable target.",Native 3-trait addition.
C255,Ethnic Agitator,loyalty,excessive,persuasion,excessive,empathy,deficient,civics,peak,justice,peak,politics_cruelty,"Turns belonging into suspicion, exclusion, and organized hostility.",Native 3-trait addition.
C256,Inner-Circle Intriguer,perception,peak,persuasion,excessive,ambition,excessive,honesty,peak,loyalty,peak,court_intrigue,"Advances through secrets, access, and carefully timed influence.",Native 3-trait addition.
C257,Legitimacy Seizer,ambition,excessive,courage,peak,civics,deficient,humility,peak,loyalty,peak,leadership_coercion,"Sees authority as something to seize when weakness appears.",Native 3-trait addition.
C258,Inheritance Schemer,ambition,excessive,patience,peak,empathy,deficient,honesty,peak,loyalty,peak,court_intrigue,"Waits near succession, property, or dependency and removes obstacles quietly.",Native 3-trait addition.
C259,Whisper Weaver,friendliness,excessive,perception,peak,honesty,deficient,empathy,excessive,discipline,excessive,court_intrigue,"Spreads information as entertainment, weapon, and survival tool.",Native 3-trait addition.
C260,Reputation Assassin,persuasion,excessive,creativity,peak,empathy,deficient,honesty,peak,justice,peak,social_criminal,"Destroys standing through story, insinuation, and social timing.",Native 3-trait addition.
C261,Charming Predator,symmetry,peak,persuasion,excessive,empathy,deficient,justice,peak,temperance,peak,social_predation,"Uses attraction and charm without reciprocal care.",Native 3-trait addition.
C262,Jealous Stalker,loyalty,excessive,perception,excessive,neurochemical,excessive,temperance,peak,humility,peak,social_predation,"Attachment curdles into surveillance, entitlement, and threat.",Native 3-trait addition.
C263,Domestic Despot,assertiveness,excessive,nurturance,excessive,empathy,deficient,humility,peak,temperance,peak,care_coercion,"Frames control and domination as protection.",Native 3-trait addition.
C264,Smothering Controller,nurturance,excessive,loyalty,excessive,assertiveness,peak,adaptability,peak,humility,deficient,care_coercion,"Maintains attachment through obligation, care, and guilt.",Native 3-trait addition.
C265,Neglectful Caretaker,nurturance,deficient,discipline,deficient,empathy,deficient,justice,peak,friendliness,peak,care_failure,"Fails dependents through coldness, chaos, or disregard.",Native 3-trait addition.
C266,Deadbeat Drifter,discipline,deficient,loyalty,deficient,adaptability,peak,nurturance,peak,honesty,peak,care_failure,"Moves on when obligations become heavy.",Native 3-trait addition.
C267,Desperate Forager,justice,deficient,perception,peak,patience,peak,civics,peak,temperance,deficient,survival_crime,"Breaks resource rules to feed, sell, or survive.",Native 3-trait addition.
C268,Stock Thief,physical,peak,perception,peak,justice,deficient,loyalty,peak,discipline,excessive,survival_crime,"Steals herd animals or stored wealth through mobility, timing, and low scruple.",Native 3-trait addition.
C269,Boundary Raider,courage,excessive,physical,peak,loyalty,excessive,empathy,peak,civics,peak,warfare_raiding,"Thrives in factional raiding where law fades at the edge.",Native 3-trait addition.
C270,Raid-Minded Dominator,courage,excessive,persuasion,peak,justice,deficient,discipline,deficient,empathy,peak,warfare_raiding,"Channels nerve, spoils, and charisma into group predation.",Native 3-trait addition.
C271,Illicit Routefinder,perception,peak,adaptability,peak,civics,excessive,justice,peak,courage,deficient,economy_criminal,"Finds forbidden routes through geography, timing, and flexible rules.",Native 3-trait addition.
C272,Contraband Opportunist,frugality,peak,persuasion,peak,civics,excessive,honesty,peak,justice,peak,economy_criminal,"Profits from forbidden exchange while staying socially useful enough.",Native 3-trait addition.
C273,Market Cheat,persuasion,peak,honesty,deficient,frugality,peak,justice,peak,empathy,peak,economy_criminal,"Misprices, dilutes, or misrepresents goods for small steady gains.",Native 3-trait addition.
C274,Price Gouger,frugality,excessive,empathy,deficient,perception,peak,generosity,peak,justice,peak,economy_criminal,"Turns shortage and panic into maximal profit.",Native 3-trait addition.
C275,Loan Shark,frugality,excessive,assertiveness,excessive,empathy,deficient,generosity,peak,justice,peak,economy_criminal,"Uses debt as a trap and fear as collateral.",Native 3-trait addition.
C276,Debtor Fugitive,frugality,deficient,honesty,deficient,adaptability,peak,discipline,peak,loyalty,peak,economy_failure,"Survives bad obligations by vanishing, lying, or changing names.",Native 3-trait addition.
C277,Pickpocket,perception,peak,focus,peak,justice,deficient,physical,deficient,honesty,peak,crime_stealth,"Small theft through attention, timing, and low respect for property.",Native 3-trait addition.
C278,Burglar,patience,peak,perception,peak,justice,deficient,courage,deficient,discipline,deficient,crime_stealth,"Waits, watches, enters, and leaves with other people's goods.",Native 3-trait addition.
C279,Housebreaker Brute,physical,peak,courage,excessive,justice,deficient,perception,peak,temperance,peak,crime_violent,"Solves theft through force when subtlety is unnecessary.",Native 3-trait addition.
C280,Street Tough,physical,peak,assertiveness,excessive,courage,peak,empathy,peak,justice,peak,violence_street,"Uses presence and threat to survive or dominate public space.",Native 3-trait addition.
C281,Tavern Brawler,physical,peak,temperance,deficient,neurochemical,excessive,patience,peak,discipline,peak,violence_street,"Drink, pride, and volatility turn quickly into fists.",Native 3-trait addition.
C282,Duel Provoker,modesty,deficient,assertiveness,excessive,courage,excessive,patience,peak,humility,peak,status_violence,"Seeks insult and spectacle as a path to reputation.",Native 3-trait addition.
C283,Bully,assertiveness,excessive,empathy,deficient,physical,peak,justice,peak,courage,deficient,social_predation,"Dominates weaker people through pressure, status, or threat.",Native 3-trait addition.
C284,Cowardly Bully,assertiveness,excessive,courage,deficient,empathy,deficient,justice,peak,humility,peak,social_predation,"Targets only those unlikely to fight back.",Native 3-trait addition.
C285,Pack Follower,loyalty,excessive,courage,deficient,justice,deficient,empathy,peak,curiosity,peak,violence_collective,"Does ugly work when belonging and fear point the same way.",Native 3-trait addition.
C286,Death Cult Acolyte,loyalty,excessive,neurochemical,excessive,justice,excessive,adaptability,peak,temperance,peak,religion_violence,"Binds identity to apocalyptic certainty and group sacrifice.",Native 3-trait addition.
C287,Martyr Complex,loyalty,excessive,generosity,excessive,courage,excessive,temperance,peak,humility,deficient,religion_violence,"Needs suffering or sacrifice to prove worth and belonging.",Native 3-trait addition.
C288,Flagellant,temperance,excessive,justice,excessive,neurochemical,excessive,nurturance,peak,adaptability,peak,religion_extreme,"Turns pain, guilt, and control into spiritual practice.",Native 3-trait addition.
C289,Plague Hoarder,frugality,excessive,perception,excessive,empathy,deficient,generosity,peak,civics,peak,crisis_behavior,"Responds to disaster by securing goods and abandoning reciprocity.",Native 3-trait addition.
C290,Panic Spreader,neurochemical,excessive,persuasion,peak,perception,excessive,temperance,peak,discipline,peak,crisis_behavior,"Amplifies fear because threat feels vivid and contagious.",Native 3-trait addition.
C291,Disaster Scavenger,adaptability,peak,justice,deficient,resilience,peak,empathy,peak,loyalty,peak,crisis_crime,"Finds opportunity in wreckage, abandonment, and social breakdown.",Native 3-trait addition.
C292,Siege Rat,frugality,peak,resilience,peak,justice,deficient,generosity,peak,friendliness,peak,crisis_survival,"Survives enclosed scarcity by hoarding, hiding, and bending rules.",Native 3-trait addition.
C293,Famine Thief,justice,deficient,adaptability,peak,frugality,deficient,empathy,peak,discipline,peak,crisis_crime,"Steals under hunger before social trust can restrain need.",Native 3-trait addition.
C294,Opportunistic Collaborator,loyalty,deficient,adaptability,peak,ambition,peak,justice,peak,courage,peak,politics_survival,"Switches allegiance when occupation or regime change rewards it.",Native 3-trait addition.
C295,Clandestine Loyalist,courage,peak,loyalty,peak,adaptability,peak,perception,deficient,honesty,excessive,conflict_resistance,"Keeps dangerous commitments through fear, scrutiny, and uncertainty.",Native 3-trait addition.
C296,Partisan Fighter,courage,excessive,loyalty,excessive,civics,excessive,temperance,peak,empathy,peak,conflict_resistance,"Irregular combatant driven by cause, belonging, and danger tolerance.",Native 3-trait addition.
C297,Insurgent Connector,persuasion,peak,adaptability,peak,civics,excessive,honesty,peak,patience,deficient,conflict_resistance,"Builds hidden ties for irregular conflict and evasion.",Native 3-trait addition.
C298,Burn-It-All,discipline,peak,assertiveness,excessive,empathy,deficient,generosity,peak,humility,peak,warfare_cruelty,"Would ruin what others need rather than let an enemy benefit.",Native 3-trait addition.
C299,Pillager,courage,excessive,justice,deficient,temperance,deficient,empathy,peak,discipline,peak,warfare_crime,"Takes advantage of military chaos for theft, appetite, and violence.",Native 3-trait addition.
C300,Child Soldier Survivor,resilience,excessive,courage,peak,nurturance,deficient,empathy,peak,neurochemical,peak,warfare_trauma,"Early violence produces endurance, danger skills, and damaged care patterns.",Native 3-trait addition.
C301,Faithless Seducer,symmetry,peak,mating drive,excessive,honesty,deficient,loyalty,peak,empathy,peak,social_predation,"Attraction and appetite paired with low truthfulness and weak commitment.",Native 3-trait addition.
C302,Predatory Lecher,mating drive,excessive,empathy,deficient,assertiveness,excessive,temperance,peak,justice,peak,social_predation,"Desire becomes entitlement when care and restraint fall away.",Native 3-trait addition.
C303,Desire Exploiter,persuasion,excessive,mating drive,excessive,empathy,deficient,justice,peak,humility,peak,economy_criminal,"Turns other people's desire and vulnerability into leverage or trade.",Native 3-trait addition.
C304,Vice Opportunist,persuasion,peak,mating drive,peak,frugality,peak,justice,deficient,empathy,deficient,economy_vice,"Treats sex, appetite, money, and social need as manageable exchange.",Native 3-trait addition.
C305,Chaste Zealot,mating drive,deficient,temperance,excessive,justice,excessive,empathy,peak,adaptability,peak,religion_extreme,"Makes purity, appetite control, and moral judgment into identity.",Native 3-trait addition.
C306,Cold Spouse,mating drive,deficient,loyalty,peak,neurochemical,deficient,empathy,deficient,nurturance,deficient,romantic_failure,"Can remain attached while offering little warmth or desire.",Native 3-trait addition.
C307,Protected Charmer,symmetry,peak,modesty,deficient,persuasion,peak,humility,peak,loyalty,excessive,status_romantic,"Converts charm and beauty into protection, favors, or special treatment.",Native 3-trait addition.
C308,Decorative Partner,symmetry,peak,modesty,peak,ambition,peak,humility,deficient,mating drive,deficient,status_romantic,"Treats partnership as display, alliance, or rank more than intimacy.",Native 3-trait addition.
C309,Jealous Seducer,mating drive,excessive,loyalty,excessive,modesty,deficient,temperance,peak,empathy,peak,social_predation,"Seeks conquest while demanding exclusive devotion.",Native 3-trait addition.
C310,Libertine,mating drive,excessive,temperance,deficient,modesty,deficient,discipline,peak,loyalty,peak,status_vice,"Lets pleasure, appetite, and display outrun restraint.",Native 3-trait addition.
C311,Narcissistic Darling,symmetry,peak,humility,deficient,friendliness,peak,empathy,peak,honesty,peak,status_social,"Wins affection while quietly making admiration the center of life.",Native 3-trait addition.
C312,Grandiose Fraud,humility,deficient,persuasion,excessive,honesty,deficient,justice,peak,modesty,peak,crime_fraud,"Sells a false self with confidence and theatrical superiority.",Native 3-trait addition.
C313,Self-Anointed,ambition,excessive,humility,deficient,symmetry,peak,civics,peak,honesty,peak,leadership_usurpation,"Feels chosen for status or command before legitimacy catches up.",Native 3-trait addition.
C314,Malleable Icon,assertiveness,deficient,symmetry,peak,civics,peak,ambition,excessive,courage,excessive,leadership_weak,"Looks acceptable enough for stronger personalities to use as a front.",Native 3-trait addition.
C315,Hidden Hand,humility,peak,intellect,peak,persuasion,peak,ambition,deficient,friendliness,deficient,court_intrigue,"Prefers indirect influence to visible command.",Native 3-trait addition.
C316,Flatterer,friendliness,excessive,persuasion,peak,honesty,deficient,humility,peak,justice,peak,social_deception,"Survives by feeding vanity more than truth.",Native 3-trait addition.
C317,Malicious Wit,wit,excessive,empathy,deficient,creativity,peak,friendliness,peak,temperance,peak,social_cruelty,"Turns quick humor into humiliation and social injury.",Native 3-trait addition.
C318,Satirist,wit,peak,justice,peak,courage,peak,persuasion,deficient,civics,deficient,culture_social,"Uses humor to expose hypocrisy without needing official permission.",Native 3-trait addition.
C319,Seditious Mockery,wit,peak,civics,excessive,creativity,peak,discipline,deficient,courage,deficient,politics_communication,"Spreads memorable attacks against authority through words and ridicule.",Native 3-trait addition.
C320,Fool's Mask,wit,peak,perception,peak,honesty,deficient,discipline,peak,loyalty,peak,intelligence_deception,"Hides observation and deception inside entertainment or harmlessness.",Native 3-trait addition.
C321,Gallows Humor Survivor,wit,peak,resilience,peak,neurochemical,peak,empathy,excessive,temperance,deficient,temperament_survival,"Uses humor to keep functioning near fear, grief, or violence.",Native 3-trait addition.
C322,Cruel Comedian,wit,excessive,empathy,deficient,modesty,deficient,justice,peak,friendliness,peak,social_cruelty,"Needs laughter enough to make other people the cost.",Native 3-trait addition.
C323,Scheming Parasite,ambition,deficient,persuasion,excessive,empathy,deficient,discipline,peak,frugality,peak,social_predation,"Avoids work by attaching to useful people and manipulating their needs.",Native 3-trait addition.
C324,Performative Needy,ambition,deficient,persuasion,peak,modesty,deficient,discipline,peak,honesty,peak,survival_low_status,"Turns need, performance, and shamelessness into support from others.",Native 3-trait addition.
C325,Polished Parasite,ambition,deficient,symmetry,peak,generosity,deficient,humility,peak,discipline,peak,status_failure,"Has social polish without the drive or generosity to reciprocate.",Native 3-trait addition.
C326,Spoiled Dependent,ambition,deficient,generosity,deficient,temperance,deficient,humility,peak,discipline,peak,status_failure,"Consumes care, resources, or advantage with little discipline or obligation.",Native 3-trait addition.
C327,Prodigal Temperament,frugality,deficient,generosity,excessive,symmetry,peak,discipline,peak,temperance,peak,status_economy,"Spends attention, resources, and status lavishly until support thins.",Native 3-trait addition.
C328,Generous Fool,generosity,excessive,intellect,deficient,empathy,peak,frugality,peak,perception,peak,temperament_social,"Gives warmly and unwisely to whoever reaches the heart first.",Native 3-trait addition.
C329,Favor-Buyer,generosity,excessive,persuasion,peak,loyalty,deficient,frugality,peak,honesty,peak,leadership_corruption,"Creates loyalty through gifts or favors instead of trust or duty.",Native 3-trait addition.
C330,Spoils-Hungry,generosity,excessive,courage,excessive,ambition,excessive,frugality,peak,temperance,peak,leadership_combat,"Uses spoils, favors, and danger to pull people into orbit.",Native 3-trait addition.
C331,Miserly Controller,frugality,excessive,nurturance,peak,assertiveness,excessive,generosity,peak,empathy,peak,care_coercion,"Uses provision or scarcity as control over resources and obedience.",Native 3-trait addition.
C332,Envious Saboteur,generosity,deficient,justice,deficient,creativity,excessive,empathy,peak,temperance,peak,crime_destruction,"Damages what others have rather than building something shared.",Native 3-trait addition.
C333,Bitter Informer,generosity,deficient,perception,peak,honesty,deficient,loyalty,peak,justice,peak,intelligence_deception,"Turns resentment and observation into betrayal for advantage.",Native 3-trait addition.
C334,Selfless Moral Anchor,humility,peak,generosity,peak,empathy,peak,ambition,excessive,justice,deficient,religion_caregiving,"Low-ego service that can become a moral anchor for others.",Native 3-trait addition.
C335,Self-Effacing Genius,humility,excessive,intellect,peak,creativity,peak,assertiveness,peak,resilience,deficient,knowledge_vulnerability,"Great talent hidden by withdrawal, deference, or low self-claim.",Native 3-trait addition.
C336,Unseen Toiler,humility,excessive,discipline,peak,physical,peak,ambition,peak,assertiveness,peak,labor_production,"Does necessary effort without seeking recognition or leverage.",Native 3-trait addition.
C337,Vowbound Recluse,humility,excessive,temperance,excessive,loyalty,excessive,friendliness,peak,adaptability,peak,religion_discipline,"Withdraws into oath, restraint, and single-minded devotion.",Native 3-trait addition.
C338,Shame-Driven Avenger,modesty,excessive,justice,excessive,neurochemical,excessive,temperance,peak,empathy,peak,violence_revenge,"Turns humiliation into a moral demand for retaliation.",Native 3-trait addition.
C339,Public Shamer,modesty,excessive,justice,excessive,persuasion,excessive,empathy,peak,humility,peak,politics_cruelty,"Uses moral exposure to discipline others in front of the group.",Native 3-trait addition.
C340,Shameless Swindler,modesty,deficient,honesty,deficient,persuasion,excessive,justice,peak,empathy,peak,crime_fraud,"Lies boldly because embarrassment is no obstacle.",Native 3-trait addition.
C341,Brazen Thug,modesty,deficient,physical,peak,assertiveness,excessive,temperance,peak,courage,deficient,violence_street,"Uses open intimidation without much fear of social disgrace.",Native 3-trait addition.
C342,Provocateur Artist,modesty,deficient,creativity,excessive,civics,excessive,discipline,peak,empathy,deficient,culture_social,"Makes art by offending norms and daring reaction.",Native 3-trait addition.
C343,Fragile Bully,resilience,deficient,assertiveness,excessive,empathy,deficient,courage,peak,humility,peak,social_predation,"Hurts others to manage a weak inner tolerance for stress.",Native 3-trait addition.
C344,Collapse-Prone Striver,resilience,deficient,ambition,excessive,persuasion,peak,temperance,peak,discipline,peak,leadership_failure,"Can climb toward authority or attention but breaks under sustained pressure.",Native 3-trait addition.
C345,Shell-Shocked Veteran,neurochemical,excessive,resilience,deficient,courage,peak,empathy,peak,discipline,peak,warfare_trauma,"Carries danger experience as instability rather than hardening.",Native 3-trait addition.
C346,Hardened Criminal,resilience,excessive,justice,deficient,empathy,deficient,temperance,peak,friendliness,peak,criminal_survival,"Survives punishment, danger, and guilt without much softening.",Native 3-trait addition.
C347,Crisis Stabilizer,resilience,peak,courage,peak,persuasion,peak,ambition,excessive,empathy,deficient,crisis_leadership,"Holds people together during collapse without needing normal order.",Native 3-trait addition.
C348,Taboo Survivor,resilience,peak,justice,deficient,temperance,deficient,empathy,peak,civics,peak,crisis_survival,"Survives extreme scarcity by crossing boundaries others still fear.",Native 3-trait addition.
C349,Cowed Toiler,assertiveness,deficient,courage,deficient,discipline,peak,ambition,peak,resilience,deficient,labor_low_agency,"Keeps doing what is demanded because resistance feels more dangerous than submission.",Native 3-trait addition.
C350,Captive Collaborator,courage,deficient,loyalty,deficient,empathy,peak,justice,peak,civics,peak,politics_survival,"Cooperates with captors or occupiers out of fear and social reading.",Native 3-trait addition.
C351,Disciplined Radical,civics,excessive,persuasion,peak,discipline,peak,temperance,deficient,humility,deficient,politics_organization,"Turns opposition to the existing order into durable action.",Native 3-trait addition.
C352,Secret Cell Temperament,civics,excessive,loyalty,peak,discipline,peak,honesty,excessive,friendliness,deficient,conflict_subversion,"Maintains hidden commitment structures under pressure.",Native 3-trait addition.
C353,Honor-Bound Violence,justice,excessive,courage,peak,discipline,peak,empathy,peak,adaptability,peak,violence_revenge,"Treats violence as grim duty when honor or obligation demands it.",Native 3-trait addition.
C354,Cold Predator,empathy,deficient,discipline,peak,frugality,peak,justice,peak,loyalty,excessive,crime_violent,"Makes harm controlled, useful, and emotionally distant.",Native 3-trait addition.
C355,Kidnapper,justice,deficient,physical,peak,patience,peak,empathy,peak,honesty,peak,crime_coercion,"Takes bodies as leverage through planning and force.",Native 3-trait addition.
C356,Extortionist,persuasion,excessive,assertiveness,excessive,honesty,deficient,justice,peak,generosity,peak,crime_coercion,"Extracts compliance through threat, pressure, and plausible speech.",Native 3-trait addition.
C357,Devotional Entrapper,persuasion,excessive,empathy,peak,loyalty,excessive,honesty,peak,humility,peak,religion_manipulation,"Finds lonely needs and binds them to a demanding group.",Native 3-trait addition.
C358,Orthodoxy Persecutor,civics,deficient,justice,excessive,perception,peak,empathy,peak,curiosity,peak,religion_coercion,"Defends inherited order by searching for forbidden deviation.",Native 3-trait addition.
C359,Miracle Faker,persuasion,excessive,honesty,deficient,nurturance,deficient,justice,peak,empathy,peak,health_fraud,"Sells false hope by borrowing the language of care.",Native 3-trait addition.
C360,Combat Butcher,physical,peak,empathy,deficient,temperance,deficient,discipline,peak,justice,peak,warfare_crime,"Turns combat opportunity into uncontrolled cruelty.",Native 3-trait addition.
C361,Gentle Intimidator,persuasion,peak,assertiveness,excessive,empathy,deficient,honesty,peak,humility,peak,social_predation,"Sounds gentle until refusal appears.",Native 3-trait addition.
C362,Sweet-Tongued Backstabber,friendliness,peak,wit,peak,honesty,deficient,justice,peak,empathy,peak,social_deception,"Wraps a cutting agenda in sweetness and quick humor.",Native 3-trait addition.
C363,Charming Manipulator,symmetry,peak,persuasion,excessive,empathy,deficient,temperance,peak,loyalty,peak,social_predation,"Looks inviting while calculating the other person's need.",Native 3-trait addition.
C364,Thin-Skinned Bully,resilience,deficient,assertiveness,excessive,courage,deficient,empathy,peak,humility,peak,social_predation,"Strikes downward because any challenge feels like injury.",Native 3-trait addition.
C365,Moral Scold,justice,excessive,modesty,excessive,empathy,deficient,humility,peak,adaptability,peak,religion_coercion,"Turns moral sensitivity into public correction and contempt.",Native 3-trait addition.
C366,Caring Controller,nurturance,excessive,assertiveness,excessive,empathy,deficient,humility,peak,temperance,peak,care_coercion,"Controls others in the language of care.",Native 3-trait addition.
C367,Petty Tyrant,assertiveness,excessive,humility,deficient,patience,deficient,empathy,peak,discipline,peak,social_predation,"Needs small obediences to feel large.",Native 3-trait addition.
C368,Dramatic Leaver,neurochemical,excessive,loyalty,excessive,patience,deficient,temperance,peak,empathy,peak,temperament_failure,"Turns attachment into sudden exits and dramatic ruptures.",Native 3-trait addition.
C369,Cold Truth-Teller,honesty,excessive,empathy,deficient,neurochemical,deficient,friendliness,peak,wit,peak,social_cruelty,"Tells hard truths in a way that leaves warmth dead.",Native 3-trait addition.
C370,Last Word Addict,wit,excessive,assertiveness,excessive,patience,deficient,humility,peak,temperance,peak,social_conflict,"Cannot let a contest end while speech remains.",Native 3-trait addition.
C371,Reckless Rescuer,empathy,peak,courage,excessive,generosity,excessive,temperance,peak,discipline,deficient,temperament_social,"Rushes to rescue before judgment or limits can catch up.",Native 3-trait addition.
C372,Righteous Avenger,justice,excessive,courage,peak,empathy,peak,temperance,peak,humility,deficient,ethics_conflict,"Can make harm feel righteous when protecting the innocent.",Native 3-trait addition.
C373,Guilt-Tripping Caregiver,nurturance,peak,persuasion,excessive,empathy,deficient,justice,peak,honesty,peak,care_coercion,"Makes people pay emotionally for being cared for.",Native 3-trait addition.
C374,Joking Coward,wit,peak,courage,deficient,honesty,deficient,assertiveness,peak,loyalty,peak,social_deception,"Jokes and dodges when courage or truth would cost something.",Native 3-trait addition.
C375,Panic Herald,perception,excessive,neurochemical,excessive,persuasion,peak,temperance,peak,discipline,peak,crisis_behavior,"Makes danger feel immediate to everyone nearby.",Native 3-trait addition.
C376,Rule Tester,civics,excessive,curiosity,peak,courage,peak,patience,peak,loyalty,peak,culture_conflict,"Presses against every rule to find where it gives.",Native 3-trait addition.
C377,Submissive Hardliner,loyalty,excessive,assertiveness,deficient,civics,deficient,curiosity,peak,justice,excessive,temperament_institution,"Finds comfort in submission to harsh order.",Native 3-trait addition.
C378,Fanatical Loyalist,loyalty,excessive,courage,excessive,justice,excessive,adaptability,peak,temperance,peak,ideology_conflict,"Lets vows and causes outrun mercy or self-preservation.",Native 3-trait addition.
C379,Overgiving Rescuer,empathy,excessive,generosity,excessive,discipline,deficient,temperance,peak,frugality,peak,care_failure,"Gives too much because suffering nearby becomes unbearable.",Native 3-trait addition.
C380,Reckless Compassion,empathy,excessive,generosity,excessive,temperance,deficient,frugality,peak,focus,peak,care_failure,"Turns compassion into costly disorder.",Native 3-trait addition.
C381,Patient Grudge,justice,excessive,patience,peak,empathy,deficient,generosity,peak,adaptability,peak,violence_revenge,"Can wait a long time to make an old wrong hurt back.",Native 3-trait addition.
C382,Slow Fuse,patience,peak,neurochemical,excessive,focus,peak,temperance,peak,friendliness,peak,temperament_failure,"Looks controlled until pressure finally finds fire.",Native 3-trait addition.
C383,Short Fuse,patience,deficient,neurochemical,excessive,assertiveness,excessive,temperance,peak,empathy,peak,temperament_failure,"Turns irritation into action before thought can intervene.",Native 3-trait addition.
C384,Pleasant Neglect,friendliness,peak,honesty,deficient,discipline,deficient,justice,peak,perception,peak,social_deception,"Feels pleasant while quietly letting obligations decay.",Native 3-trait addition.
C385,Hollow Charm,persuasion,peak,empathy,deficient,humility,deficient,honesty,peak,loyalty,peak,social_predation,"Can win people without truly meeting them.",Native 3-trait addition.
C386,Unstable Visionary,creativity,excessive,curiosity,excessive,neurochemical,excessive,discipline,peak,focus,peak,creativity_instability,"Lives where invention and instability blur together.",Native 3-trait addition.
C387,Scattered Genius,intellect,peak,focus,deficient,curiosity,excessive,discipline,peak,patience,peak,knowledge_vulnerability,"Generates insight faster than it can be ordered.",Native 3-trait addition.
C388,False Warmth,neurochemical,deficient,friendliness,peak,empathy,deficient,nurturance,peak,honesty,deficient,social_deception,"Performs warmth without being moved by it.",Native 3-trait addition.
C389,Consuming Caregiver,nurturance,excessive,neurochemical,excessive,loyalty,excessive,temperance,peak,adaptability,peak,care_coercion,"Turns care and belonging into a consuming crisis.",Native 3-trait addition.
C390,Self-Denying Survivor,humility,excessive,resilience,peak,ambition,deficient,assertiveness,peak,generosity,deficient,temperament_survival,"Survives neglect by wanting very little for the self.",Native 3-trait addition.
C391,Rank Hunger,ambition,excessive,humility,deficient,frugality,excessive,generosity,peak,loyalty,peak,status_social,"Feels starved until position or recognition is secured.",Native 3-trait addition.
C392,Applause Hunger,modesty,deficient,symmetry,peak,friendliness,excessive,humility,peak,discipline,peak,status_social,"Needs visible approval like food.",Native 3-trait addition.
C393,Shame-Driven Perfectionist,modesty,excessive,neurochemical,excessive,discipline,excessive,empathy,peak,adaptability,peak,temperament_failure,"Converts embarrassment into self-punishment and control.",Native 3-trait addition.
C394,Scorekeeper,frugality,excessive,justice,excessive,empathy,deficient,generosity,peak,friendliness,peak,economy_cruelty,"Sees every favor as an account to be settled.",Native 3-trait addition.
C395,Emotional Taker,generosity,deficient,ambition,deficient,friendliness,deficient,empathy,peak,nurturance,peak,temperament_failure,"Receives without offering much warmth, drive, or return.",Native 3-trait addition.
C396,Bottomless Want,frugality,deficient,generosity,deficient,mating drive,excessive,temperance,peak,discipline,peak,status_vice,"Appetite keeps expanding after each satisfaction.",Native 3-trait addition.
C397,Generous Indulgence,generosity,excessive,temperance,deficient,friendliness,peak,frugality,peak,discipline,peak,culture_social,"Turns welcome and appetite into glorious excess.",Native 3-trait addition.
C398,Sweet Withholder,friendliness,peak,generosity,deficient,honesty,deficient,empathy,peak,justice,peak,social_deception,"Sweetens the room while keeping the best back.",Native 3-trait addition.
C399,Cold Survivor,neurochemical,deficient,resilience,excessive,empathy,deficient,nurturance,peak,friendliness,peak,temperament_survival,"Stays eerily steady where others would break or grieve.",Native 3-trait addition.
C400,Chaotic Joker,wit,excessive,temperance,deficient,justice,deficient,discipline,peak,empathy,peak,social_instability,"Makes a joke while everything comes apart.",Native 3-trait addition.
C401,Destructive Spark,creativity,excessive,patience,deficient,justice,deficient,temperance,peak,empathy,peak,crime_destruction,"Needs only a spark of grievance to make damage feel inspired.",Native 3-trait addition.
C402,Cold Obsessive,focus,excessive,neurochemical,deficient,ambition,peak,empathy,peak,adaptability,deficient,temperament_work,"Burns cold, narrow, and long toward one aim.",Native 3-trait addition.
C403,Pious Aggressor,justice,excessive,persuasion,excessive,empathy,deficient,humility,peak,honesty,peak,religion_coercion,"Bites in the name of holiness or moral order.",Native 3-trait addition.
C404,Sacred Cruelty,justice,excessive,civics,deficient,empathy,deficient,adaptability,peak,temperance,peak,religion_coercion,"Needs authority to make cruelty feel clean.",Native 3-trait addition.
C405,Destructive Talent,creativity,peak,ambition,excessive,temperance,deficient,discipline,peak,humility,peak,creativity_instability,"Can make something dazzling while wrecking the life around it.",Native 3-trait addition.
C406,Chronic Doubter,courage,deficient,curiosity,excessive,neurochemical,excessive,focus,peak,temperance,peak,temperament_failure,"Questions everything and then questions the answer.",Native 3-trait addition.
C407,Fence-Sitter,adaptability,excessive,courage,deficient,assertiveness,deficient,justice,peak,loyalty,peak,temperament_failure,"Keeps options open until the moment for action passes.",Native 3-trait addition.
C408,Opportunistic Chameleon,adaptability,excessive,loyalty,deficient,honesty,deficient,discipline,peak,justice,peak,politics_survival,"Turns with the strongest wind and calls it prudence.",Native 3-trait addition.
C409,Cold Loyalist,loyalty,excessive,empathy,deficient,neurochemical,deficient,justice,peak,curiosity,peak,violence_enforcement,"Obeys with little warmth and fewer questions.",Native 3-trait addition.
C410,Crowd Agitator,wit,excessive,persuasion,peak,civics,excessive,temperance,peak,empathy,peak,violence_collective,"Can turn a crowd from mutter to motion.",Native 3-trait addition.
C411,Grudge Nurturer,justice,excessive,patience,peak,loyalty,excessive,generosity,peak,adaptability,peak,temperament_failure,"Waters old injuries until they bear fruit.",Native 3-trait addition.
C412,Stern Mercy,justice,peak,empathy,peak,assertiveness,peak,temperance,deficient,courage,deficient,ethics_conflict,"Can be kind without becoming soft.",Native 3-trait addition.
C413,Merciful Punisher,empathy,peak,justice,excessive,discipline,peak,temperance,peak,humility,deficient,ethics_conflict,"Feels sorrow and still lowers the blade.",Native 3-trait addition.
C414,Doom-Seer,perception,excessive,neurochemical,excessive,creativity,excessive,honesty,peak,temperance,peak,spiritual_culture,"Sees patterns dark enough to frighten the room.",Native 3-trait addition.
C415,Paranoid Tester,perception,excessive,honesty,deficient,neurochemical,excessive,friendliness,peak,humility,peak,social_deception,"Turns uncertainty into accusation and secret testing.",Native 3-trait addition.
C416,Guarded Loner,friendliness,deficient,humility,excessive,resilience,peak,persuasion,peak,nurturance,peak,solitude_work_style,"Can endure isolation without offering easy entry.",Native 3-trait addition.
C417,Hardened Heart,empathy,deficient,generosity,deficient,resilience,excessive,friendliness,peak,nurturance,peak,temperament_survival,"Hardens around deprivation until tenderness tastes foolish.",Native 3-trait addition.
C418,Fiery Giver,courage,excessive,generosity,excessive,neurochemical,excessive,temperance,peak,frugality,peak,temperament_social,"Runs hot with bravery, feeling, and dangerous generosity.",Native 3-trait addition.
C419,Self-Righteous Harm,justice,excessive,humility,deficient,honesty,excessive,empathy,peak,adaptability,peak,ethics_failure,"Needs to be innocent even while causing harm.",Native 3-trait addition.
C420,Gentle Fraud,empathy,peak,honesty,deficient,persuasion,peak,justice,peak,discipline,deficient,social_deception,"Lies softly enough that the lie feels like comfort.",Native 3-trait addition.
C421,Restless Lover,mating drive,excessive,curiosity,peak,loyalty,deficient,temperance,peak,honesty,peak,romantic_failure,"Confuses novelty, desire, and freedom for love.",Native 3-trait addition.
C422,Devoted Touch,mating drive,peak,loyalty,peak,nurturance,peak,empathy,deficient,modesty,deficient,romantic_social,"Shows attachment through warmth, fidelity, and physical closeness.",Native 3-trait addition.
C423,Starved for Affection,mating drive,deficient,nurturance,excessive,friendliness,excessive,temperance,peak,resilience,peak,romantic_vulnerability,"Needs closeness badly while struggling to ask for it cleanly.",Native 3-trait addition.
C424,Cold Flirt,mating drive,peak,persuasion,peak,neurochemical,deficient,empathy,peak,loyalty,peak,social_romantic,"Can invite desire without becoming emotionally involved.",Native 3-trait addition.
C425,Possessive Lover,mating drive,excessive,loyalty,excessive,perception,excessive,temperance,peak,humility,peak,romantic_failure,"Turns desire and attachment into monitoring and claim.",Native 3-trait addition.
C426,Shy Romantic,mating drive,peak,modesty,excessive,empathy,peak,persuasion,peak,courage,deficient,romantic_social,"Feels deeply but approaches desire through hesitation and care.",Native 3-trait addition.
C427,Sharp-Tongued Helper,wit,peak,nurturance,peak,honesty,excessive,empathy,deficient,friendliness,deficient,care_social,"Tries to help while saying the difficult thing too sharply.",Native 3-trait addition.
C428,Comic Deflector,wit,peak,courage,deficient,neurochemical,peak,honesty,excessive,discipline,deficient,temperament_social,"Uses humor to escape fear, grief, or accountability.",Native 3-trait addition.
C429,Playful Peacemaker,wit,peak,friendliness,peak,patience,peak,justice,excessive,assertiveness,excessive,social_conflict,"Defuses tension with timing, warmth, and patience.",Native 3-trait addition.
C430,Mocking Rebel,wit,excessive,civics,excessive,modesty,deficient,empathy,peak,discipline,peak,culture_conflict,"Uses ridicule to puncture authority and social rules.",Native 3-trait addition.
C431,Big Softie,physical,peak,nurturance,peak,humility,peak,assertiveness,excessive,empathy,deficient,care_security,"Looks formidable but moves through the world as a protector.",Native 3-trait addition.
C432,Heavy-Handed Helper,physical,peak,nurturance,peak,assertiveness,excessive,empathy,peak,temperance,deficient,care_coercion,"Helps with force before asking whether force is wanted.",Native 3-trait addition.
C433,Frail Firebrand,physical,deficient,courage,excessive,persuasion,peak,resilience,peak,temperance,peak,temperament_status,"A weak body wrapped around reckless conviction.",Native 3-trait addition.
C434,Beautiful Menace,symmetry,peak,assertiveness,excessive,empathy,deficient,justice,peak,modesty,peak,social_predation,"Uses beauty and pressure without much concern for the person underneath.",Native 3-trait addition.
C435,Plainspoken Plainface,symmetry,deficient,honesty,excessive,humility,peak,persuasion,peak,modesty,deficient,temperament_social,"Lacks polish and compensates with disarming candor.",Native 3-trait addition.
C436,Quiet Magnet,symmetry,peak,modesty,excessive,friendliness,peak,ambition,excessive,mating drive,excessive,social_romantic,"Draws attention without chasing it.",Native 3-trait addition.
C437,Pinched Miser,frugality,excessive,temperance,excessive,generosity,deficient,friendliness,peak,nurturance,peak,economy_cruelty,"Turns restraint and saving into a cramped moral world.",Native 3-trait addition.
C438,Resourceful Scrapper,frugality,peak,adaptability,peak,resilience,peak,generosity,excessive,discipline,deficient,temperament_survival,"Makes do, recovers quickly, and finds use in scraps.",Native 3-trait addition.
C439,Wasteful Charmer,frugality,deficient,persuasion,peak,friendliness,peak,discipline,peak,honesty,deficient,status_vice,"Spends freely because charm keeps smoothing the consequences.",Native 3-trait addition.
C440,Hardy Optimist,resilience,peak,friendliness,peak,courage,peak,perception,excessive,neurochemical,excessive,temperament_survival,"Keeps spirits up without losing nerve.",Native 3-trait addition.
C441,Numb Survivor,resilience,excessive,neurochemical,deficient,empathy,deficient,nurturance,peak,friendliness,peak,temperament_survival,"Survives by feeling less than the moment deserves.",Native 3-trait addition.
C442,Fragile Dreamer,resilience,deficient,creativity,peak,curiosity,peak,discipline,peak,temperance,peak,knowledge_vulnerability,"Imagines beautifully but needs protection from pressure.",Native 3-trait addition.
C443,Fierce Caretaker,nurturance,peak,courage,excessive,assertiveness,peak,empathy,deficient,temperance,deficient,care_security,"Protects dependents with heat, speed, and teeth.",Native 3-trait addition.
C444,Smiling Neglect,nurturance,deficient,friendliness,peak,honesty,deficient,discipline,peak,empathy,peak,care_failure,"Seems pleasant while failing the people who need care.",Native 3-trait addition.
C445,Humble Strategist,humility,peak,intellect,peak,patience,peak,ambition,excessive,assertiveness,deficient,knowledge_leadership,"Thinks several moves ahead without needing to be seen as clever.",Native 3-trait addition.
C446,Vain Intellectual,intellect,peak,humility,deficient,honesty,excessive,empathy,peak,adaptability,peak,knowledge_anti_social,"Uses intelligence and truth as a mirror for superiority.",Native 3-trait addition.
C447,Flexible Scholar,intellect,peak,adaptability,peak,curiosity,peak,focus,excessive,civics,deficient,knowledge_craft,"Learns quickly across situations without becoming trapped by one frame.",Native 3-trait addition.
C448,Evasive Survivor,adaptability,peak,courage,deficient,honesty,deficient,loyalty,peak,justice,peak,temperament_survival,"Survives by bending, slipping, and not quite telling the truth.",Native 3-trait addition.
C449,Modest Fire,modesty,peak,courage,excessive,generosity,peak,ambition,excessive,temperance,peak,temperament_social,"Acts boldly without making bravery a performance.",Native 3-trait addition.
C450,Severe Self-Control,temperance,excessive,discipline,excessive,modesty,excessive,friendliness,peak,adaptability,peak,temperament_work,"Keeps the self under such tight command that life narrows.",Native 3-trait addition.
