innovation_id,source_id,source_link,source_title,analogue_name,category,domain,era_id,history_year,history_year_from,history_year_to,rank,spreadability,complexity,starter_prevalence,prerequisite_ids,curation_status,notes
stone_tool,invsrc_0001,Timeline of historic inventions.wiki:17,Stone tool,Stone tool,craft,craft,paleolithic,-2947974,-3297974,-2597974,1,0.55,0.18,0.78,,active,auto-generated from wiki timeline; curate analogue and prerequisites
control_of_fire_and_cooking,invsrc_0002,Timeline of historic inventions.wiki:18,Control of fire and cooking,Control of fire and cooking,domestic,household,paleolithic,-2297974,-2297974,-2297974,1,0.7,0.14,0.878,,active,auto-generated from wiki timeline; curate analogue and prerequisites
acheulean_stone_tools,invsrc_0003,Timeline of historic inventions.wiki:19,Acheulean stone tools,Acheulean stone tools,craft,craft,paleolithic,-1757974,-1757974,-1757974,2,0.55,0.18,0.78,,active,auto-generated from wiki timeline; curate analogue and prerequisites
bone_tool,invsrc_0005,Timeline of historic inventions.wiki:21,Bone tool,Bone tool,craft,craft,paleolithic,-1497974,-1497974,-1497974,3,0.55,0.18,0.78,,active,auto-generated from wiki timeline; curate analogue and prerequisites
language,invsrc_0004,Timeline of historic inventions.wiki:20,Language,Language,craft,toolmaking,paleolithic,-947974,-1747974,-147974,4,0.55,0.18,0.78,,active,auto-generated from wiki timeline; curate analogue and prerequisites
hafting,invsrc_0007,Timeline of historic inventions.wiki:28,Hafting,Hafting,craft,craft,paleolithic,-497974,-497974,-497974,5,0.55,0.18,0.78,,active,auto-generated from wiki timeline; curate analogue and prerequisites
woodworking,invsrc_0008,Timeline of historic inventions.wiki:29,Woodworking,Woodworking,craft,toolmaking,paleolithic,-472974,-497974,-447974,6,0.55,0.18,0.78,,active,auto-generated from wiki timeline; curate analogue and prerequisites
boats,invsrc_0006,Timeline of historic inventions.wiki:22,Boats,Boats,maritime,navigation,paleolithic,-467974,-897974,-37974,1,0.55,0.18,0.78,,active,auto-generated from wiki timeline; curate analogue and prerequisites
hide_and_leather_clothing_footwear_and_shelter,invsrc_0010,Timeline of historic inventions.wiki:31,"Hide and leather clothing, footwear and shelter","Hide and leather clothing, footwear and shelter",craft,craft,paleolithic,-397974,-397974,-397974,7,0.55,0.18,0.78,,active,auto-generated from wiki timeline; curate analogue and prerequisites
pigment,invsrc_0011,Timeline of historic inventions.wiki:32,Pigment,Pigment,culture,art,paleolithic,-397974,-397974,-397974,1,0.62,0.14,0.826,,active,auto-generated from wiki timeline; curate analogue and prerequisites
long_distance_trade,invsrc_0013,Timeline of historic inventions.wiki:34,Long-distance trade,Long-distance trade,administration,accounting,paleolithic,-317974,-317974,-317974,1,0.63,0.18,0.832,,active,auto-generated from wiki timeline; curate analogue and prerequisites
schoningen_spears,invsrc_0012,Timeline of historic inventions.wiki:33,Schöningen spears,Schöningen spears weapon,military,warfare,paleolithic,-316474,-334974,-297974,1,0.34,0.26,0.354,,active,auto-generated from wiki timeline; curate analogue and prerequisites
food_storage,invsrc_0009,Timeline of historic inventions.wiki:30,Food storage,Food storage,domestic,household,paleolithic,-307974,-417974,-197974,2,0.7,0.14,0.878,,active,auto-generated from wiki timeline; curate analogue and prerequisites
hafting_and_early_stone_tipped_projectile_weapons,invsrc_0014,Timeline of historic inventions.wiki:38,Hafting and early stone-tipped projectile weapons,Hafting and early stone-tipped projectile weapons,military,warfare,paleolithic,-276974,-276974,-276974,2,0.34,0.26,0.354,,active,auto-generated from wiki timeline; curate analogue and prerequisites
adhesive,invsrc_0015,Timeline of historic inventions.wiki:39,Adhesive,Adhesive,craft,craft,paleolithic,-197974,-197974,-197974,8,0.55,0.18,0.78,,active,auto-generated from wiki timeline; curate analogue and prerequisites
beds,invsrc_0016,Timeline of historic inventions.wiki:40,Beds,Beds,domestic,household,paleolithic,-197974,-197974,-197974,3,0.7,0.14,0.878,,active,auto-generated from wiki timeline; curate analogue and prerequisites
clothing,invsrc_0017,Timeline of historic inventions.wiki:41,Clothing,Clothing,craft,craft,paleolithic,-127974,-167974,-87974,9,0.55,0.18,0.78,,active,auto-generated from wiki timeline; curate analogue and prerequisites
bead,invsrc_0019,Timeline of historic inventions.wiki:43,Bead,Bead,craft,toolmaking,paleolithic,-115474,-132974,-97974,10,0.55,0.18,0.78,,active,auto-generated from wiki timeline; curate analogue and prerequisites
heat_treating_of_stone_blades,invsrc_0018,Timeline of historic inventions.wiki:42,Heat treating of stone blades,Heat treating of stone blades,craft,toolmaking,paleolithic,-103474,-161974,-44974,11,0.55,0.18,0.78,,active,auto-generated from wiki timeline; curate analogue and prerequisites
funerals,invsrc_0021,Timeline of historic inventions.wiki:45,Funerals,Funerals,culture,art,paleolithic,-97974,-97974,-97974,2,0.62,0.14,0.826,,active,auto-generated from wiki timeline; curate analogue and prerequisites
ochre_processed_and_compound_paints_made,invsrc_0020,Timeline of historic inventions.wiki:44,"Ochre processed, and compound paints made","Ochre processed, and compound paints made",culture,art,paleolithic,-97974,-97974,-97974,3,0.62,0.14,0.826,,active,auto-generated from wiki timeline; curate analogue and prerequisites
harpoons,invsrc_0022,Timeline of historic inventions.wiki:46,Harpoons,Harpoons,craft,toolmaking,paleolithic,-87974,-87974,-87974,12,0.55,0.18,0.78,,active,auto-generated from wiki timeline; curate analogue and prerequisites
arrow,invsrc_0024,Timeline of historic inventions.wiki:49,Arrow,Arrow weapon,military,warfare,paleolithic,-62974,-67974,-57974,3,0.34,0.26,0.354,,active,auto-generated from wiki timeline; curate analogue and prerequisites
compound_adhesive,invsrc_0023,Timeline of historic inventions.wiki:48,Compound adhesive,Compound adhesive,craft,craft,paleolithic,-62974,-67974,-57974,13,0.55,0.18,0.78,,active,auto-generated from wiki timeline; curate analogue and prerequisites
sewing_needle,invsrc_0025,Timeline of historic inventions.wiki:50,Sewing needle,Sewing needle,craft,toolmaking,paleolithic,-62974,-67974,-57974,14,0.55,0.18,0.78,,active,auto-generated from wiki timeline; curate analogue and prerequisites
cave_painting,invsrc_0026,Timeline of historic inventions.wiki:51,Cave painting,Cave painting,culture,art,paleolithic,-59474,-59974,-58974,4,0.62,0.14,0.826,,active,auto-generated from wiki timeline; curate analogue and prerequisites
dentistry,invsrc_0027,Timeline of historic inventions.wiki:55,Dentistry,Dentistry,medicine,medicine,paleolithic,-51974,-56974,-46974,1,0.52,0.18,0.76,,active,auto-generated from wiki timeline; curate analogue and prerequisites
representational_art,invsrc_0028,Timeline of historic inventions.wiki:56,Representational art,Representational art,culture,art,paleolithic,-51474,-53774,-49174,5,0.62,0.14,0.826,,active,auto-generated from wiki timeline; curate analogue and prerequisites
mining,invsrc_0030,Timeline of historic inventions.wiki:61,Mining,Mining,material,materials,paleolithic,-44974,-44974,-44974,1,0.45,0.18,0.715,,active,auto-generated from wiki timeline; curate analogue and prerequisites
tally_sticks,invsrc_0032,Timeline of historic inventions.wiki:63,Tally sticks,Tally sticks,craft,toolmaking,paleolithic,-40974,-41974,-39974,15,0.55,0.18,0.78,,active,auto-generated from wiki timeline; curate analogue and prerequisites
flute,invsrc_0033,Timeline of historic inventions.wiki:64,Flute,Flute,culture,art,paleolithic,-39974,-39974,-39974,6,0.62,0.14,0.826,,active,auto-generated from wiki timeline; curate analogue and prerequisites
ground_stone_tools,invsrc_0029,Timeline of historic inventions.wiki:60,Ground stone tools,Ground stone tools,craft,craft,paleolithic,-37474,-46974,-27974,16,0.55,0.18,0.78,,active,auto-generated from wiki timeline; curate analogue and prerequisites
mortar_and_pestle,invsrc_0035,Timeline of historic inventions.wiki:66,Mortar and pestle,Mortar and pestle,craft,toolmaking,paleolithic,-34974,-34974,-34974,17,0.55,0.18,0.78,,active,auto-generated from wiki timeline; curate analogue and prerequisites
amputation_and_surgery,invsrc_0037,Timeline of historic inventions.wiki:68,Amputation and surgery,Amputation and surgery,medicine,medicine,paleolithic,-28974,-28974,-28974,2,0.52,0.18,0.76,,active,auto-generated from wiki timeline; curate analogue and prerequisites
rope_and_cordage,invsrc_0036,Timeline of historic inventions.wiki:67,Rope and cordage,Rope and cordage,craft,craft,paleolithic,-27974,-29974,-25974,18,0.55,0.18,0.78,,active,auto-generated from wiki timeline; curate analogue and prerequisites
spear_thrower,invsrc_0034,Timeline of historic inventions.wiki:65,Spear-thrower,Spear-thrower weapon,military,warfare,paleolithic,-27724,-39974,-15474,4,0.34,0.26,0.354,,active,auto-generated from wiki timeline; curate analogue and prerequisites
ceramics,invsrc_0038,Timeline of historic inventions.wiki:69,Ceramics,Ceramics,material,materials,paleolithic,-25974,-25974,-25974,2,0.45,0.18,0.715,,active,auto-generated from wiki timeline; curate analogue and prerequisites
shoe,invsrc_0031,Timeline of historic inventions.wiki:62,Shoe,Shoe,craft,toolmaking,paleolithic,-24974,-42974,-6974,19,0.55,0.18,0.78,,active,auto-generated from wiki timeline; curate analogue and prerequisites
ceramic_sculpture,invsrc_0039,Timeline of historic inventions.wiki:70,Ceramic sculpture,Ceramic sculpture,material,materials,paleolithic,-21974,-21974,-21974,3,0.45,0.18,0.715,,active,auto-generated from wiki timeline; curate analogue and prerequisites
domestication_of_the_dog,invsrc_0040,Timeline of historic inventions.wiki:71,Domestication of the dog,Domestication of the dog,agriculture,agriculture,paleolithic,-20974,-20974,-20974,1,0.72,0.14,0.891,,active,auto-generated from wiki timeline; curate analogue and prerequisites
fish_hook,invsrc_0042,Timeline of historic inventions.wiki:73,Fish hook,Fish hook,craft,toolmaking,paleolithic,-19974,-19974,-19974,20,0.55,0.18,0.78,,active,auto-generated from wiki timeline; curate analogue and prerequisites
bullroarer,invsrc_0041,Timeline of historic inventions.wiki:72,Bullroarer,Bullroarer,culture,art,paleolithic,-17474,-19974,-14974,7,0.62,0.14,0.826,,active,auto-generated from wiki timeline; curate analogue and prerequisites
pottery,invsrc_0044,Timeline of historic inventions.wiki:93,Pottery,Pottery,craft,craft,paleolithic,-15974,-17974,-13974,21,0.55,0.18,0.78,,active,auto-generated from wiki timeline; curate analogue and prerequisites
bread,invsrc_0045,Timeline of historic inventions.wiki:94,Bread,Bread,agriculture,agriculture,paleolithic,-12474,-12474,-12474,2,0.72,0.14,0.891,,active,auto-generated from wiki timeline; curate analogue and prerequisites
star_chart,invsrc_0043,Timeline of historic inventions.wiki:74,Star chart,Star chart,culture,art,paleolithic,-10324,-18974,-1674,8,0.62,0.14,0.826,,active,auto-generated from wiki timeline; curate analogue and prerequisites
spindle_whorl,invsrc_0046,Timeline of historic inventions.wiki:95,Spindle whorl,Spindle whorl,transport,transport,neolithic,-9974,-9974,-9974,1,0.48,0.28,0.508,,active,auto-generated from wiki timeline; curate analogue and prerequisites
agriculture,invsrc_0047,Timeline of historic inventions.wiki:103,Agriculture,Agriculture,agriculture,agriculture,neolithic,-9500,-10000,-9000,3,0.72,0.24,0.617,,active,auto-generated from wiki timeline; curate analogue and prerequisites
alcohol_fermentation,invsrc_0049,Timeline of historic inventions.wiki:105,Alcohol fermentation,Alcohol fermentation,domestic,household,neolithic,-9500,-10000,-9000,4,0.7,0.24,0.608,,active,auto-generated from wiki timeline; curate analogue and prerequisites
domestication_of_sheep,invsrc_0048,Timeline of historic inventions.wiki:104,Domestication of sheep,Domestication of sheep,agriculture,agriculture,neolithic,-9500,-10000,-9000,4,0.72,0.24,0.617,,active,auto-generated from wiki timeline; curate analogue and prerequisites
surviving_building,invsrc_0050,Timeline of historic inventions.wiki:106,Surviving building,Surviving building,craft,toolmaking,neolithic,-9250,-9500,-9000,22,0.55,0.28,0.54,,active,auto-generated from wiki timeline; curate analogue and prerequisites
mudbricks_and_clay_mortar,invsrc_0052,Timeline of historic inventions.wiki:108,"Mudbricks , and clay mortar","Mudbricks , and clay mortar",craft,toolmaking,neolithic,-9000,-9000,-9000,23,0.55,0.28,0.54,,active,auto-generated from wiki timeline; curate analogue and prerequisites
water_well,invsrc_0053,Timeline of historic inventions.wiki:109,Water well,Water well,domestic,household,neolithic,-8400,-8400,-8400,5,0.7,0.24,0.608,,active,auto-generated from wiki timeline; curate analogue and prerequisites
pesse_canoe,invsrc_0054,Timeline of historic inventions.wiki:110,Pesse canoe,Dugout canoe,maritime,navigation,neolithic,-7775,-8040,-7510,2,0.55,0.28,0.54,,active,auto-generated from wiki timeline; curate analogue and prerequisites
proto_city,invsrc_0055,Timeline of historic inventions.wiki:111,Proto-city,Proto-city,craft,toolmaking,neolithic,-7750,-8000,-7500,24,0.55,0.28,0.54,,active,auto-generated from wiki timeline; curate analogue and prerequisites
domestication_of_rice,invsrc_0051,Timeline of historic inventions.wiki:107,Domestication of rice,Domestication of rice,agriculture,agriculture,neolithic,-7500,-9000,-6000,5,0.72,0.24,0.617,,active,auto-generated from wiki timeline; curate analogue and prerequisites
copper_tools,invsrc_0057,Timeline of historic inventions.wiki:113,Copper tools,Copper tools,material,materials,neolithic,-7000,-7500,-6500,4,0.45,0.28,0.495,,active,auto-generated from wiki timeline; curate analogue and prerequisites
sled_dog_and_dog_sled,invsrc_0058,Timeline of historic inventions.wiki:114,Sled dog and Dog sled,Sled dog and Dog sled,craft,toolmaking,neolithic,-7000,-7000,-7000,25,0.55,0.28,0.54,,active,auto-generated from wiki timeline; curate analogue and prerequisites
lead_smelting,invsrc_0059,Timeline of historic inventions.wiki:115,Lead smelting,Lead smelting,material,materials,neolithic,-6500,-6500,-6500,5,0.45,0.28,0.495,,active,auto-generated from wiki timeline; curate analogue and prerequisites
potatoes,invsrc_0056,Timeline of historic inventions.wiki:112,Potatoes,Potatoes,agriculture,agriculture,neolithic,-6500,-8000,-5000,6,0.72,0.24,0.617,,active,auto-generated from wiki timeline; curate analogue and prerequisites
kiln,invsrc_0060,Timeline of historic inventions.wiki:116,Kiln,Kiln,craft,craft,neolithic,-6000,-6000,-6000,26,0.55,0.28,0.54,,active,auto-generated from wiki timeline; curate analogue and prerequisites
salt_production,invsrc_0063,Timeline of historic inventions.wiki:166,Salt production,Salt production,craft,toolmaking,neolithic,-5750,-5900,-5600,27,0.55,0.28,0.54,,active,auto-generated from wiki timeline; curate analogue and prerequisites
irrigation,invsrc_0061,Timeline of historic inventions.wiki:117,Irrigation,Irrigation,agriculture,agriculture,neolithic,-5500,-6000,-5001,7,0.72,0.24,0.617,,active,auto-generated from wiki timeline; curate analogue and prerequisites
sailing,invsrc_0065,Timeline of historic inventions.wiki:168,Sailing,Sailing,maritime,navigation,neolithic,-5500,-5500,-5500,3,0.55,0.28,0.54,,active,auto-generated from wiki timeline; curate analogue and prerequisites
evidence_of_cheese_found,invsrc_0064,Timeline of historic inventions.wiki:167,Evidence of cheese found,Evidence of cheese found,craft,toolmaking,neolithic,-5350,-5500,-5200,28,0.55,0.28,0.54,,active,auto-generated from wiki timeline; curate analogue and prerequisites
copper_smelting,invsrc_0066,Timeline of historic inventions.wiki:169,Copper smelting,Copper smelting,material,materials,neolithic,-5000,-5000,-5000,6,0.45,0.28,0.495,,active,auto-generated from wiki timeline; curate analogue and prerequisites
cotton_thread,invsrc_0069,Timeline of historic inventions.wiki:172,Cotton thread,Cotton thread,material,materials,neolithic,-5000,-5000,-5000,7,0.45,0.28,0.495,,active,auto-generated from wiki timeline; curate analogue and prerequisites
seawall,invsrc_0067,Timeline of historic inventions.wiki:170,Seawall,Seawall,craft,toolmaking,neolithic,-5000,-5000,-5000,29,0.55,0.28,0.54,,active,auto-generated from wiki timeline; curate analogue and prerequisites
rowing_oars,invsrc_0070,Timeline of historic inventions.wiki:173,Rowing oars,Rowing oars,craft,toolmaking,neolithic,-4750,-5000,-4500,30,0.55,0.28,0.54,,active,auto-generated from wiki timeline; curate analogue and prerequisites
proto_writing,invsrc_0062,Timeline of historic inventions.wiki:165,Proto-writing,Proto-writing,communication,writing,neolithic,-4600,-6000,-3200,1,0.71,0.28,0.612,,active,auto-generated from wiki timeline; curate analogue and prerequisites
lacquer,invsrc_0068,Timeline of historic inventions.wiki:171,Lacquer,Lacquer,craft,toolmaking,neolithic,-4500,-5000,-4001,31,0.55,0.28,0.54,,active,auto-generated from wiki timeline; curate analogue and prerequisites
fired_bricks,invsrc_0072,Timeline of historic inventions.wiki:175,Fired bricks,Fired bricks,craft,toolmaking,neolithic,-4400,-4400,-4400,32,0.55,0.28,0.54,,active,auto-generated from wiki timeline; curate analogue and prerequisites
evidence_of_locks_the_earliest_example_discovered,invsrc_0076,Timeline of historic inventions.wiki:189,"Evidence of locks, the earliest example discovered","Evidence of locks, the example discovered",craft,toolmaking,neolithic,-4000,-4000,-4000,33,0.55,0.28,0.54,,active,auto-generated from wiki timeline; curate analogue and prerequisites
lost_wax_casting,invsrc_0071,Timeline of historic inventions.wiki:174,Lost-wax casting,Lost-wax casting,craft,toolmaking,neolithic,-4000,-4500,-3500,34,0.55,0.28,0.54,,active,auto-generated from wiki timeline; curate analogue and prerequisites
paved_roads,invsrc_0074,Timeline of historic inventions.wiki:187,Paved roads,Paved roads,transport,transport,neolithic,-4000,-4000,-4000,2,0.48,0.28,0.508,,active,auto-generated from wiki timeline; curate analogue and prerequisites
plumbing,invsrc_0075,Timeline of historic inventions.wiki:188,Plumbing,Plumbing,craft,toolmaking,neolithic,-4000,-4000,-4000,35,0.55,0.28,0.54,,active,auto-generated from wiki timeline; curate analogue and prerequisites
probable_time_period_of_the_first_diamond_mines_in,invsrc_0073,Timeline of historic inventions.wiki:176,Probable time period of the first diamond-mines in,Probable time period of the first diamond-mines in,material,materials,neolithic,-4000,-4000,-4000,8,0.45,0.28,0.495,,active,auto-generated from wiki timeline; curate analogue and prerequisites
evidence_of_wheels_found,invsrc_0077,Timeline of historic inventions.wiki:190,"Evidence of wheels, found","Evidence of wheels, found",transport,transport,neolithic,-3700,-4000,-3400,3,0.48,0.28,0.508,,active,auto-generated from wiki timeline; curate analogue and prerequisites
silk_garments,invsrc_0078,Timeline of historic inventions.wiki:191,Silk garments,Silk garments,craft,toolmaking,neolithic,-3630,-3630,-3630,36,0.55,0.28,0.54,,active,auto-generated from wiki timeline; curate analogue and prerequisites
ploughing,invsrc_0082,Timeline of historic inventions.wiki:195,Ploughing,Ploughing,agriculture,agriculture,neolithic,-3500,-3500,-3500,8,0.72,0.24,0.617,,active,auto-generated from wiki timeline; curate analogue and prerequisites
probable_first_domestication_of_the_horse,invsrc_0079,Timeline of historic inventions.wiki:192,Probable first domestication of the horse,Probable first domestication of the horse,agriculture,agriculture,neolithic,-3500,-3500,-3500,9,0.72,0.24,0.617,,active,auto-generated from wiki timeline; curate analogue and prerequisites
seal_invented_around,invsrc_0081,Timeline of historic inventions.wiki:194,Seal invented around,Seal invented around,craft,toolmaking,neolithic,-3500,-3500,-3500,37,0.55,0.28,0.54,,active,auto-generated from wiki timeline; curate analogue and prerequisites
wine_as_general_anaesthesia,invsrc_0080,Timeline of historic inventions.wiki:193,Wine as general anaesthesia,Wine as general anaesthesia,craft,toolmaking,neolithic,-3500,-3500,-3500,38,0.55,0.28,0.54,,active,auto-generated from wiki timeline; curate analogue and prerequisites
writing,invsrc_0084,Timeline of historic inventions.wiki:202,Writing,Writing,communication,writing,neolithic,-3500,-4000,-3001,2,0.71,0.28,0.612,,active,auto-generated from wiki timeline; curate analogue and prerequisites
city,invsrc_0086,Timeline of historic inventions.wiki:204,City,City,craft,toolmaking,bronze_age,-3300,-3300,-3300,39,0.55,0.38,0.54,,active,auto-generated from wiki timeline; curate analogue and prerequisites
documented_swords,invsrc_0085,Timeline of historic inventions.wiki:203,Documented swords,Documented swords,material,materials,bronze_age,-3300,-3300,-3300,9,0.45,0.38,0.495,,active,auto-generated from wiki timeline; curate analogue and prerequisites
hat,invsrc_0087,Timeline of historic inventions.wiki:205,Hat,Hat,craft,toolmaking,bronze_age,-3250,-3250,-3250,40,0.55,0.38,0.54,,active,auto-generated from wiki timeline; curate analogue and prerequisites
tattoos,invsrc_0083,Timeline of historic inventions.wiki:196,Tattoos,Tattoos,craft,toolmaking,bronze_age,-3250,-3400,-3100,41,0.55,0.38,0.54,,active,auto-generated from wiki timeline; curate analogue and prerequisites
dry_latrines,invsrc_0088,Timeline of historic inventions.wiki:206,Dry Latrines,Dry Latrines,domestic,household,bronze_age,-3200,-3200,-3200,6,0.7,0.34,0.608,,active,auto-generated from wiki timeline; curate analogue and prerequisites
ljubljana_marshes_wheel,invsrc_0089,Timeline of historic inventions.wiki:207,Ljubljana Marshes Wheel,Ljubljana Marshes Wheel,transport,transport,bronze_age,-3200,-3200,-3200,4,0.48,0.38,0.508,,active,auto-generated from wiki timeline; curate analogue and prerequisites
dice,invsrc_0090,Timeline of historic inventions.wiki:208,Dice,Dice,culture,art,bronze_age,-3000,-3000,-3000,9,0.62,0.34,0.572,,active,auto-generated from wiki timeline; curate analogue and prerequisites
receipt,invsrc_0094,Timeline of historic inventions.wiki:224,Receipt,Receipt,craft,toolmaking,bronze_age,-3000,-3000,-3000,42,0.55,0.38,0.54,,active,auto-generated from wiki timeline; curate analogue and prerequisites
reservoir,invsrc_0093,Timeline of historic inventions.wiki:211,Reservoir,Reservoir,craft,toolmaking,bronze_age,-3000,-3000,-3000,43,0.55,0.38,0.54,,active,auto-generated from wiki timeline; curate analogue and prerequisites
tin_extraction,invsrc_0091,Timeline of historic inventions.wiki:209,Tin extraction,Tin extraction,craft,toolmaking,bronze_age,-3000,-3000,-3000,44,0.55,0.38,0.54,,active,auto-generated from wiki timeline; curate analogue and prerequisites
prosthesis,invsrc_0095,Timeline of historic inventions.wiki:225,Prosthesis,Prosthesis,craft,toolmaking,bronze_age,-2900,-3000,-2800,45,0.55,0.38,0.384,,active,auto-generated from wiki timeline; curate analogue and prerequisites
papyrus,invsrc_0092,Timeline of historic inventions.wiki:210,Papyrus,Papyrus,craft,toolmaking,bronze_age,-2780,-3000,-2560,46,0.55,0.38,0.384,,active,auto-generated from wiki timeline; curate analogue and prerequisites
rhinoplasty,invsrc_0096,Timeline of historic inventions.wiki:226,Rhinoplasty,Rhinoplasty,craft,toolmaking,bronze_age,-2750,-3000,-2500,47,0.55,0.38,0.384,,active,auto-generated from wiki timeline; curate analogue and prerequisites
ruler_or_measuring_rod,invsrc_0097,Timeline of historic inventions.wiki:227,"Ruler, or Measuring rod","Ruler, or Measuring rod",material,materials,bronze_age,-2650,-2650,-2650,10,0.45,0.38,0.352,,active,auto-generated from wiki timeline; curate analogue and prerequisites
levee,invsrc_0101,Timeline of historic inventions.wiki:231,Levee,Levee,craft,toolmaking,bronze_age,-2600,-2600,-2600,48,0.55,0.38,0.384,,active,auto-generated from wiki timeline; curate analogue and prerequisites
planned_city,invsrc_0098,Timeline of historic inventions.wiki:228,Planned city,Planned city,craft,toolmaking,bronze_age,-2600,-2600,-2600,49,0.55,0.38,0.384,,active,auto-generated from wiki timeline; curate analogue and prerequisites
public_bath,invsrc_0100,Timeline of historic inventions.wiki:230,Public bath,Public bath,craft,toolmaking,bronze_age,-2600,-2600,-2600,50,0.55,0.38,0.384,,active,auto-generated from wiki timeline; curate analogue and prerequisites
public_sewage_and_sanitation_systems,invsrc_0099,Timeline of historic inventions.wiki:229,Public sewage and sanitation systems,Public sewage and sanitation systems,craft,toolmaking,bronze_age,-2600,-2600,-2600,51,0.55,0.38,0.384,,active,auto-generated from wiki timeline; curate analogue and prerequisites
weighing_scale,invsrc_0102,Timeline of historic inventions.wiki:232,Weighing scale,Weighing scale,craft,toolmaking,bronze_age,-2600,-2600,-2600,52,0.55,0.38,0.384,,active,auto-generated from wiki timeline; curate analogue and prerequisites
dock,invsrc_0103,Timeline of historic inventions.wiki:233,Dock,Dock,craft,toolmaking,bronze_age,-2556,-2556,-2556,53,0.55,0.38,0.384,,active,auto-generated from wiki timeline; curate analogue and prerequisites
puppetry,invsrc_0104,Timeline of historic inventions.wiki:234,Puppetry,Puppetry,craft,toolmaking,bronze_age,-2500,-2500,-2500,54,0.55,0.38,0.384,,active,auto-generated from wiki timeline; curate analogue and prerequisites
fork,invsrc_0105,Timeline of historic inventions.wiki:235,Fork,Fork,material,materials,bronze_age,-2400,-2400,-2400,11,0.45,0.38,0.352,,active,auto-generated from wiki timeline; curate analogue and prerequisites
history_of_water_supply_and_sanitation,invsrc_0106,Timeline of historic inventions.wiki:236,History of water supply and sanitation,History of water supply and sanitation,material,materials,bronze_age,-2400,-2400,-2400,12,0.45,0.38,0.352,,active,auto-generated from wiki timeline; curate analogue and prerequisites
touchstone,invsrc_0107,Timeline of historic inventions.wiki:237,Touchstone,Touchstone,craft,toolmaking,bronze_age,-2400,-2400,-2400,55,0.55,0.38,0.384,,active,auto-generated from wiki timeline; curate analogue and prerequisites
dictionary,invsrc_0108,Timeline of historic inventions.wiki:238,Dictionary,Dictionary,craft,toolmaking,bronze_age,-2300,-2300,-2300,56,0.55,0.38,0.384,,active,auto-generated from wiki timeline; curate analogue and prerequisites
protractor,invsrc_0110,Timeline of historic inventions.wiki:240,Protractor,Protractor,craft,craft,bronze_age,-2200,-2200,-2200,57,0.55,0.38,0.384,,active,auto-generated from wiki timeline; curate analogue and prerequisites
iron_smelting,invsrc_0109,Timeline of historic inventions.wiki:239,Iron smelting,Iron smelting,material,materials,bronze_age,-2100,-2200,-2000,13,0.45,0.38,0.352,,active,auto-generated from wiki timeline; curate analogue and prerequisites
chariot,invsrc_0112,Timeline of historic inventions.wiki:242,Chariot,Chariot,craft,toolmaking,bronze_age,-2000,-2000,-2000,58,0.55,0.38,0.384,,active,auto-generated from wiki timeline; curate analogue and prerequisites
scissors,invsrc_0113,Timeline of historic inventions.wiki:243,Scissors,Scissors,craft,toolmaking,bronze_age,-2000,-2000,-2000,59,0.55,0.38,0.384,,active,auto-generated from wiki timeline; curate analogue and prerequisites
water_clock,invsrc_0111,Timeline of historic inventions.wiki:241,Water clock,Water clock,craft,toolmaking,bronze_age,-2000,-2000,-2000,60,0.55,0.38,0.384,,active,auto-generated from wiki timeline; curate analogue and prerequisites
proto_alphabet,invsrc_0114,Timeline of historic inventions.wiki:244,Proto-alphabet,Proto-alphabet,communication,writing,bronze_age,-1850,-1850,-1850,3,0.71,0.38,0.435,,active,auto-generated from wiki timeline; curate analogue and prerequisites
surgical_treatise_appeared,invsrc_0115,Timeline of historic inventions.wiki:245,Surgical treatise appeared,Surgical treatise appeared,craft,toolmaking,bronze_age,-1600,-1600,-1600,61,0.55,0.38,0.384,,active,auto-generated from wiki timeline; curate analogue and prerequisites
glass_manufacture,invsrc_0117,Timeline of historic inventions.wiki:247,Glass manufacture,Glass manufacture,material,materials,bronze_age,-1500,-1500,-1500,14,0.45,0.38,0.352,,active,auto-generated from wiki timeline; curate analogue and prerequisites
seed_drill,invsrc_0118,Timeline of historic inventions.wiki:248,Seed drill,Seed drill,craft,toolmaking,bronze_age,-1500,-1500,-1500,62,0.55,0.38,0.384,,active,auto-generated from wiki timeline; curate analogue and prerequisites
sundial,invsrc_0116,Timeline of historic inventions.wiki:246,Sundial,Sundial,craft,toolmaking,bronze_age,-1500,-1500,-1500,63,0.55,0.38,0.384,,active,auto-generated from wiki timeline; curate analogue and prerequisites
rubber_mesoamerican_ballgame,invsrc_0119,Timeline of historic inventions.wiki:249,"Rubber, Mesoamerican ballgame","Rubber, Mesoamerican ballgame",culture,art,bronze_age,-1400,-1400,-1400,10,0.62,0.34,0.406,,active,auto-generated from wiki timeline; curate analogue and prerequisites
concrete,invsrc_0120,Timeline of historic inventions.wiki:250,Concrete,Concrete,material,materials,bronze_age,-1300,-1400,-1200,15,0.45,0.38,0.352,,active,auto-generated from wiki timeline; curate analogue and prerequisites
lathe,invsrc_0121,Timeline of historic inventions.wiki:251,Lathe,Lathe,craft,toolmaking,bronze_age,-1300,-1300,-1300,64,0.55,0.38,0.384,,active,auto-generated from wiki timeline; curate analogue and prerequisites
distillation,invsrc_0122,Timeline of historic inventions.wiki:252,Distillation,Distillation,domestic,household,iron_age,-1200,-1200,-1200,7,0.7,0.4,0.432,,active,auto-generated from wiki timeline; curate analogue and prerequisites
star_catalogue,invsrc_0123,Timeline of historic inventions.wiki:256,Star catalogue,Star catalogue,science,scholarship,iron_age,-1100,-1100,-1100,1,0.38,0.52,0.181,,active,auto-generated from wiki timeline; curate analogue and prerequisites
saddle,invsrc_0124,Timeline of historic inventions.wiki:261,Saddle,Saddle,craft,toolmaking,iron_age,-700,-700,-700,65,0.55,0.44,0.384,,active,auto-generated from wiki timeline; curate analogue and prerequisites
waterproof_concrete_in_use_by_the_assyrians,invsrc_0126,Timeline of historic inventions.wiki:266,"Waterproof concrete in use, by the Assyrians","Waterproof concrete in use, by the Assyrians",material,materials,iron_age,-688,-688,-688,16,0.45,0.44,0.352,,active,auto-generated from wiki timeline; curate analogue and prerequisites
crossbow,invsrc_0127,Timeline of historic inventions.wiki:267,Crossbow,Crossbow weapon,military,warfare,iron_age,-650,-650,-650,5,0.34,0.52,0.174,,active,auto-generated from wiki timeline; curate analogue and prerequisites
library_of_ashurbanipal,invsrc_0125,Timeline of historic inventions.wiki:262,Library of Ashurbanipal,Library of Ashurbanipal,craft,toolmaking,iron_age,-650,-700,-601,66,0.55,0.44,0.384,,active,auto-generated from wiki timeline; curate analogue and prerequisites
coins,invsrc_0128,Timeline of historic inventions.wiki:268,Coins,Coins,administration,accounting,iron_age,-600,-600,-600,2,0.63,0.44,0.41,,active,auto-generated from wiki timeline; curate analogue and prerequisites
crank_motion,invsrc_0135,Timeline of historic inventions.wiki:277,Crank motion,Crank motion,transport,transport,iron_age,-550,-600,-501,5,0.48,0.44,0.362,,active,auto-generated from wiki timeline; curate analogue and prerequisites
high_carbon_steel_produced,invsrc_0130,Timeline of historic inventions.wiki:271,"High Carbon Steel, produced","High Carbon Steel, produced",material,materials,iron_age,-550,-600,-501,17,0.45,0.44,0.352,,active,auto-generated from wiki timeline; curate analogue and prerequisites
wagonway,invsrc_0129,Timeline of historic inventions.wiki:269,Wagonway,Wagonway,craft,toolmaking,iron_age,-550,-600,-501,67,0.55,0.44,0.384,,active,auto-generated from wiki timeline; curate analogue and prerequisites
lighthouse,invsrc_0137,Timeline of historic inventions.wiki:279,Lighthouse,Lighthouse,craft,toolmaking,classical,-500,-500,-500,68,0.55,0.5,0.384,,active,auto-generated from wiki timeline; curate analogue and prerequisites
catapult,invsrc_0139,Timeline of historic inventions.wiki:284,Catapult,Catapult,craft,toolmaking,classical,-485,-485,-485,69,0.55,0.5,0.384,,active,auto-generated from wiki timeline; curate analogue and prerequisites
scythed_chariot,invsrc_0140,Timeline of historic inventions.wiki:285,Scythed chariot,Scythed chariot,craft,toolmaking,classical,-485,-485,-485,70,0.55,0.5,0.384,,active,auto-generated from wiki timeline; curate analogue and prerequisites
spiral_stairs,invsrc_0142,Timeline of historic inventions.wiki:287,Spiral stairs,Spiral stairs,craft,toolmaking,classical,-480,-480,-480,71,0.55,0.5,0.384,,active,auto-generated from wiki timeline; curate analogue and prerequisites
cast_iron,invsrc_0141,Timeline of historic inventions.wiki:286,Cast iron,Cast iron,material,materials,classical,-450,-500,-401,18,0.45,0.5,0.352,,active,auto-generated from wiki timeline; curate analogue and prerequisites
loan_deeds,invsrc_0136,Timeline of historic inventions.wiki:278,Loan deeds,Loan deeds,craft,toolmaking,classical,-450,-500,-401,72,0.55,0.5,0.384,,active,auto-generated from wiki timeline; curate analogue and prerequisites
wheelbarrow,invsrc_0143,Timeline of historic inventions.wiki:288,Wheelbarrow,Wheelbarrow weapon,military,warfare,classical,-407,-407,-407,6,0.34,0.58,0.174,,active,auto-generated from wiki timeline; curate analogue and prerequisites
camera_obscura_described,invsrc_0144,Timeline of historic inventions.wiki:289,Camera obscura described,Camera obscura described,domestic,household,classical,-400,-400,-400,8,0.7,0.46,0.432,,active,auto-generated from wiki timeline; curate analogue and prerequisites
animal_driven_rotary_mill,invsrc_0150,Timeline of historic inventions.wiki:298,Animal-driven rotary mill,Animal-driven rotary mill,transport,transport,classical,-362,-375,-350,6,0.48,0.5,0.362,,active,auto-generated from wiki timeline; curate analogue and prerequisites
0,invsrc_0145,Timeline of historic inventions.wiki:293,0,0,craft,toolmaking,classical,-350,-400,-300,73,0.55,0.5,0.384,,active,auto-generated from wiki timeline; curate analogue and prerequisites
cheque,invsrc_0152,Timeline of historic inventions.wiki:300,Cheque,Cheque,craft,toolmaking,classical,-350,-400,-301,74,0.55,0.5,0.384,,active,auto-generated from wiki timeline; curate analogue and prerequisites
corporations,invsrc_0151,Timeline of historic inventions.wiki:299,Corporations,Corporations,craft,toolmaking,classical,-350,-400,-301,75,0.55,0.5,0.384,,active,auto-generated from wiki timeline; curate analogue and prerequisites
formal_systems,invsrc_0153,Timeline of historic inventions.wiki:301,Formal systems,Formal systems,craft,toolmaking,classical,-350,-400,-301,76,0.55,0.5,0.384,,active,auto-generated from wiki timeline; curate analogue and prerequisites
gears,invsrc_0147,Timeline of historic inventions.wiki:295,Gears,Gears,craft,toolmaking,classical,-350,-400,-301,77,0.55,0.5,0.384,,active,auto-generated from wiki timeline; curate analogue and prerequisites
nailed_horseshoe_with_4_bronze_shoes_found,invsrc_0149,Timeline of historic inventions.wiki:297,"Nailed horseshoe, with 4 bronze shoes found","Nailed horseshoe, with 4 bronze shoes found",material,materials,classical,-350,-400,-301,19,0.45,0.5,0.352,,active,auto-generated from wiki timeline; curate analogue and prerequisites
reed_pen,invsrc_0148,Timeline of historic inventions.wiki:296,Reed pen,Reed pen,craft,toolmaking,classical,-350,-400,-301,78,0.55,0.5,0.384,,active,auto-generated from wiki timeline; curate analogue and prerequisites
toe_stirrup_depicted,invsrc_0138,Timeline of historic inventions.wiki:283,"Toe stirrup, depicted","Toe stirrup, depicted",culture,art,classical,-350,-500,-200,11,0.62,0.46,0.406,,active,auto-generated from wiki timeline; curate analogue and prerequisites
traction_trebuchet,invsrc_0146,Timeline of historic inventions.wiki:294,Traction trebuchet,Traction trebuchet,craft,toolmaking,classical,-350,-400,-301,79,0.55,0.5,0.384,,active,auto-generated from wiki timeline; curate analogue and prerequisites
analog_computers,invsrc_0155,Timeline of historic inventions.wiki:306,Analog computers,Analog computers,computing,computation,classical,-250,-300,-201,1,0.3,0.58,0.167,,active,auto-generated from wiki timeline; curate analogue and prerequisites
archimedes_screw,invsrc_0156,Timeline of historic inventions.wiki:307,Archimedes' screw,Archimedes' screw,agriculture,agriculture,classical,-250,-300,-201,10,0.72,0.46,0.438,,active,auto-generated from wiki timeline; curate analogue and prerequisites
blast_furnace,invsrc_0162,Timeline of historic inventions.wiki:313,Blast furnace,Blast furnace,maritime,navigation,classical,-250,-300,-201,4,0.55,0.5,0.384,,active,auto-generated from wiki timeline; curate analogue and prerequisites
cam_during_the_hellenistic_period_used,invsrc_0158,Timeline of historic inventions.wiki:309,"Cam during the Hellenistic period, used","Cam during the Hellenistic period, used",craft,toolmaking,classical,-250,-300,-201,80,0.55,0.5,0.384,,active,auto-generated from wiki timeline; curate analogue and prerequisites
canal_lock,invsrc_0157,Timeline of historic inventions.wiki:308,Canal lock,Canal lock,craft,toolmaking,classical,-250,-300,-201,81,0.55,0.5,0.384,,active,auto-generated from wiki timeline; curate analogue and prerequisites
dry_dock_under_ptolemy_iv,invsrc_0161,Timeline of historic inventions.wiki:312,Dry dock under Ptolemy IV,Dry dock under Ptolemy IV,craft,toolmaking,classical,-250,-300,-201,82,0.55,0.5,0.384,,active,auto-generated from wiki timeline; curate analogue and prerequisites
gimbal_described,invsrc_0160,Timeline of historic inventions.wiki:311,Gimbal described,Gimbal described,domestic,household,classical,-250,-300,-201,9,0.7,0.46,0.432,,active,auto-generated from wiki timeline; curate analogue and prerequisites
water_wheel,invsrc_0159,Timeline of historic inventions.wiki:310,Water wheel,Water wheel,transport,transport,classical,-250,-300,-201,7,0.48,0.5,0.362,,active,auto-generated from wiki timeline; curate analogue and prerequisites
zinc_mining,invsrc_0154,Timeline of historic inventions.wiki:302,Zinc mining,Zinc mining,material,materials,classical,-250,-300,-201,20,0.45,0.5,0.352,,active,auto-generated from wiki timeline; curate analogue and prerequisites
compass,invsrc_0164,Timeline of historic inventions.wiki:319,Compass,Compass,maritime,navigation,classical,-206,-206,-206,5,0.55,0.5,0.384,,active,auto-generated from wiki timeline; curate analogue and prerequisites
astrolabe_invented,invsrc_0165,Timeline of historic inventions.wiki:320,Astrolabe invented,Astrolabe invented,craft,toolmaking,classical,-150,-200,-101,83,0.55,0.5,0.384,,active,auto-generated from wiki timeline; curate analogue and prerequisites
paper,invsrc_0163,Timeline of historic inventions.wiki:318,Paper,Paper,communication,writing,classical,-150,-200,-101,4,0.71,0.5,0.435,,active,auto-generated from wiki timeline; curate analogue and prerequisites
arch_dam,invsrc_0168,Timeline of historic inventions.wiki:325,Arch dam,Arch dam,craft,toolmaking,classical,-50,-100,-1,84,0.55,0.5,0.384,,active,auto-generated from wiki timeline; curate analogue and prerequisites
news_bulletin_during_the_reign_of_julius_caesar,invsrc_0167,Timeline of historic inventions.wiki:324,News bulletin during the reign of Julius Caesar,News bulletin during the reign of Julius Caesar,communication,writing,classical,-50,-100,-1,5,0.71,0.5,0.435,,active,auto-generated from wiki timeline; curate analogue and prerequisites
segmental_arch_bridge,invsrc_0166,Timeline of historic inventions.wiki:323,Segmental arch bridge,Segmental arch bridge,culture,art,classical,-50,-100,-1,12,0.62,0.46,0.406,,active,auto-generated from wiki timeline; curate analogue and prerequisites
trip_hammer,invsrc_0169,Timeline of historic inventions.wiki:326,Trip hammer,Trip hammer,craft,toolmaking,classical,-40,-40,-40,85,0.55,0.5,0.384,,active,auto-generated from wiki timeline; curate analogue and prerequisites
glass_blowing_developed,invsrc_0170,Timeline of historic inventions.wiki:327,Glass blowing developed,Glass blowing developed,material,materials,classical,-26,-37,-14,21,0.45,0.5,0.352,,active,auto-generated from wiki timeline; curate analogue and prerequisites
noodle,invsrc_0172,Timeline of historic inventions.wiki:329,Noodle,Noodle,craft,toolmaking,classical,-25,-25,-25,86,0.55,0.5,0.384,,active,auto-generated from wiki timeline; curate analogue and prerequisites
reverse_overshot_water_wheel,invsrc_0171,Timeline of historic inventions.wiki:328,Reverse overshot water wheel,Reverse overshot water wheel,transport,transport,classical,-25,-25,-25,8,0.48,0.5,0.362,,active,auto-generated from wiki timeline; curate analogue and prerequisites
aeolipile_a_simple_steam_turbine_is_recorded,invsrc_0173,Timeline of historic inventions.wiki:332,"Aeolipile, a simple steam turbine is recorded","Aeolipile, a simple steam turbine is recorded",energy,power,classical,50,1,100,1,0.42,0.58,0.188,,active,auto-generated from wiki timeline; curate analogue and prerequisites
surviving_wine,invsrc_0175,Timeline of historic inventions.wiki:334,Surviving wine,Surviving wine,craft,toolmaking,classical,50,1,100,87,0.55,0.5,0.384,,active,auto-generated from wiki timeline; curate analogue and prerequisites
use_of_respiratory_protective_equipment_is_documented,invsrc_0174,Timeline of historic inventions.wiki:333,Use of respiratory protective equipment is documented,Use of respiratory protective equipment is documented,material,materials,classical,50,1,100,22,0.45,0.5,0.352,,active,auto-generated from wiki timeline; curate analogue and prerequisites
vending_machines_invented,invsrc_0176,Timeline of historic inventions.wiki:335,Vending machines invented,Vending machines invented,craft,toolmaking,classical,50,1,100,88,0.55,0.5,0.384,,active,auto-generated from wiki timeline; curate analogue and prerequisites
seismometer,invsrc_0177,Timeline of historic inventions.wiki:339,Seismometer,Seismometer,material,materials,classical,132,132,132,23,0.45,0.5,0.352,,active,auto-generated from wiki timeline; curate analogue and prerequisites
carding,invsrc_0178,Timeline of historic inventions.wiki:340,Carding,Carding,craft,toolmaking,classical,150,101,200,89,0.55,0.5,0.384,,active,auto-generated from wiki timeline; curate analogue and prerequisites
crystallized_sugar,invsrc_0179,Timeline of historic inventions.wiki:344,Crystallized sugar,Crystallized sugar,craft,toolmaking,classical,250,201,300,90,0.55,0.5,0.384,,active,auto-generated from wiki timeline; curate analogue and prerequisites
water_turbine,invsrc_0181,Timeline of historic inventions.wiki:346,Water turbine,Water turbine,craft,toolmaking,classical,250,201,300,91,0.55,0.5,0.384,,active,auto-generated from wiki timeline; curate analogue and prerequisites
woodblock_printing,invsrc_0180,Timeline of historic inventions.wiki:345,Woodblock printing,Woodblock printing,communication,writing,classical,250,201,300,6,0.71,0.5,0.435,,active,auto-generated from wiki timeline; curate analogue and prerequisites
oil_well,invsrc_0186,Timeline of historic inventions.wiki:361,Oil Well,Oil Well,domestic,household,classical,347,347,347,10,0.7,0.46,0.432,,active,auto-generated from wiki timeline; curate analogue and prerequisites
dichroic_glass,invsrc_0183,Timeline of historic inventions.wiki:351,Dichroic glass,Dichroic glass,material,materials,classical,350,301,400,24,0.45,0.5,0.352,,active,auto-generated from wiki timeline; curate analogue and prerequisites
fishing_reel,invsrc_0185,Timeline of historic inventions.wiki:360,Fishing reel,Fishing reel,craft,toolmaking,classical,350,301,400,92,0.55,0.5,0.384,,active,auto-generated from wiki timeline; curate analogue and prerequisites
simple_suspension_bridge,invsrc_0184,Timeline of historic inventions.wiki:352,Simple suspension bridge,Simple suspension bridge,material,materials,classical,350,301,400,25,0.45,0.5,0.352,,active,auto-generated from wiki timeline; curate analogue and prerequisites
iron_pillar_of_delhi,invsrc_0187,Timeline of historic inventions.wiki:366,Iron pillar of Delhi,Iron pillar of Delhi,material,materials,classical,400,400,400,26,0.45,0.5,0.352,,active,auto-generated from wiki timeline; curate analogue and prerequisites
chaturanga_a_precursor_of_chess_was_invented,invsrc_0182,Timeline of historic inventions.wiki:350,"Chaturanga, a precursor of Chess was invented","Chaturanga, a precursor of Chess was invented",craft,toolmaking,classical,415,280,550,93,0.55,0.5,0.384,,active,auto-generated from wiki timeline; curate analogue and prerequisites
horse_collar,invsrc_0188,Timeline of historic inventions.wiki:368,Horse collar,Horse collar,culture,art,classical,450,401,500,13,0.62,0.46,0.406,,active,auto-generated from wiki timeline; curate analogue and prerequisites
pointed_arch_bridge,invsrc_0189,Timeline of historic inventions.wiki:369,Pointed arch bridge,Pointed arch bridge,craft,toolmaking,classical,450,401,500,94,0.55,0.5,0.384,,active,auto-generated from wiki timeline; curate analogue and prerequisites
charkha_invented,invsrc_0191,Timeline of historic inventions.wiki:374,Charkha invented,Charkha invented,transport,transport,medieval,500,500,500,9,0.48,0.56,0.362,,active,auto-generated from wiki timeline; curate analogue and prerequisites
construct_prosthetic_limbs,invsrc_0133,Timeline of historic inventions.wiki:275,Construct Prosthetic limbs,Construct Prosthetic limbs,medicine,medicine,medieval,550,501,600,3,0.52,0.56,0.374,,active,auto-generated from wiki timeline; curate analogue and prerequisites
incense_clock,invsrc_0190,Timeline of historic inventions.wiki:373,Incense clock,Incense clock,craft,toolmaking,medieval,550,501,600,95,0.55,0.56,0.384,,active,auto-generated from wiki timeline; curate analogue and prerequisites
perform_caesarean_section,invsrc_0132,Timeline of historic inventions.wiki:274,Perform Caesarean section,Perform Caesarean section,medicine,medicine,medieval,550,501,600,4,0.52,0.56,0.374,,active,auto-generated from wiki timeline; curate analogue and prerequisites
perform_cataract_surgery,invsrc_0131,Timeline of historic inventions.wiki:273,Perform cataract surgery,Perform cataract surgery,medicine,medicine,medieval,550,501,600,5,0.52,0.56,0.374,,active,auto-generated from wiki timeline; curate analogue and prerequisites
plastic_surgery,invsrc_0134,Timeline of historic inventions.wiki:276,Plastic surgery,Plastic surgery,medicine,medicine,medieval,550,501,600,6,0.52,0.56,0.374,,active,auto-generated from wiki timeline; curate analogue and prerequisites
pendentive_dome,invsrc_0192,Timeline of historic inventions.wiki:375,Pendentive dome,Pendentive dome,craft,toolmaking,medieval,563,563,563,96,0.55,0.56,0.384,,active,auto-generated from wiki timeline; curate analogue and prerequisites
sulfur_matches_exist,invsrc_0193,Timeline of historic inventions.wiki:376,Sulfur matches exist,Sulfur matches exist,craft,toolmaking,medieval,577,577,577,97,0.55,0.56,0.384,,active,auto-generated from wiki timeline; curate analogue and prerequisites
toilet_paper,invsrc_0194,Timeline of historic inventions.wiki:377,Toilet paper,Toilet paper,communication,writing,medieval,589,589,589,7,0.71,0.56,0.435,,active,auto-generated from wiki timeline; curate analogue and prerequisites
toothbrush,invsrc_0195,Timeline of historic inventions.wiki:381,Toothbrush,Toothbrush,craft,toolmaking,medieval,619,619,619,98,0.55,0.56,0.384,,active,auto-generated from wiki timeline; curate analogue and prerequisites
banknote,invsrc_0197,Timeline of historic inventions.wiki:383,Banknote,Banknote,administration,accounting,medieval,650,601,700,3,0.63,0.56,0.41,,active,auto-generated from wiki timeline; curate analogue and prerequisites
porcelain,invsrc_0198,Timeline of historic inventions.wiki:384,Porcelain,Porcelain,craft,toolmaking,medieval,650,601,700,99,0.55,0.56,0.384,,active,auto-generated from wiki timeline; curate analogue and prerequisites
greek_fire,invsrc_0196,Timeline of historic inventions.wiki:382,Greek fire,Greek fire weapon,military,warfare,medieval,672,672,672,7,0.34,0.64,0.174,,active,auto-generated from wiki timeline; curate analogue and prerequisites
gunpowder,invsrc_0199,Timeline of historic inventions.wiki:392,Gunpowder,Gunpowder weapon,military,warfare,medieval,850,801,900,8,0.34,0.64,0.174,,active,auto-generated from wiki timeline; curate analogue and prerequisites
playing_card,invsrc_0200,Timeline of historic inventions.wiki:393,Playing card,Playing card,craft,toolmaking,medieval,850,801,900,100,0.55,0.56,0.384,,active,auto-generated from wiki timeline; curate analogue and prerequisites
fire_lance,invsrc_0201,Timeline of historic inventions.wiki:397,Fire lance,Fire lance weapon,military,warfare,medieval,950,901,1000,9,0.34,0.64,0.174,,active,auto-generated from wiki timeline; curate analogue and prerequisites
fireworks,invsrc_0202,Timeline of historic inventions.wiki:398,Fireworks,Fireworks weapon,military,warfare,medieval,950,901,1000,10,0.34,0.64,0.174,,active,auto-generated from wiki timeline; curate analogue and prerequisites
fountain_pen,invsrc_0203,Timeline of historic inventions.wiki:399,Fountain pen,Fountain pen,craft,toolmaking,medieval,974,974,974,101,0.55,0.56,0.384,,active,auto-generated from wiki timeline; curate analogue and prerequisites
calico_was_developed,invsrc_0206,Timeline of historic inventions.wiki:405,Calico was developed,Calico was developed,craft,toolmaking,medieval,1050,1001,1100,102,0.55,0.56,0.216,,active,auto-generated from wiki timeline; curate analogue and prerequisites
early_versions_of_the_bessemer_process_are_developed,invsrc_0204,Timeline of historic inventions.wiki:403,Early versions of the Bessemer process are developed,Early versions of the Bessemer process are developed,craft,toolmaking,medieval,1050,1001,1100,103,0.55,0.56,0.216,,active,auto-generated from wiki timeline; curate analogue and prerequisites
endless_power_transmitting_chain_drive,invsrc_0205,Timeline of historic inventions.wiki:404,Endless power-transmitting chain drive,Endless power-transmitting chain drive,energy,power,medieval,1050,1001,1100,2,0.42,0.64,0.106,,active,auto-generated from wiki timeline; curate analogue and prerequisites
movable_type,invsrc_0207,Timeline of historic inventions.wiki:406,Movable type,Movable type,craft,toolmaking,medieval,1088,1088,1088,104,0.55,0.56,0.216,,active,auto-generated from wiki timeline; curate analogue and prerequisites
bomb,invsrc_0211,Timeline of historic inventions.wiki:416,Bomb,Bomb weapon,military,warfare,medieval,1250,1201,1300,11,0.34,0.64,0.098,,active,auto-generated from wiki timeline; curate analogue and prerequisites
button,invsrc_0210,Timeline of historic inventions.wiki:415,Button,Button,craft,toolmaking,medieval,1250,1201,1300,105,0.55,0.56,0.216,,active,auto-generated from wiki timeline; curate analogue and prerequisites
double_entry_bookkeeping,invsrc_0214,Timeline of historic inventions.wiki:419,Double-entry bookkeeping,Double-entry bookkeeping,communication,writing,medieval,1250,1201,1300,8,0.71,0.56,0.245,,active,auto-generated from wiki timeline; curate analogue and prerequisites
form_of_mechanical_escapement_the_verge_escapement,invsrc_0209,Timeline of historic inventions.wiki:414,"Form of mechanical escapement, the verge escapement","Form of mechanical escapement, the verge escapement",craft,toolmaking,medieval,1250,1201,1300,106,0.55,0.56,0.216,,active,auto-generated from wiki timeline; curate analogue and prerequisites
hand_cannon,invsrc_0212,Timeline of historic inventions.wiki:417,Hand cannon,Hand cannon weapon,military,warfare,medieval,1250,1201,1300,12,0.34,0.64,0.098,,active,auto-generated from wiki timeline; curate analogue and prerequisites
rocket,invsrc_0208,Timeline of historic inventions.wiki:413,Rocket,Rocket,craft,toolmaking,medieval,1250,1201,1300,107,0.55,0.56,0.216,,active,auto-generated from wiki timeline; curate analogue and prerequisites
snow_goggles,invsrc_0213,Timeline of historic inventions.wiki:418,Snow goggles,Snow goggles,material,materials,medieval,1250,1201,1300,27,0.45,0.56,0.198,,active,auto-generated from wiki timeline; curate analogue and prerequisites
worm_gear_cotton_gin,invsrc_0215,Timeline of historic inventions.wiki:420,Worm gear cotton gin,Worm gear cotton gin,craft,toolmaking,medieval,1250,1201,1300,108,0.55,0.56,0.216,,active,auto-generated from wiki timeline; curate analogue and prerequisites
land_mine,invsrc_0216,Timeline of historic inventions.wiki:421,Land mine,Land mine,material,materials,medieval,1277,1277,1277,28,0.45,0.56,0.198,,active,auto-generated from wiki timeline; curate analogue and prerequisites
eyeglasses,invsrc_0217,Timeline of historic inventions.wiki:422,Eyeglasses,Eyeglasses,material,materials,medieval,1286,1286,1286,29,0.45,0.56,0.198,,active,auto-generated from wiki timeline; curate analogue and prerequisites
bidriware,invsrc_0222,Timeline of historic inventions.wiki:430,Bidriware,Bidriware,craft,toolmaking,medieval,1350,1301,1400,109,0.55,0.56,0.216,,active,auto-generated from wiki timeline; curate analogue and prerequisites
huolongchushui,invsrc_0218,Timeline of historic inventions.wiki:425,Huolongchushui,Huolongchushui,domestic,household,medieval,1350,1301,1400,11,0.7,0.52,0.243,,active,auto-generated from wiki timeline; curate analogue and prerequisites
jacob_s_staff_described,invsrc_0220,Timeline of historic inventions.wiki:428,Jacob's staff described,Jacob's staff described,domestic,household,medieval,1350,1301,1400,12,0.7,0.52,0.243,,active,auto-generated from wiki timeline; curate analogue and prerequisites
naval_mine,invsrc_0221,Timeline of historic inventions.wiki:429,Naval mine,Naval mine,material,materials,medieval,1350,1301,1400,30,0.45,0.56,0.198,,active,auto-generated from wiki timeline; curate analogue and prerequisites
painting_canvas_was_first_used,invsrc_0219,Timeline of historic inventions.wiki:427,Painting Canvas was first used,Painting Canvas was first used,culture,art,medieval,1350,1301,1400,14,0.62,0.52,0.229,,active,auto-generated from wiki timeline; curate analogue and prerequisites
handgun,invsrc_0223,Timeline of historic inventions.wiki:431,Handgun,Handgun weapon,military,warfare,medieval,1364,1364,1364,13,0.34,0.64,0.098,,active,auto-generated from wiki timeline; curate analogue and prerequisites
brace,invsrc_0226,Timeline of historic inventions.wiki:447,Brace,Brace,craft,toolmaking,medieval,1420,1420,1420,110,0.55,0.56,0.216,,active,auto-generated from wiki timeline; curate analogue and prerequisites
printing_press,invsrc_0227,Timeline of historic inventions.wiki:448,Printing press,Printing press,communication,writing,medieval,1439,1439,1439,9,0.71,0.56,0.245,,active,auto-generated from wiki timeline; curate analogue and prerequisites
arquebus_is_invented_possibly,invsrc_0228,Timeline of historic inventions.wiki:449,"Arquebus is invented, possibly","Arquebus is invented, possibly",craft,toolmaking,medieval,1450,1401,1500,111,0.55,0.56,0.216,,active,auto-generated from wiki timeline; curate analogue and prerequisites
coil_spring,invsrc_0224,Timeline of historic inventions.wiki:436,Coil spring,Coil spring,craft,toolmaking,medieval,1450,1401,1500,112,0.55,0.56,0.216,,active,auto-generated from wiki timeline; curate analogue and prerequisites
mainspring,invsrc_0225,Timeline of historic inventions.wiki:446,Mainspring,Mainspring,craft,toolmaking,medieval,1450,1401,1500,113,0.55,0.56,0.216,,active,auto-generated from wiki timeline; curate analogue and prerequisites
large_scale_use_of_liquation_for_separating_silver,invsrc_0229,Timeline of historic inventions.wiki:450,Large scale use of Liquation for separating silver,Large scale use of Liquation for separating silver,material,materials,medieval,1453,1453,1453,31,0.45,0.56,0.198,,active,auto-generated from wiki timeline; curate analogue and prerequisites
mariner_s_astrolabe,invsrc_0230,Timeline of historic inventions.wiki:451,Mariner's astrolabe,Mariner's astrolabe,maritime,navigation,medieval,1480,1480,1480,6,0.55,0.56,0.216,,active,auto-generated from wiki timeline; curate analogue and prerequisites
rifling_is_first_used,invsrc_0233,Timeline of historic inventions.wiki:457,Rifling is first used,Rifling is first used,craft,toolmaking,early_modern,1540,1540,1540,114,0.55,0.64,0.216,,active,auto-generated from wiki timeline; curate analogue and prerequisites
chintz_or_printed_clothing,invsrc_0231,Timeline of historic inventions.wiki:455,Chintz or printed clothing,Chintz or printed clothing,craft,craft,early_modern,1550,1501,1600,115,0.55,0.64,0.216,,active,auto-generated from wiki timeline; curate analogue and prerequisites
hookah,invsrc_0232,Timeline of historic inventions.wiki:456,Hookah,Hookah,craft,toolmaking,early_modern,1550,1501,1600,116,0.55,0.64,0.216,,active,auto-generated from wiki timeline; curate analogue and prerequisites
floating_dry_dock,invsrc_0234,Timeline of historic inventions.wiki:458,Floating dry dock,Floating dry dock,craft,toolmaking,early_modern,1560,1560,1560,117,0.55,0.64,0.216,,active,auto-generated from wiki timeline; curate analogue and prerequisites
mercator_projection_map_created,invsrc_0235,Timeline of historic inventions.wiki:459,Mercator Projection map created,Mercator Projection map created,craft,toolmaking,early_modern,1569,1569,1569,118,0.55,0.64,0.216,,active,auto-generated from wiki timeline; curate analogue and prerequisites
stocking_frame_invented,invsrc_0236,Timeline of historic inventions.wiki:460,Stocking frame: Invented,Stocking frame: Invented,craft,toolmaking,early_modern,1589,1589,1589,119,0.55,0.64,0.216,,active,auto-generated from wiki timeline; curate analogue and prerequisites
backstaff_invented,invsrc_0237,Timeline of historic inventions.wiki:461,Backstaff: Invented,Backstaff: Invented,craft,toolmaking,early_modern,1594,1594,1594,120,0.55,0.64,0.216,,active,auto-generated from wiki timeline; curate analogue and prerequisites
newspaper_johann_carolus,invsrc_0238,Timeline of historic inventions.wiki:465,Newspaper : Johann Carolus,Newspaper : Johann Carolus,communication,writing,early_modern,1605,1605,1605,10,0.71,0.64,0.245,,active,auto-generated from wiki timeline; curate analogue and prerequisites
telescope_patent_applied_for_by_hans_lippershey,invsrc_0239,Timeline of historic inventions.wiki:466,Telescope: Patent applied for by Hans Lippershey,Telescope: Patent applied for by Hans Lippershey,science,scholarship,early_modern,1608,1608,1608,2,0.38,0.72,0.102,,active,auto-generated from wiki timeline; curate analogue and prerequisites
optical_microscope,invsrc_0240,Timeline of historic inventions.wiki:467,Optical microscope,Optical microscope,science,scholarship,early_modern,1620,1620,1620,3,0.38,0.72,0.102,,active,auto-generated from wiki timeline; curate analogue and prerequisites
slide_rule_invented,invsrc_0241,Timeline of historic inventions.wiki:468,Slide rule: invented,Slide rule: invented,craft,toolmaking,early_modern,1630,1630,1630,121,0.55,0.64,0.216,,active,auto-generated from wiki timeline; curate analogue and prerequisites
use_of_the_flintlock,invsrc_0242,Timeline of historic inventions.wiki:469,Use of the flintlock,Use of the flintlock,craft,toolmaking,early_modern,1630,1630,1630,122,0.55,0.64,0.216,,active,auto-generated from wiki timeline; curate analogue and prerequisites
mechanical_calculator,invsrc_0243,Timeline of historic inventions.wiki:470,Mechanical calculator,Mechanical calculator,craft,toolmaking,early_modern,1642,1642,1642,123,0.55,0.64,0.216,,active,auto-generated from wiki timeline; curate analogue and prerequisites
barometer_invented,invsrc_0244,Timeline of historic inventions.wiki:471,Barometer: invented,Barometer: invented,craft,toolmaking,early_modern,1643,1643,1643,124,0.55,0.64,0.216,,active,auto-generated from wiki timeline; curate analogue and prerequisites
vacuum_pump_invented,invsrc_0245,Timeline of historic inventions.wiki:472,Vacuum pump: Invented,Vacuum pump: Invented,craft,toolmaking,early_modern,1650,1650,1650,125,0.55,0.64,0.216,,active,auto-generated from wiki timeline; curate analogue and prerequisites
pendulum_clock_invented_by_christiaan_huygens,invsrc_0246,Timeline of historic inventions.wiki:473,Pendulum clock: Invented by Christiaan Huygens,Pendulum clock: Invented by Christiaan Huygens,craft,toolmaking,early_modern,1656,1656,1656,126,0.55,0.64,0.216,,active,auto-generated from wiki timeline; curate analogue and prerequisites
functional_reflecting_telescope_constructed,invsrc_0247,Timeline of historic inventions.wiki:474,Functional reflecting telescope constructed,Functional reflecting telescope constructed,science,scholarship,early_modern,1668,1668,1668,4,0.38,0.72,0.102,,active,auto-generated from wiki timeline; curate analogue and prerequisites
pressure_cooker_invented,invsrc_0248,Timeline of historic inventions.wiki:475,Pressure-cooker: Invented,Pressure-cooker: Invented,craft,toolmaking,early_modern,1679,1679,1679,127,0.55,0.64,0.216,,active,auto-generated from wiki timeline; curate analogue and prerequisites
christiaan_huygens,invsrc_0249,Timeline of historic inventions.wiki:476,Christiaan Huygens,Christiaan Huygens,transport,transport,early_modern,1680,1680,1680,10,0.48,0.64,0.203,,active,auto-generated from wiki timeline; curate analogue and prerequisites
thomas_savery,invsrc_0250,Timeline of historic inventions.wiki:477,Thomas Savery,Thomas Savery,material,materials,early_modern,1698,1698,1698,32,0.45,0.64,0.198,,active,auto-generated from wiki timeline; curate analogue and prerequisites
bartolomeo_cristofori,invsrc_0251,Timeline of historic inventions.wiki:480,Bartolomeo Cristofori,Bartolomeo Cristofori,culture,art,early_modern,1709,1709,1709,15,0.62,0.6,0.229,,active,auto-generated from wiki timeline; curate analogue and prerequisites
thomas_newcomen,invsrc_0252,Timeline of historic inventions.wiki:481,Thomas Newcomen,Thomas Newcomen,transport,transport,early_modern,1712,1712,1712,11,0.48,0.64,0.203,,active,auto-generated from wiki timeline; curate analogue and prerequisites
lewis_paul,invsrc_0253,Timeline of historic inventions.wiki:482,Lewis Paul,Lewis Paul,craft,craft,early_modern,1738,1738,1738,128,0.55,0.64,0.216,,active,auto-generated from wiki timeline; curate analogue and prerequisites
pieter_van_musschenbroek,invsrc_0254,Timeline of historic inventions.wiki:483,Pieter van Musschenbroek,Pieter van Musschenbroek,craft,toolmaking,early_modern,1745,1745,1745,129,0.55,0.64,0.216,,active,auto-generated from wiki timeline; curate analogue and prerequisites
john_roebuck,invsrc_0255,Timeline of historic inventions.wiki:484,John Roebuck,John Roebuck,craft,toolmaking,early_modern,1746,1746,1746,130,0.55,0.64,0.216,,active,auto-generated from wiki timeline; curate analogue and prerequisites
william_cullen_invents_the_first_artificial_refrigeration_machine,invsrc_0256,Timeline of historic inventions.wiki:485,William Cullen invents the first artificial refrigeration machine,William Cullen invents the first artificial refrigeration machine,culture,art,industrial,1755,1755,1755,16,0.62,0.7,0.229,,active,auto-generated from wiki timeline; curate analogue and prerequisites
james_hargreaves,invsrc_0257,Timeline of historic inventions.wiki:486,James Hargreaves,James Hargreaves,craft,craft,industrial,1764,1764,1764,131,0.55,0.74,0.216,,active,auto-generated from wiki timeline; curate analogue and prerequisites
nicolas_joseph_cugnot,invsrc_0258,Timeline of historic inventions.wiki:487,Nicolas-Joseph Cugnot,Nicolas-Joseph Cugnot,energy,power,industrial,1769,1769,1769,3,0.42,0.82,0.106,,active,auto-generated from wiki timeline; curate analogue and prerequisites
john_wilkinson_invents_his_boring_machine_considered,invsrc_0259,Timeline of historic inventions.wiki:488,"John Wilkinson invents his boring machine, considered","John Wilkinson invents his boring machine, considered",craft,craft,industrial,1774,1774,1774,132,0.55,0.74,0.216,,active,auto-generated from wiki timeline; curate analogue and prerequisites
jesse_ramsden_invents_the_modern_screw_cutting_lathe,invsrc_0260,Timeline of historic inventions.wiki:489,Jesse Ramsden invents the modern screw-cutting lathe,Jesse Ramsden invents the modern screw-cutting lathe,craft,toolmaking,industrial,1775,1775,1775,133,0.55,0.74,0.216,,active,auto-generated from wiki timeline; curate analogue and prerequisites
john_wilkinson,invsrc_0261,Timeline of historic inventions.wiki:490,John Wilkinson,John Wilkinson,craft,toolmaking,industrial,1776,1776,1776,134,0.55,0.74,0.216,,active,auto-generated from wiki timeline; curate analogue and prerequisites
hyder_ali,invsrc_0262,Timeline of historic inventions.wiki:491,Hyder Ali,Hyder Ali,material,materials,industrial,1780,1780,1780,33,0.45,0.74,0.198,,active,auto-generated from wiki timeline; curate analogue and prerequisites
claude_de_jouffroy_builds_the_first_steamboat,invsrc_0263,Timeline of historic inventions.wiki:492,Claude de Jouffroy builds the first steamboat,Claude de Jouffroy builds the first steamboat,maritime,navigation,industrial,1783,1783,1783,7,0.55,0.74,0.216,,active,auto-generated from wiki timeline; curate analogue and prerequisites
louis_sebastien_lenormand,invsrc_0265,Timeline of historic inventions.wiki:494,Louis-Sébastien Lenormand,Louis-Sébastien Lenormand,craft,toolmaking,industrial,1783,1783,1783,135,0.55,0.74,0.216,,active,auto-generated from wiki timeline; curate analogue and prerequisites
montgolfier_brothers,invsrc_0264,Timeline of historic inventions.wiki:493,Montgolfier brothers,Montgolfier brothers,craft,toolmaking,industrial,1783,1783,1783,136,0.55,0.74,0.216,,active,auto-generated from wiki timeline; curate analogue and prerequisites
martinus_van_marum,invsrc_0266,Timeline of historic inventions.wiki:495,Martinus van Marum,Martinus van Marum,culture,art,industrial,1785,1785,1785,17,0.62,0.7,0.229,,active,auto-generated from wiki timeline; curate analogue and prerequisites
andrew_meikle_invents_the_threshing_machine,invsrc_0267,Timeline of historic inventions.wiki:496,Andrew Meikle invents the threshing machine,Andrew Meikle invents the threshing machine,craft,toolmaking,industrial,1786,1786,1786,137,0.55,0.74,0.216,,active,auto-generated from wiki timeline; curate analogue and prerequisites
edmund_cartwright_invents_the_power_loom,invsrc_0268,Timeline of historic inventions.wiki:497,Edmund Cartwright invents the power loom,Edmund Cartwright invents the power loom,transport,transport,industrial,1789,1789,1789,12,0.48,0.74,0.203,,active,auto-generated from wiki timeline; curate analogue and prerequisites
claude_chappe_invents_the_semaphore_telegraph,invsrc_0269,Timeline of historic inventions.wiki:498,Claude Chappe invents the semaphore telegraph,Claude Chappe invents the semaphore telegraph,communication,writing,industrial,1792,1792,1792,11,0.71,0.74,0.245,,active,auto-generated from wiki timeline; curate analogue and prerequisites
eli_whitney_invents_the_modern_cotton_gin,invsrc_0270,Timeline of historic inventions.wiki:499,Eli Whitney invents the modern cotton gin,Eli Whitney invents the modern cotton gin,craft,toolmaking,industrial,1793,1793,1793,138,0.55,0.74,0.216,,active,auto-generated from wiki timeline; curate analogue and prerequisites
joseph_bramah_invents_the_hydraulic_press,invsrc_0271,Timeline of historic inventions.wiki:500,Joseph Bramah invents the hydraulic press,Joseph Bramah invents the hydraulic press,craft,toolmaking,industrial,1795,1795,1795,139,0.55,0.74,0.216,,active,auto-generated from wiki timeline; curate analogue and prerequisites
alois_senefelder_invents_the_lithography_printing_technique,invsrc_0272,Timeline of historic inventions.wiki:501,Alois Senefelder invents the lithography printing technique,Alois Senefelder invents the lithography printing technique,communication,writing,industrial,1796,1796,1796,12,0.71,0.74,0.245,,active,auto-generated from wiki timeline; curate analogue and prerequisites
edward_jenner,invsrc_0273,Timeline of historic inventions.wiki:502,Edward Jenner,Edward Jenner,medicine,medicine,industrial,1796,1796,1796,7,0.52,0.74,0.211,,active,auto-generated from wiki timeline; curate analogue and prerequisites
paper_machine_is_invented,invsrc_0274,Timeline of historic inventions.wiki:503,Paper machine is invented,Paper machine is invented,communication,writing,industrial,1799,1799,1799,13,0.71,0.74,0.245,,active,auto-generated from wiki timeline; curate analogue and prerequisites
alessandro_volta,invsrc_0275,Timeline of historic inventions.wiki:509,Alessandro Volta,Alessandro Volta,energy,power,industrial,1800,1800,1800,4,0.42,0.82,0.106,,active,auto-generated from wiki timeline; curate analogue and prerequisites
humphry_davy_invents_the_arc_lamp,invsrc_0276,Timeline of historic inventions.wiki:510,Humphry Davy invents the arc lamp,Humphry Davy invents the arc lamp,energy,power,industrial,1802,1802,1802,5,0.42,0.82,0.106,,active,auto-generated from wiki timeline; curate analogue and prerequisites
friedrich_serturner,invsrc_0277,Timeline of historic inventions.wiki:511,Friedrich Sertürner,Friedrich Sertürner,craft,toolmaking,industrial,1804,1804,1804,140,0.55,0.74,0.216,,active,auto-generated from wiki timeline; curate analogue and prerequisites
hanaoka_seishu,invsrc_0280,Timeline of historic inventions.wiki:514,Hanaoka Seishū,Hanaoka Seishū,craft,toolmaking,industrial,1804,1804,1804,141,0.55,0.74,0.216,,active,auto-generated from wiki timeline; curate analogue and prerequisites
joseph_marie_jacquard_develops_his_automated_jacquard_loom,invsrc_0278,Timeline of historic inventions.wiki:512,Joseph Marie Jacquard develops his automated Jacquard loom,Joseph Marie Jacquard develops his automated Jacquard loom,craft,toolmaking,industrial,1804,1804,1804,142,0.55,0.74,0.216,,active,auto-generated from wiki timeline; curate analogue and prerequisites
richard_trevithick_invents_the_steam_locomotive,invsrc_0279,Timeline of historic inventions.wiki:513,Richard Trevithick invents the steam locomotive,Richard Trevithick invents the steam locomotive,energy,power,industrial,1804,1804,1804,6,0.42,0.82,0.106,,active,auto-generated from wiki timeline; curate analogue and prerequisites
francois_isaac_de_rivaz,invsrc_0282,Timeline of historic inventions.wiki:516,François Isaac de Rivaz,François Isaac de Rivaz,transport,transport,industrial,1807,1807,1807,13,0.48,0.74,0.203,,active,auto-generated from wiki timeline; curate analogue and prerequisites
nicephore_niepce,invsrc_0281,Timeline of historic inventions.wiki:515,Nicéphore Niépce,Nicéphore Niépce,transport,transport,industrial,1807,1807,1807,14,0.48,0.74,0.203,,active,auto-generated from wiki timeline; curate analogue and prerequisites
robert_fulton,invsrc_0283,Timeline of historic inventions.wiki:517,Robert Fulton,Robert Fulton,maritime,navigation,industrial,1807,1807,1807,8,0.55,0.74,0.216,,active,auto-generated from wiki timeline; curate analogue and prerequisites
abraham_louis_breguet_creates_the_first_wristwatch,invsrc_0285,Timeline of historic inventions.wiki:522,Abraham-Louis Breguet creates the first wristwatch,Abraham-Louis Breguet creates the first wristwatch,craft,toolmaking,industrial,1810,1810,1810,143,0.55,0.74,0.216,,active,auto-generated from wiki timeline; curate analogue and prerequisites
nicolas_appert_invents_the_canning_process_for_food,invsrc_0284,Timeline of historic inventions.wiki:521,Nicolas Appert invents the canning process for food,Nicolas Appert invents the canning process for food,craft,toolmaking,industrial,1810,1810,1810,144,0.55,0.74,0.216,,active,auto-generated from wiki timeline; curate analogue and prerequisites
friedrich_koenig,invsrc_0286,Timeline of historic inventions.wiki:523,Friedrich Koenig,Friedrich Koenig,communication,writing,industrial,1811,1811,1811,14,0.71,0.74,0.245,,active,auto-generated from wiki timeline; curate analogue and prerequisites
william_reid_clanny,invsrc_0287,Timeline of historic inventions.wiki:524,William Reid Clanny,William Reid Clanny,energy,power,industrial,1812,1812,1812,7,0.42,0.82,0.106,,active,auto-generated from wiki timeline; curate analogue and prerequisites
james_fox,invsrc_0288,Timeline of historic inventions.wiki:525,James Fox,James Fox,craft,toolmaking,industrial,1814,1814,1814,145,0.55,0.74,0.216,,active,auto-generated from wiki timeline; curate analogue and prerequisites
francis_ronalds,invsrc_0290,Timeline of historic inventions.wiki:527,Francis Ronalds,Francis Ronalds,communication,writing,industrial,1816,1816,1816,15,0.71,0.74,0.245,,active,auto-generated from wiki timeline; curate analogue and prerequisites
rene_laennec_invents_the_first_stethoscope,invsrc_0289,Timeline of historic inventions.wiki:526,René Laennec invents the first Stethoscope,René Laennec invents the first Stethoscope,craft,toolmaking,industrial,1816,1816,1816,146,0.55,0.74,0.216,,active,auto-generated from wiki timeline; curate analogue and prerequisites
robert_stirling_invents_the_stirling_engine,invsrc_0291,Timeline of historic inventions.wiki:528,Robert Stirling invents the Stirling engine,Robert Stirling invents the Stirling engine,transport,transport,industrial,1816,1816,1816,15,0.48,0.74,0.203,,active,auto-generated from wiki timeline; curate analogue and prerequisites
karl_von_drais,invsrc_0292,Timeline of historic inventions.wiki:529,Karl von Drais,Karl von Drais,craft,toolmaking,industrial,1817,1817,1817,147,0.55,0.74,0.216,,active,auto-generated from wiki timeline; curate analogue and prerequisites
marc_isambard_brunel_invents_the_tunnelling_shield,invsrc_0293,Timeline of historic inventions.wiki:530,Marc Isambard Brunel invents the tunnelling shield,Marc Isambard Brunel invents the tunnelling shield,craft,toolmaking,industrial,1818,1818,1818,148,0.55,0.74,0.216,,active,auto-generated from wiki timeline; curate analogue and prerequisites
charles_babbage,invsrc_0296,Timeline of historic inventions.wiki:546,Charles Babbage,Charles Babbage,computing,computation,industrial,1822,1822,1822,2,0.3,0.82,0.094,,active,auto-generated from wiki timeline; curate analogue and prerequisites
nicephore_niepce_invents_heliography_the_first_photographic_process,invsrc_0295,Timeline of historic inventions.wiki:545,"Nicéphore Niépce invents Heliography, the first photographic process","Nicéphore Niépce invents Heliography, the first photographic process",craft,toolmaking,industrial,1822,1822,1822,149,0.55,0.74,0.216,,active,auto-generated from wiki timeline; curate analogue and prerequisites
thomas_blanchard_invents_the_pattern_tracing_lathe,invsrc_0294,Timeline of historic inventions.wiki:533,Thomas Blanchard invents the pattern-tracing lathe,Thomas Blanchard invents the pattern-tracing lathe weapon,military,warfare,industrial,1822,1822,1822,14,0.34,0.82,0.098,,active,auto-generated from wiki timeline; curate analogue and prerequisites
johann_wolfgang_dobereiner_invents_the_first_lighter,invsrc_0297,Timeline of historic inventions.wiki:547,Johann Wolfgang Döbereiner invents the first lighter,Johann Wolfgang Döbereiner invents the first lighter,craft,toolmaking,industrial,1823,1823,1823,150,0.55,0.74,0.216,,active,auto-generated from wiki timeline; curate analogue and prerequisites
johann_nikolaus_von_dreyse_invents_the_bolt_action_rifle,invsrc_0298,Timeline of historic inventions.wiki:548,Johann Nikolaus von Dreyse invents the bolt-action rifle,Johann Nikolaus von Dreyse invents the bolt-action rifle weapon,military,warfare,industrial,1824,1824,1824,15,0.34,0.82,0.098,,active,auto-generated from wiki timeline; curate analogue and prerequisites
william_sturgeon_invents_the_electromagnet,invsrc_0299,Timeline of historic inventions.wiki:549,William Sturgeon invents the electromagnet,William Sturgeon invents the electromagnet,craft,toolmaking,industrial,1824,1824,1824,151,0.55,0.74,0.216,,active,auto-generated from wiki timeline; curate analogue and prerequisites
gas_stove,invsrc_0301,Timeline of historic inventions.wiki:551,Gas stove,Gas stove,craft,toolmaking,industrial,1826,1826,1826,152,0.55,0.74,0.216,,active,auto-generated from wiki timeline; curate analogue and prerequisites
john_walker_invents_the_friction_match,invsrc_0300,Timeline of historic inventions.wiki:550,John Walker invents the friction match,John Walker invents the friction match,craft,toolmaking,industrial,1826,1826,1826,153,0.55,0.74,0.216,,active,auto-generated from wiki timeline; curate analogue and prerequisites
anyos_jedlik,invsrc_0304,Timeline of historic inventions.wiki:554,Ányos Jedlik,Ányos Jedlik,craft,toolmaking,industrial,1828,1828,1828,154,0.55,0.74,0.216,,active,auto-generated from wiki timeline; curate analogue and prerequisites
james_beaumont_neilson_develops_the_hot_blast_process,invsrc_0302,Timeline of historic inventions.wiki:552,James Beaumont Neilson develops the hot blast process,James Beaumont Neilson develops the hot blast process,craft,toolmaking,industrial,1828,1828,1828,155,0.55,0.74,0.216,,active,auto-generated from wiki timeline; curate analogue and prerequisites
patrick_bell_invents_the_reaping_machine,invsrc_0303,Timeline of historic inventions.wiki:553,Patrick Bell invents the reaping machine,Patrick Bell invents the reaping machine,craft,toolmaking,industrial,1828,1828,1828,156,0.55,0.74,0.216,,active,auto-generated from wiki timeline; curate analogue and prerequisites
henry_robinson_palmer,invsrc_0307,Timeline of historic inventions.wiki:557,Henry Robinson Palmer,Henry Robinson Palmer,material,materials,industrial,1829,1829,1829,34,0.45,0.74,0.198,,active,auto-generated from wiki timeline; curate analogue and prerequisites
louis_braille,invsrc_0305,Timeline of historic inventions.wiki:555,Louis Braille,Louis Braille,transport,transport,industrial,1829,1829,1829,16,0.48,0.74,0.203,,active,auto-generated from wiki timeline; curate analogue and prerequisites
william_mann_invents_the_compound_air_compressor,invsrc_0306,Timeline of historic inventions.wiki:556,William Mann invents the compound air compressor,William Mann invents the compound air compressor,craft,toolmaking,industrial,1829,1829,1829,157,0.55,0.74,0.216,,active,auto-generated from wiki timeline; curate analogue and prerequisites
edwin_budding_invents_the_lawn_mower,invsrc_0308,Timeline of historic inventions.wiki:560,Edwin Budding invents the lawn mower,Edwin Budding invents the lawn mower,administration,accounting,industrial,1830,1830,1830,4,0.63,0.74,0.23,,active,auto-generated from wiki timeline; curate analogue and prerequisites
michael_faraday_invents_a_method_of_electromagnetic_induction,invsrc_0309,Timeline of historic inventions.wiki:561,Michael Faraday invents a method of electromagnetic induction,Michael Faraday invents a method of electromagnetic induction,energy,power,industrial,1831,1831,1831,8,0.42,0.82,0.106,,active,auto-generated from wiki timeline; curate analogue and prerequisites
charles_babbage_2,invsrc_0310,Timeline of historic inventions.wiki:562,Charles Babbage,Charles Babbage,computing,computation,industrial,1833,1833,1833,3,0.3,0.82,0.094,,active,auto-generated from wiki timeline; curate analogue and prerequisites
moritz_von_jacobi,invsrc_0311,Timeline of historic inventions.wiki:563,Moritz von Jacobi,Moritz von Jacobi,energy,power,industrial,1834,1834,1834,9,0.42,0.82,0.106,,active,auto-generated from wiki timeline; curate analogue and prerequisites
joseph_henry_invents_the_electromechanical_relay,invsrc_0312,Timeline of historic inventions.wiki:564,Joseph Henry invents the electromechanical relay,Joseph Henry invents the electromechanical relay,craft,toolmaking,industrial,1835,1835,1835,158,0.55,0.74,0.216,,active,auto-generated from wiki timeline; curate analogue and prerequisites
samuel_morse_invents_morse_code,invsrc_0313,Timeline of historic inventions.wiki:565,Samuel Morse invents Morse code,Samuel Morse invents Morse code,craft,toolmaking,industrial,1837,1837,1837,159,0.55,0.74,0.216,,active,auto-generated from wiki timeline; curate analogue and prerequisites
moritz_von_jacobi_invents_electrotyping,invsrc_0314,Timeline of historic inventions.wiki:566,Moritz von Jacobi invents electrotyping,Moritz von Jacobi invents electrotyping,craft,toolmaking,industrial,1838,1838,1838,160,0.55,0.74,0.216,,active,auto-generated from wiki timeline; curate analogue and prerequisites
charles_goodyear_invents_vulcanized_rubber,invsrc_0318,Timeline of historic inventions.wiki:570,Charles Goodyear invents vulcanized rubber,Charles Goodyear invents vulcanized rubber,craft,toolmaking,industrial,1839,1839,1839,161,0.55,0.74,0.216,,active,auto-generated from wiki timeline; curate analogue and prerequisites
edmond_becquerel,invsrc_0317,Timeline of historic inventions.wiki:569,Edmond Becquerel,Edmond Becquerel,energy,power,industrial,1839,1839,1839,10,0.42,0.82,0.106,,active,auto-generated from wiki timeline; curate analogue and prerequisites
james_nasmyth_invents_the_steam_hammer,invsrc_0316,Timeline of historic inventions.wiki:568,James Nasmyth invents the steam hammer,James Nasmyth invents the steam hammer,energy,power,industrial,1839,1839,1839,11,0.42,0.82,0.106,,active,auto-generated from wiki timeline; curate analogue and prerequisites
kirkpatrick_macmillan_invents_the_first_bicycle,invsrc_0320,Timeline of historic inventions.wiki:572,Kirkpatrick Macmillan invents the first bicycle,Kirkpatrick Macmillan invents the first bicycle,craft,toolmaking,industrial,1839,1839,1839,162,0.55,0.74,0.216,,active,auto-generated from wiki timeline; curate analogue and prerequisites
louis_daguerre_invents_daguerreotype_photography,invsrc_0319,Timeline of historic inventions.wiki:571,Louis Daguerre invents daguerreotype photography,Louis Daguerre invents daguerreotype photography,craft,toolmaking,industrial,1839,1839,1839,163,0.55,0.74,0.216,,active,auto-generated from wiki timeline; curate analogue and prerequisites
william_otis_invents_the_steam_shovel,invsrc_0315,Timeline of historic inventions.wiki:567,William Otis invents the steam shovel,William Otis invents the steam shovel,energy,power,industrial,1839,1839,1839,12,0.42,0.82,0.106,,active,auto-generated from wiki timeline; curate analogue and prerequisites
john_herschel_invents_the_blueprint,invsrc_0321,Timeline of historic inventions.wiki:576,John Herschel invents the blueprint,John Herschel invents the blueprint,craft,toolmaking,industrial,1840,1840,1840,164,0.55,0.74,0.216,,active,auto-generated from wiki timeline; curate analogue and prerequisites
alexander_bain_devises_a_printing_telegraph,invsrc_0322,Timeline of historic inventions.wiki:577,Alexander Bain devises a printing telegraph,Alexander Bain devises a printing telegraph,communication,writing,industrial,1841,1841,1841,16,0.71,0.74,0.245,,active,auto-generated from wiki timeline; curate analogue and prerequisites
john_bennet_lawes,invsrc_0324,Timeline of historic inventions.wiki:579,John Bennet Lawes,John Bennet Lawes,administration,accounting,industrial,1842,1842,1842,5,0.63,0.74,0.23,,active,auto-generated from wiki timeline; curate analogue and prerequisites
william_robert_grove_invents_the_first_fuel_cell,invsrc_0323,Timeline of historic inventions.wiki:578,William Robert Grove invents the first fuel cell,William Robert Grove invents the first fuel cell,craft,toolmaking,industrial,1842,1842,1842,165,0.55,0.74,0.216,,active,auto-generated from wiki timeline; curate analogue and prerequisites
francis_rynd_invents_the_hypodermic_needle,invsrc_0326,Timeline of historic inventions.wiki:581,Francis Rynd invents the hypodermic needle,Francis Rynd invents the hypodermic needle,craft,toolmaking,industrial,1844,1844,1844,166,0.55,0.74,0.216,,active,auto-generated from wiki timeline; curate analogue and prerequisites
friedrich_gottlob_keller,invsrc_0325,Timeline of historic inventions.wiki:580,Friedrich Gottlob Keller,Friedrich Gottlob Keller,communication,writing,industrial,1844,1844,1844,17,0.71,0.74,0.245,,active,auto-generated from wiki timeline; curate analogue and prerequisites
horace_wells,invsrc_0327,Timeline of historic inventions.wiki:582,Horace Wells,Horace Wells,domestic,household,industrial,1844,1844,1844,13,0.7,0.7,0.243,,active,auto-generated from wiki timeline; curate analogue and prerequisites
isaac_charles_johnson_invents_modern_portland_cement,invsrc_0328,Timeline of historic inventions.wiki:583,Isaac Charles Johnson invents modern Portland cement,Isaac Charles Johnson invents modern Portland cement,material,materials,industrial,1845,1845,1845,35,0.45,0.74,0.198,,active,auto-generated from wiki timeline; curate analogue and prerequisites
elias_howe,invsrc_0330,Timeline of historic inventions.wiki:585,Elias Howe,Elias Howe,craft,toolmaking,industrial,1846,1846,1846,167,0.55,0.74,0.216,,active,auto-generated from wiki timeline; curate analogue and prerequisites
henri_joseph_maus_invents_the_tunnel_boring_machine,invsrc_0329,Timeline of historic inventions.wiki:584,Henri-Joseph Maus invents the tunnel boring machine,Henri-Joseph Maus invents the tunnel boring machine,craft,toolmaking,industrial,1846,1846,1846,168,0.55,0.74,0.216,,active,auto-generated from wiki timeline; curate analogue and prerequisites
ascanio_sobrero,invsrc_0331,Timeline of historic inventions.wiki:586,Ascanio Sobrero,Ascanio Sobrero weapon,military,warfare,industrial,1847,1847,1847,16,0.34,0.82,0.098,,active,auto-generated from wiki timeline; curate analogue and prerequisites
jonathan_j,invsrc_0332,Timeline of historic inventions.wiki:587,Jonathan J,Jonathan J,craft,toolmaking,industrial,1848,1848,1848,169,0.55,0.74,0.216,,active,auto-generated from wiki timeline; curate analogue and prerequisites
linus_yale_sr,invsrc_0333,Timeline of historic inventions.wiki:588,Linus Yale Sr,Linus Yale Sr,craft,toolmaking,industrial,1848,1848,1848,170,0.55,0.74,0.216,,active,auto-generated from wiki timeline; curate analogue and prerequisites
james_b,invsrc_0335,Timeline of historic inventions.wiki:590,James B,James B,craft,toolmaking,industrial,1849,1849,1849,171,0.55,0.74,0.216,,active,auto-generated from wiki timeline; curate analogue and prerequisites
walter_hunt,invsrc_0334,Timeline of historic inventions.wiki:589,Walter Hunt,Walter Hunt weapon,military,warfare,industrial,1849,1849,1849,17,0.34,0.82,0.098,,active,auto-generated from wiki timeline; curate analogue and prerequisites
walter_hunt_invents_the_safety_pin,invsrc_0336,Timeline of historic inventions.wiki:591,Walter Hunt invents the safety pin,Walter Hunt invents the safety pin,craft,toolmaking,industrial,1849,1849,1849,172,0.55,0.74,0.216,,active,auto-generated from wiki timeline; curate analogue and prerequisites
william_armstrong_invents_the_hydraulic_accumulator,invsrc_0337,Timeline of historic inventions.wiki:594,William Armstrong invents the hydraulic accumulator,William Armstrong invents the hydraulic accumulator,craft,toolmaking,industrial,1850,1850,1850,173,0.55,0.74,0.216,,active,auto-generated from wiki timeline; curate analogue and prerequisites
george_jennings,invsrc_0338,Timeline of historic inventions.wiki:595,George Jennings,George Jennings,culture,art,industrial,1851,1851,1851,18,0.62,0.7,0.229,,active,auto-generated from wiki timeline; curate analogue and prerequisites
elisha_otis_invents_the_safety_brake_elevator,invsrc_0340,Timeline of historic inventions.wiki:597,Elisha Otis invents the safety brake elevator,Elisha Otis invents the safety brake elevator,craft,toolmaking,industrial,1852,1852,1852,174,0.55,0.74,0.216,,active,auto-generated from wiki timeline; curate analogue and prerequisites
henri_giffard,invsrc_0341,Timeline of historic inventions.wiki:598,Henri Giffard,Henri Giffard,transport,transport,industrial,1852,1852,1852,17,0.48,0.74,0.203,,active,auto-generated from wiki timeline; curate analogue and prerequisites
robert_bunsen,invsrc_0339,Timeline of historic inventions.wiki:596,Robert Bunsen,Robert Bunsen,craft,toolmaking,industrial,1852,1852,1852,175,0.55,0.74,0.216,,active,auto-generated from wiki timeline; curate analogue and prerequisites
francois_coignet_invents_reinforced_concrete,invsrc_0342,Timeline of historic inventions.wiki:599,François Coignet invents reinforced concrete,François Coignet invents reinforced concrete,material,materials,industrial,1853,1853,1853,36,0.45,0.74,0.198,,active,auto-generated from wiki timeline; curate analogue and prerequisites
henry_bessemer,invsrc_0344,Timeline of historic inventions.wiki:601,Henry Bessemer,Henry Bessemer,material,materials,industrial,1855,1855,1855,37,0.45,0.74,0.198,,active,auto-generated from wiki timeline; curate analogue and prerequisites
james_clerk_maxwell,invsrc_0343,Timeline of historic inventions.wiki:600,James Clerk Maxwell,James Clerk Maxwell,domestic,household,industrial,1855,1855,1855,14,0.7,0.7,0.243,,active,auto-generated from wiki timeline; curate analogue and prerequisites
alexander_parkes,invsrc_0345,Timeline of historic inventions.wiki:602,Alexander Parkes,Alexander Parkes,craft,toolmaking,industrial,1856,1856,1856,176,0.55,0.74,0.216,,active,auto-generated from wiki timeline; curate analogue and prerequisites
james_harrison,invsrc_0346,Timeline of historic inventions.wiki:603,James Harrison,James Harrison,craft,toolmaking,industrial,1856,1856,1856,177,0.55,0.74,0.216,,active,auto-generated from wiki timeline; curate analogue and prerequisites
william_henry_perkin,invsrc_0347,Timeline of historic inventions.wiki:604,William Henry Perkin,William Henry Perkin,craft,toolmaking,industrial,1856,1856,1856,178,0.55,0.74,0.216,,active,auto-generated from wiki timeline; curate analogue and prerequisites
heinrich_geissler_invents_the_geissler_tube,invsrc_0348,Timeline of historic inventions.wiki:605,Heinrich Geissler invents the Geissler tube,Heinrich Geissler invents the Geissler tube,craft,toolmaking,industrial,1857,1857,1857,179,0.55,0.74,0.216,,active,auto-generated from wiki timeline; curate analogue and prerequisites
phonautograph,invsrc_0349,Timeline of historic inventions.wiki:606,Phonautograph,Phonautograph,culture,art,industrial,1857,1857,1857,19,0.62,0.7,0.229,,active,auto-generated from wiki timeline; curate analogue and prerequisites
gaston_plante,invsrc_0350,Timeline of historic inventions.wiki:607,Gaston Planté,Gaston Planté,energy,power,industrial,1859,1859,1859,13,0.42,0.82,0.106,,active,auto-generated from wiki timeline; curate analogue and prerequisites
joseph_swan_produces_carbon_fibers,invsrc_0351,Timeline of historic inventions.wiki:610,Joseph Swan produces carbon fibers,Joseph Swan produces carbon fibers,craft,toolmaking,industrial,1860,1860,1860,180,0.55,0.74,0.216,,active,auto-generated from wiki timeline; curate analogue and prerequisites
richard_jordan_gatling,invsrc_0352,Timeline of historic inventions.wiki:611,Richard Jordan Gatling,Richard Jordan Gatling weapon,military,warfare,industrial,1862,1862,1862,18,0.34,0.82,0.098,,active,auto-generated from wiki timeline; curate analogue and prerequisites
louis_pasteur_invents_the_pasteurization_process,invsrc_0353,Timeline of historic inventions.wiki:612,Louis Pasteur invents the pasteurization process,Louis Pasteur invents the pasteurization process,craft,toolmaking,industrial,1864,1864,1864,181,0.55,0.74,0.216,,active,auto-generated from wiki timeline; curate analogue and prerequisites
carl_wilhelm_siemens,invsrc_0354,Timeline of historic inventions.wiki:613,Carl Wilhelm Siemens,Carl Wilhelm Siemens,material,materials,industrial,1865,1865,1865,38,0.45,0.74,0.198,,active,auto-generated from wiki timeline; curate analogue and prerequisites
alfred_nobel,invsrc_0355,Timeline of historic inventions.wiki:614,Alfred Nobel,Alfred Nobel weapon,military,warfare,industrial,1867,1867,1867,19,0.34,0.82,0.098,,active,auto-generated from wiki timeline; curate analogue and prerequisites
lucien_b,invsrc_0356,Timeline of historic inventions.wiki:615,Lucien B,Lucien B,domestic,household,industrial,1867,1867,1867,15,0.7,0.7,0.243,,active,auto-generated from wiki timeline; curate analogue and prerequisites
polyvinyl_chloride,invsrc_0357,Timeline of historic inventions.wiki:618,Polyvinyl chloride,Polyvinyl chloride,craft,toolmaking,industrial,1872,1872,1872,182,0.55,0.74,0.216,,active,auto-generated from wiki timeline; curate analogue and prerequisites
stainless_steel,invsrc_0358,Timeline of historic inventions.wiki:619,Stainless steel,Stainless steel,material,materials,industrial,1872,1872,1872,39,0.45,0.74,0.198,,active,auto-generated from wiki timeline; curate analogue and prerequisites
frederick_ransome_invents_the_rotary_kiln,invsrc_0359,Timeline of historic inventions.wiki:620,Frederick Ransome invents the rotary kiln,Frederick Ransome invents the rotary kiln,craft,craft,industrial,1873,1873,1873,183,0.55,0.74,0.216,,active,auto-generated from wiki timeline; curate analogue and prerequisites
william_crookes,invsrc_0360,Timeline of historic inventions.wiki:621,William Crookes,William Crookes,communication,writing,industrial,1873,1873,1873,18,0.71,0.74,0.245,,active,auto-generated from wiki timeline; curate analogue and prerequisites
zenobe_gramme,invsrc_0361,Timeline of historic inventions.wiki:622,Zénobe Gramme,Zénobe Gramme,energy,power,industrial,1873,1873,1873,14,0.42,0.82,0.106,,active,auto-generated from wiki timeline; curate analogue and prerequisites
ferdinand_von_zeppelin_invents_the_zeppelin_rigid_airship,invsrc_0363,Timeline of historic inventions.wiki:624,Ferdinand von Zeppelin invents the Zeppelin rigid airship,Ferdinand von Zeppelin invents the Zeppelin rigid airship,maritime,navigation,industrial,1874,1874,1874,9,0.55,0.74,0.216,,active,auto-generated from wiki timeline; curate analogue and prerequisites
gustave_trouve_invents_the_first_metal_detector,invsrc_0362,Timeline of historic inventions.wiki:623,Gustave Trouvé invents the first metal detector,Gustave Trouvé invents the first metal detector,material,materials,industrial,1874,1874,1874,40,0.45,0.74,0.198,,active,auto-generated from wiki timeline; curate analogue and prerequisites
fyodor_pirotsky,invsrc_0364,Timeline of historic inventions.wiki:625,Fyodor Pirotsky,Fyodor Pirotsky,energy,power,industrial,1875,1875,1875,15,0.42,0.82,0.106,,active,auto-generated from wiki timeline; curate analogue and prerequisites
alexander_graham_bell,invsrc_0366,Timeline of historic inventions.wiki:627,Alexander Graham Bell,Alexander Graham Bell,communication,writing,industrial,1876,1876,1876,19,0.71,0.74,0.245,,active,auto-generated from wiki timeline; curate analogue and prerequisites
nicolaus_august_otto_invents_the_four_stroke_cycle,invsrc_0365,Timeline of historic inventions.wiki:626,Nicolaus August Otto invents the four-stroke cycle,Nicolaus August Otto invents the four-stroke cycle,craft,toolmaking,industrial,1876,1876,1876,184,0.55,0.74,0.216,,active,auto-generated from wiki timeline; curate analogue and prerequisites
thomas_edison_invents_the_first_working_phonograph,invsrc_0367,Timeline of historic inventions.wiki:628,Thomas Edison invents the first working phonograph,Thomas Edison invents the first working phonograph,craft,toolmaking,industrial,1877,1877,1877,185,0.55,0.74,0.216,,active,auto-generated from wiki timeline; curate analogue and prerequisites
henry_fleuss,invsrc_0368,Timeline of historic inventions.wiki:629,Henry Fleuss,Henry Fleuss,craft,toolmaking,industrial,1878,1878,1878,186,0.55,0.74,0.216,,active,auto-generated from wiki timeline; curate analogue and prerequisites
lester_allan_pelton,invsrc_0369,Timeline of historic inventions.wiki:630,Lester Allan Pelton,Lester Allan Pelton,transport,transport,industrial,1878,1878,1878,18,0.48,0.74,0.203,,active,auto-generated from wiki timeline; curate analogue and prerequisites
joseph_swan,invsrc_0370,Timeline of historic inventions.wiki:631,Joseph Swan,Joseph Swan,energy,power,industrial,1879,1879,1879,16,0.42,0.82,0.106,,active,auto-generated from wiki timeline; curate analogue and prerequisites
nikolay_benardos,invsrc_0371,Timeline of historic inventions.wiki:634,Nikolay Benardos,Nikolay Benardos,craft,toolmaking,industrial,1881,1881,1881,187,0.55,0.74,0.216,,active,auto-generated from wiki timeline; curate analogue and prerequisites
hiram_maxim_invents_the_recoil_operated_maxim_gun_ushering,invsrc_0372,Timeline of historic inventions.wiki:635,"Hiram Maxim invents the recoil-operated Maxim gun, ushering","Hiram Maxim invents the recoil-operated Maxim gun, ushering weapon",military,warfare,industrial,1884,1884,1884,20,0.34,0.82,0.098,,active,auto-generated from wiki timeline; curate analogue and prerequisites
karoly_zipernowsky,invsrc_0375,Timeline of historic inventions.wiki:638,Károly Zipernowsky,Károly Zipernowsky,transport,transport,industrial,1884,1884,1884,19,0.48,0.74,0.203,,active,auto-generated from wiki timeline; curate analogue and prerequisites
paul_vieille,invsrc_0373,Timeline of historic inventions.wiki:636,Paul Vieille,Paul Vieille,craft,toolmaking,industrial,1884,1884,1884,188,0.55,0.74,0.216,,active,auto-generated from wiki timeline; curate analogue and prerequisites
sir_charles_parsons_invents_the_modern_steam_turbine,invsrc_0374,Timeline of historic inventions.wiki:637,Sir Charles Parsons invents the modern steam turbine,Sir Charles Parsons invents the modern steam turbine,energy,power,industrial,1884,1884,1884,17,0.42,0.82,0.106,,active,auto-generated from wiki timeline; curate analogue and prerequisites
john_kemp_starley_invents_the_modern_safety_bicycle,invsrc_0376,Timeline of historic inventions.wiki:639,John Kemp Starley invents the modern safety bicycle,John Kemp Starley invents the modern safety bicycle,craft,toolmaking,industrial,1885,1885,1885,189,0.55,0.74,0.216,,active,auto-generated from wiki timeline; curate analogue and prerequisites
carl_gassner,invsrc_0377,Timeline of historic inventions.wiki:640,Carl Gassner,Carl Gassner,energy,power,industrial,1886,1886,1886,18,0.42,0.82,0.106,,active,auto-generated from wiki timeline; curate analogue and prerequisites
charles_martin_hall,invsrc_0378,Timeline of historic inventions.wiki:641,Charles Martin Hall,Charles Martin Hall,culture,art,industrial,1886,1886,1886,20,0.62,0.7,0.229,,active,auto-generated from wiki timeline; curate analogue and prerequisites
karl_benz,invsrc_0379,Timeline of historic inventions.wiki:642,Karl Benz,Karl Benz,energy,power,industrial,1886,1886,1886,19,0.42,0.82,0.106,,active,auto-generated from wiki timeline; curate analogue and prerequisites
carl_josef_bayer,invsrc_0380,Timeline of historic inventions.wiki:643,Carl Josef Bayer,Carl Josef Bayer,craft,toolmaking,industrial,1887,1887,1887,190,0.55,0.74,0.216,,active,auto-generated from wiki timeline; curate analogue and prerequisites
james_blyth,invsrc_0381,Timeline of historic inventions.wiki:644,James Blyth,James Blyth,energy,power,industrial,1887,1887,1887,20,0.42,0.82,0.106,,active,auto-generated from wiki timeline; curate analogue and prerequisites
john_stewart_macarthur,invsrc_0382,Timeline of historic inventions.wiki:645,John Stewart MacArthur,John Stewart MacArthur,transport,transport,industrial,1887,1887,1887,20,0.48,0.74,0.203,,active,auto-generated from wiki timeline; curate analogue and prerequisites
john_j,invsrc_0383,Timeline of historic inventions.wiki:646,John J,John J,craft,toolmaking,industrial,1888,1888,1888,191,0.55,0.74,0.216,,active,auto-generated from wiki timeline; curate analogue and prerequisites
practical_pneumatic_tire_was_made,invsrc_0385,Timeline of historic inventions.wiki:648,Practical pneumatic tire was made,Practical pneumatic tire was made,craft,toolmaking,industrial,1888,1888,1888,192,0.55,0.74,0.216,,active,auto-generated from wiki timeline; curate analogue and prerequisites
thomas_edison,invsrc_0384,Timeline of historic inventions.wiki:647,Thomas Edison,Thomas Edison,craft,toolmaking,industrial,1888,1888,1888,193,0.55,0.74,0.216,,active,auto-generated from wiki timeline; curate analogue and prerequisites
frederic_swarts,invsrc_0386,Timeline of historic inventions.wiki:651,Frédéric Swarts,Frédéric Swarts,culture,art,industrial,1890,1890,1890,21,0.62,0.7,0.229,,active,auto-generated from wiki timeline; curate analogue and prerequisites
robert_gair_invents_the_pre_cut_cardboard_box,invsrc_0387,Timeline of historic inventions.wiki:652,Robert Gair invents the pre-cut cardboard box,Robert Gair invents the pre-cut cardboard box,craft,toolmaking,industrial,1890,1890,1890,194,0.55,0.74,0.216,,active,auto-generated from wiki timeline; curate analogue and prerequisites
whitcomb_judson_invents_the_zipper,invsrc_0388,Timeline of historic inventions.wiki:653,Whitcomb Judson invents the zipper,Whitcomb Judson invents the zipper,craft,toolmaking,industrial,1891,1891,1891,195,0.55,0.74,0.216,,active,auto-generated from wiki timeline; curate analogue and prerequisites
john_froelich_invented_the_gas_powered_tractor,invsrc_0391,Timeline of historic inventions.wiki:656,John Froelich invented the gas-powered tractor,John Froelich invented the gas-powered tractor,energy,power,industrial,1892,1892,1892,21,0.42,0.82,0.106,,active,auto-generated from wiki timeline; curate analogue and prerequisites
leon_bouly_invents_the_cinematograph,invsrc_0389,Timeline of historic inventions.wiki:654,Léon Bouly invents the cinematograph,Léon Bouly invents the cinematograph,craft,toolmaking,industrial,1892,1892,1892,196,0.55,0.74,0.216,,active,auto-generated from wiki timeline; curate analogue and prerequisites
thomas_ahearn_invents_the_electric_oven,invsrc_0390,Timeline of historic inventions.wiki:655,Thomas Ahearn invents the electric oven,Thomas Ahearn invents the electric oven,energy,power,industrial,1892,1892,1892,22,0.42,0.82,0.106,,active,auto-generated from wiki timeline; curate analogue and prerequisites
rudolf_diesel_invents_the_diesel_engine,invsrc_0392,Timeline of historic inventions.wiki:657,Rudolf Diesel invents the diesel engine,Rudolf Diesel invents the diesel engine,transport,transport,industrial,1893,1893,1893,21,0.48,0.74,0.203,,active,auto-generated from wiki timeline; curate analogue and prerequisites
william_stewart_halsted,invsrc_0393,Timeline of historic inventions.wiki:658,William Stewart Halsted,William Stewart Halsted,culture,art,industrial,1893,1893,1893,22,0.62,0.7,0.229,,active,auto-generated from wiki timeline; curate analogue and prerequisites
guglielmo_marconi,invsrc_0394,Timeline of historic inventions.wiki:659,Guglielmo Marconi,Guglielmo Marconi,communication,writing,industrial,1895,1895,1895,20,0.71,0.74,0.245,,active,auto-generated from wiki timeline; curate analogue and prerequisites
wilhelm_conrad_rontgen_invented_the_first_radiograph,invsrc_0395,Timeline of historic inventions.wiki:660,Wilhelm Conrad Röntgen invented the first radiograph,Wilhelm Conrad Röntgen invented the first radiograph,communication,writing,industrial,1895,1895,1895,21,0.71,0.74,0.245,,active,auto-generated from wiki timeline; curate analogue and prerequisites
surgical_masks,invsrc_0396,Timeline of historic inventions.wiki:661,Surgical masks,Surgical masks,medicine,medicine,industrial,1897,1897,1897,8,0.52,0.74,0.211,,active,auto-generated from wiki timeline; curate analogue and prerequisites
hans_von_pechmann,invsrc_0397,Timeline of historic inventions.wiki:662,Hans von Pechmann,Hans von Pechmann,craft,toolmaking,industrial,1898,1898,1898,197,0.55,0.74,0.216,,active,auto-generated from wiki timeline; curate analogue and prerequisites
waldemar_jungner,invsrc_0398,Timeline of historic inventions.wiki:663,Waldemar Jungner,Waldemar Jungner,material,materials,industrial,1899,1899,1899,41,0.45,0.74,0.198,,active,auto-generated from wiki timeline; curate analogue and prerequisites
vacuum_cleaner,invsrc_0399,Timeline of historic inventions.wiki:668,Vacuum cleaner,Vacuum cleaner,energy,power,modern,1901,1901,1901,23,0.42,0.9,0.106,,active,auto-generated from wiki timeline; curate analogue and prerequisites
edouard_benedictus_invents_laminated_glass,invsrc_0401,Timeline of historic inventions.wiki:670,Édouard Bénédictus invents laminated glass,Édouard Bénédictus invents laminated glass,material,materials,modern,1903,1903,1903,42,0.45,0.82,0.198,,active,auto-generated from wiki timeline; curate analogue and prerequisites
successful_gas_turbine_is_invented,invsrc_0400,Timeline of historic inventions.wiki:669,Successful gas turbine is invented,Successful gas turbine is invented,craft,toolmaking,modern,1903,1903,1903,198,0.55,0.82,0.216,,active,auto-generated from wiki timeline; curate analogue and prerequisites
fleming_valve,invsrc_0402,Timeline of historic inventions.wiki:671,Fleming valve,Fleming valve,craft,toolmaking,modern,1904,1904,1904,199,0.55,0.82,0.216,,active,auto-generated from wiki timeline; curate analogue and prerequisites
fr_maurice_roy,invsrc_0404,Timeline of historic inventions.wiki:673,Fr:Maurice Roy,Fr:Maurice Roy,craft,toolmaking,modern,1907,1907,1907,200,0.55,0.82,0.216,,active,auto-generated from wiki timeline; curate analogue and prerequisites
leo_baekeland_invents_bakelite_the_first_plastic_made,invsrc_0403,Timeline of historic inventions.wiki:672,"Leo Baekeland invents bakelite, the first plastic made","Leo Baekeland invents bakelite, the first plastic made",craft,toolmaking,modern,1907,1907,1907,201,0.55,0.82,0.216,,active,auto-generated from wiki timeline; curate analogue and prerequisites
cellophane_is_invented_by_jacques_e,invsrc_0405,Timeline of historic inventions.wiki:675,Cellophane is invented by Jacques E,Cellophane is invented by Jacques E,craft,toolmaking,modern,1908,1908,1908,202,0.55,0.82,0.216,,active,auto-generated from wiki timeline; curate analogue and prerequisites
fritz_haber_invents_the_haber_process,invsrc_0406,Timeline of historic inventions.wiki:676,Fritz Haber invents the Haber process,Fritz Haber invents the Haber process,craft,toolmaking,modern,1909,1909,1909,203,0.55,0.82,0.216,,active,auto-generated from wiki timeline; curate analogue and prerequisites
cloud_chamber_the_first_particle_detector_is_invented,invsrc_0407,Timeline of historic inventions.wiki:679,"Cloud chamber, the first particle detector, is invented","Cloud chamber, the first particle detector, is invented",culture,art,modern,1911,1911,1911,23,0.62,0.78,0.229,,active,auto-generated from wiki timeline; curate analogue and prerequisites
bergius_process_is_developed,invsrc_0408,Timeline of historic inventions.wiki:680,Bergius process is developed,Bergius process is developed,craft,toolmaking,modern,1913,1913,1913,204,0.55,0.82,0.216,,active,auto-generated from wiki timeline; curate analogue and prerequisites
kaplan_turbine_is_invented,invsrc_0409,Timeline of historic inventions.wiki:681,Kaplan turbine is invented,Kaplan turbine is invented,craft,toolmaking,modern,1913,1913,1913,205,0.55,0.82,0.216,,active,auto-generated from wiki timeline; curate analogue and prerequisites
harry_brearley,invsrc_0410,Timeline of historic inventions.wiki:682,Harry Brearley,Harry Brearley,material,materials,modern,1915,1915,1915,43,0.45,0.82,0.198,,active,auto-generated from wiki timeline; curate analogue and prerequisites
tanks,invsrc_0411,Timeline of historic inventions.wiki:683,Tanks,Tanks weapon,military,warfare,modern,1915,1915,1915,21,0.34,0.9,0.098,,active,auto-generated from wiki timeline; curate analogue and prerequisites
czochralski_process,invsrc_0412,Timeline of historic inventions.wiki:684,Czochralski process,Czochralski process,craft,toolmaking,modern,1916,1916,1916,206,0.55,0.82,0.216,,active,auto-generated from wiki timeline; curate analogue and prerequisites
crystal_oscillator_is_invented_by_alexander_m,invsrc_0413,Timeline of historic inventions.wiki:685,Crystal oscillator is invented by Alexander M,Crystal oscillator is invented by Alexander M,craft,toolmaking,modern,1917,1917,1917,207,0.55,0.82,0.216,,active,auto-generated from wiki timeline; curate analogue and prerequisites
fischer_tropsch_process_is_developed,invsrc_0414,Timeline of historic inventions.wiki:688,Fischer-Tropsch process is developed,Fischer-Tropsch process is developed,craft,toolmaking,modern,1925,1925,1925,208,0.55,0.82,0.216,,active,auto-generated from wiki timeline; curate analogue and prerequisites
harry_ferguson,invsrc_0417,Timeline of historic inventions.wiki:691,Harry Ferguson,Harry Ferguson,craft,toolmaking,modern,1926,1926,1926,209,0.55,0.82,0.216,,active,auto-generated from wiki timeline; curate analogue and prerequisites
john_logie_baird,invsrc_0418,Timeline of historic inventions.wiki:692,John Logie Baird,John Logie Baird,craft,toolmaking,modern,1926,1926,1926,210,0.55,0.82,0.216,,active,auto-generated from wiki timeline; curate analogue and prerequisites
robert_h,invsrc_0416,Timeline of historic inventions.wiki:690,Robert H,Robert H,craft,toolmaking,modern,1926,1926,1926,211,0.55,0.82,0.216,,active,auto-generated from wiki timeline; curate analogue and prerequisites
yagi_uda_antenna,invsrc_0415,Timeline of historic inventions.wiki:689,Yagi-Uda Antenna,Yagi-Uda Antenna,craft,toolmaking,modern,1926,1926,1926,212,0.55,0.82,0.216,,active,auto-generated from wiki timeline; curate analogue and prerequisites
quartz_clock,invsrc_0419,Timeline of historic inventions.wiki:693,Quartz clock,Quartz clock,culture,art,modern,1927,1927,1927,24,0.62,0.78,0.229,,active,auto-generated from wiki timeline; curate analogue and prerequisites
frank_whittle,invsrc_0421,Timeline of historic inventions.wiki:695,Frank Whittle,Frank Whittle,transport,transport,modern,1928,1928,1928,22,0.48,0.82,0.203,,active,auto-generated from wiki timeline; curate analogue and prerequisites
penicillin,invsrc_0420,Timeline of historic inventions.wiki:694,Penicillin,Penicillin,medicine,medicine,modern,1928,1928,1928,9,0.52,0.82,0.211,,active,auto-generated from wiki timeline; curate analogue and prerequisites
philo_farnsworth,invsrc_0422,Timeline of historic inventions.wiki:696,Philo Farnsworth,Philo Farnsworth,craft,toolmaking,modern,1928,1928,1928,213,0.55,0.82,0.216,,active,auto-generated from wiki timeline; curate analogue and prerequisites
ball_screw_is_invented_by_rudolph_g,invsrc_0423,Timeline of historic inventions.wiki:697,Ball screw is invented by Rudolph G,Ball screw is invented by Rudolph G,craft,toolmaking,modern,1929,1929,1929,214,0.55,0.82,0.216,,active,auto-generated from wiki timeline; curate analogue and prerequisites
phase_contrast_microscopy_is_invented,invsrc_0425,Timeline of historic inventions.wiki:701,Phase-contrast microscopy is invented,Phase-contrast microscopy is invented,craft,toolmaking,modern,1930,1930,1930,215,0.55,0.82,0.216,,active,auto-generated from wiki timeline; curate analogue and prerequisites
supersonic_combusting_ramjet,invsrc_0424,Timeline of historic inventions.wiki:700,Supersonic combusting ramjet,Supersonic combusting ramjet,craft,toolmaking,modern,1930,1930,1930,216,0.55,0.82,0.216,,active,auto-generated from wiki timeline; curate analogue and prerequisites
electron_microscope_is_invented,invsrc_0426,Timeline of historic inventions.wiki:702,Electron microscope is invented,Electron microscope is invented,science,scholarship,modern,1931,1931,1931,5,0.38,0.9,0.102,,active,auto-generated from wiki timeline; curate analogue and prerequisites
fm_radio_is_patented_by_inventor_edwin_h,invsrc_0427,Timeline of historic inventions.wiki:703,FM radio is patented by inventor Edwin H,FM radio is patented by inventor Edwin H,communication,writing,modern,1933,1933,1933,22,0.71,0.82,0.245,,active,auto-generated from wiki timeline; curate analogue and prerequisites
harry_c,invsrc_0428,Timeline of historic inventions.wiki:704,Harry C,Harry C,transport,transport,modern,1933,1933,1933,23,0.48,0.82,0.203,,active,auto-generated from wiki timeline; curate analogue and prerequisites
nylon_the_first_fully_synthetic_fiber_is_produced,invsrc_0429,Timeline of historic inventions.wiki:705,"Nylon, the first fully synthetic fiber is produced","Nylon, the first fully synthetic fiber is produced",craft,toolmaking,modern,1935,1935,1935,217,0.55,0.82,0.216,,active,auto-generated from wiki timeline; curate analogue and prerequisites
nuclear_fission,invsrc_0431,Timeline of historic inventions.wiki:707,Nuclear fission,Nuclear fission,energy,power,modern,1938,1938,1938,24,0.42,0.9,0.106,,active,auto-generated from wiki timeline; curate analogue and prerequisites
z1_built,invsrc_0430,Timeline of historic inventions.wiki:706,"Z1, built","Z1, built",computing,computation,modern,1938,1938,1938,4,0.3,0.9,0.094,,active,auto-generated from wiki timeline; curate analogue and prerequisites
john_vincent_atanasoff,invsrc_0433,Timeline of historic inventions.wiki:709,John Vincent Atanasoff,John Vincent Atanasoff,computing,computation,modern,1939,1939,1939,5,0.3,0.9,0.094,,active,auto-generated from wiki timeline; curate analogue and prerequisites
naum_gurvich,invsrc_0432,Timeline of historic inventions.wiki:708,Naum Gurvich,Naum Gurvich,energy,power,modern,1939,1939,1939,25,0.42,0.9,0.106,,active,auto-generated from wiki timeline; curate analogue and prerequisites
isotopes_of_plutonium,invsrc_0434,Timeline of historic inventions.wiki:712,Isotopes of plutonium,Isotopes of plutonium,energy,power,modern,1940,1940,1940,26,0.42,0.9,0.106,,active,auto-generated from wiki timeline; curate analogue and prerequisites
john_randall,invsrc_0435,Timeline of historic inventions.wiki:713,John Randall,John Randall,energy,power,modern,1940,1940,1940,27,0.42,0.9,0.106,,active,auto-generated from wiki timeline; curate analogue and prerequisites
polyester_is_invented,invsrc_0436,Timeline of historic inventions.wiki:714,Polyester is invented,Polyester is invented,craft,toolmaking,modern,1941,1941,1941,218,0.55,0.82,0.216,,active,auto-generated from wiki timeline; curate analogue and prerequisites
enrico_fermi,invsrc_0438,Timeline of historic inventions.wiki:716,Enrico Fermi,Enrico Fermi,energy,power,modern,1942,1942,1942,28,0.42,0.9,0.106,,active,auto-generated from wiki timeline; curate analogue and prerequisites
v_2_rocket,invsrc_0437,Timeline of historic inventions.wiki:715,V-2 rocket,V-2 rocket,transport,transport,modern,1942,1942,1942,24,0.48,0.82,0.203,,active,auto-generated from wiki timeline; curate analogue and prerequisites
non_infectious_viral_vaccine_is_perfected_by_dr,invsrc_0439,Timeline of historic inventions.wiki:717,Non-infectious viral vaccine is perfected by Dr,Non-infectious viral vaccine is perfected by Dr,medicine,medicine,modern,1944,1944,1944,10,0.52,0.82,0.211,,active,auto-generated from wiki timeline; curate analogue and prerequisites
atomic_bomb_is_developed,invsrc_0440,Timeline of historic inventions.wiki:721,Atomic bomb is developed,Atomic bomb is developed,craft,toolmaking,modern,1945,1945,1945,219,0.55,0.82,0.216,,active,auto-generated from wiki timeline; curate analogue and prerequisites
percy_spencer,invsrc_0441,Timeline of historic inventions.wiki:722,Percy Spencer,Percy Spencer,craft,toolmaking,modern,1945,1945,1945,220,0.55,0.82,0.216,,active,auto-generated from wiki timeline; curate analogue and prerequisites
willard_libby_began_his_work_on_radiocarbon_dating,invsrc_0442,Timeline of historic inventions.wiki:723,Willard Libby began his work on radiocarbon dating,Willard Libby began his work on radiocarbon dating,communication,writing,modern,1945,1945,1945,23,0.71,0.82,0.245,,active,auto-generated from wiki timeline; curate analogue and prerequisites
james_martin_invents_the_ejector_seat_inspired,invsrc_0443,Timeline of historic inventions.wiki:724,"James Martin invents the ejector seat, inspired","James Martin invents the ejector seat, inspired",culture,art,modern,1946,1946,1946,25,0.62,0.78,0.229,,active,auto-generated from wiki timeline; curate analogue and prerequisites
floyd_farris_and_j_b,invsrc_0445,Timeline of historic inventions.wiki:726,Floyd Farris and J.B,Floyd Farris and J.B,craft,toolmaking,modern,1947,1947,1947,221,0.55,0.82,0.216,,active,auto-generated from wiki timeline; curate analogue and prerequisites
holography_is_invented,invsrc_0444,Timeline of historic inventions.wiki:725,Holography is invented,Holography is invented,craft,toolmaking,modern,1947,1947,1947,222,0.55,0.82,0.216,,active,auto-generated from wiki timeline; curate analogue and prerequisites
transistor_a_bipolar_point_contact_transistor_is_invented,invsrc_0446,Timeline of historic inventions.wiki:727,"Transistor, a bipolar point-contact transistor, is invented","Transistor, a bipolar point-contact transistor, is invented",computing,computation,modern,1947,1947,1947,6,0.3,0.9,0.094,,active,auto-generated from wiki timeline; curate analogue and prerequisites
atomic_clock,invsrc_0447,Timeline of historic inventions.wiki:728,Atomic clock,Atomic clock,craft,toolmaking,modern,1948,1948,1948,223,0.55,0.82,0.216,,active,auto-generated from wiki timeline; curate analogue and prerequisites
basic_oxygen_steelmaking_is_developed_by_robert_durrer,invsrc_0448,Timeline of historic inventions.wiki:729,Basic oxygen steelmaking is developed by Robert Durrer,Basic oxygen steelmaking is developed by Robert Durrer,material,materials,modern,1948,1948,1948,44,0.45,0.82,0.198,,active,auto-generated from wiki timeline; curate analogue and prerequisites
bertie_the_brain,invsrc_0449,Timeline of historic inventions.wiki:732,Bertie the Brain,Bertie the Brain,culture,art,modern,1950,1950,1950,26,0.62,0.78,0.229,,active,auto-generated from wiki timeline; curate analogue and prerequisites
tokamak,invsrc_0450,Timeline of historic inventions.wiki:733,Tokamak,Tokamak,craft,toolmaking,modern,1950,1950,1950,224,0.55,0.82,0.216,,active,auto-generated from wiki timeline; curate analogue and prerequisites
float_glass_process_is_developed,invsrc_0451,Timeline of historic inventions.wiki:734,Float glass process is developed,Float glass process is developed,material,materials,modern,1952,1952,1952,45,0.45,0.82,0.198,,active,auto-generated from wiki timeline; curate analogue and prerequisites
thermonuclear_weapon_is_developed,invsrc_0452,Timeline of historic inventions.wiki:735,Thermonuclear weapon is developed,Thermonuclear weapon is developed,military,warfare,modern,1952,1952,1952,22,0.34,0.9,0.098,,active,auto-generated from wiki timeline; curate analogue and prerequisites
video_tape_recorder,invsrc_0453,Timeline of historic inventions.wiki:736,Video tape recorder,Video tape recorder,craft,toolmaking,modern,1953,1953,1953,225,0.55,0.82,0.216,,active,auto-generated from wiki timeline; curate analogue and prerequisites
calvin_souther_fuller,invsrc_0454,Timeline of historic inventions.wiki:737,Calvin Souther Fuller,Calvin Souther Fuller,communication,writing,modern,1954,1954,1954,24,0.71,0.82,0.245,,active,auto-generated from wiki timeline; curate analogue and prerequisites
hovercraft_is_patented,invsrc_0455,Timeline of historic inventions.wiki:738,Hovercraft is patented,Hovercraft is patented,craft,toolmaking,modern,1955,1955,1955,226,0.55,0.82,0.216,,active,auto-generated from wiki timeline; curate analogue and prerequisites
intermodal_container_is_developed,invsrc_0457,Timeline of historic inventions.wiki:740,Intermodal container is developed,Intermodal container is developed,craft,toolmaking,modern,1955,1955,1955,227,0.55,0.82,0.216,,active,auto-generated from wiki timeline; curate analogue and prerequisites
jonas_salk,invsrc_0456,Timeline of historic inventions.wiki:739,Jonas Salk,Jonas Salk,medicine,medicine,modern,1955,1955,1955,11,0.52,0.82,0.211,,active,auto-generated from wiki timeline; curate analogue and prerequisites
hard_disk_drive_is_invented,invsrc_0458,Timeline of historic inventions.wiki:741,Hard disk drive is invented,Hard disk drive is invented,craft,toolmaking,modern,1956,1956,1956,228,0.55,0.82,0.216,,active,auto-generated from wiki timeline; curate analogue and prerequisites
logic_theorist,invsrc_0459,Timeline of historic inventions.wiki:742,Logic Theorist,Logic Theorist,computing,computation,modern,1956,1956,1956,7,0.3,0.9,0.094,,active,auto-generated from wiki timeline; curate analogue and prerequisites
artificial_satellite_sputnik_1_is_launched,invsrc_0462,Timeline of historic inventions.wiki:746,"Artificial satellite, Sputnik 1, is launched","Artificial satellite, Sputnik 1, is launched",culture,art,modern,1957,1957,1957,27,0.62,0.78,0.229,,active,auto-generated from wiki timeline; curate analogue and prerequisites
laser,invsrc_0460,Timeline of historic inventions.wiki:744,Laser,Laser,computing,computation,modern,1957,1957,1957,8,0.3,0.9,0.094,,active,auto-generated from wiki timeline; curate analogue and prerequisites
personal_computer_used,invsrc_0461,Timeline of historic inventions.wiki:745,Personal computer used,Personal computer used,computing,computation,modern,1957,1957,1957,9,0.3,0.9,0.094,,active,auto-generated from wiki timeline; curate analogue and prerequisites
integrated_circuit_is_independently_invented,invsrc_0463,Timeline of historic inventions.wiki:747,Integrated circuit is independently invented,Integrated circuit is independently invented,craft,toolmaking,modern,1958,1958,1959,229,0.55,0.82,0.216,,active,auto-generated from wiki timeline; curate analogue and prerequisites
mosfet,invsrc_0464,Timeline of historic inventions.wiki:748,MOSFET,MOSFET,computing,computation,modern,1959,1959,1959,10,0.3,0.9,0.094,,active,auto-generated from wiki timeline; curate analogue and prerequisites
combined_oral_contraceptive_pill_becomes_publicly_available,invsrc_0465,Timeline of historic inventions.wiki:752,Combined oral contraceptive pill becomes publicly available,Combined oral contraceptive pill becomes publicly available,craft,toolmaking,modern,1960,1960,1960,230,0.55,0.82,0.216,,active,auto-generated from wiki timeline; curate analogue and prerequisites
functioning_laser_is_invented,invsrc_0466,Timeline of historic inventions.wiki:753,Functioning laser is invented,Functioning laser is invented,craft,toolmaking,modern,1960,1960,1960,231,0.55,0.82,0.216,,active,auto-generated from wiki timeline; curate analogue and prerequisites
robotic_exoskeleton,invsrc_0467,Timeline of historic inventions.wiki:754,Robotic exoskeleton,Robotic exoskeleton,craft,toolmaking,modern,1960,1960,1960,232,0.55,0.82,0.216,,active,auto-generated from wiki timeline; curate analogue and prerequisites
electronic_cigarette_is_created_by_herbert_a,invsrc_0468,Timeline of historic inventions.wiki:755,Electronic cigarette is created by Herbert A,Electronic cigarette is created by Herbert A,craft,toolmaking,modern,1963,1963,1963,233,0.55,0.82,0.216,,active,auto-generated from wiki timeline; curate analogue and prerequisites
shinkansen_the_first_high_speed_rail_commercial_passenger_service,invsrc_0469,Timeline of historic inventions.wiki:756,"Shinkansen, the first high-speed rail commercial passenger service","Shinkansen, the first high-speed rail commercial passenger service",transport,transport,modern,1964,1964,1964,25,0.48,0.82,0.203,,active,auto-generated from wiki timeline; curate analogue and prerequisites
kevlar_is_invented,invsrc_0470,Timeline of historic inventions.wiki:757,Kevlar is invented,Kevlar is invented,craft,toolmaking,modern,1965,1965,1965,234,0.55,0.82,0.216,,active,auto-generated from wiki timeline; curate analogue and prerequisites
royal_radar_establishment,invsrc_0471,Timeline of historic inventions.wiki:758,Royal Radar Establishment,Royal Radar Establishment,craft,toolmaking,modern,1967,1967,1967,235,0.55,0.82,0.216,,active,auto-generated from wiki timeline; curate analogue and prerequisites
npl_network,invsrc_0472,Timeline of historic inventions.wiki:759,NPL network,NPL network,computing,computation,modern,1969,1969,1969,11,0.3,0.9,0.094,,active,auto-generated from wiki timeline; curate analogue and prerequisites
pocket_calculator_is_invented,invsrc_0474,Timeline of historic inventions.wiki:763,Pocket calculator is invented,Pocket calculator is invented,craft,toolmaking,modern,1970,1970,1970,236,0.55,0.82,0.216,,active,auto-generated from wiki timeline; curate analogue and prerequisites
public_key_cryptography,invsrc_0473,Timeline of historic inventions.wiki:762,Public-key cryptography,Public-key cryptography,culture,art,modern,1970,1970,1970,28,0.62,0.78,0.229,,active,auto-generated from wiki timeline; curate analogue and prerequisites
ibm,invsrc_0477,Timeline of historic inventions.wiki:766,IBM,IBM,craft,toolmaking,modern,1971,1971,1971,237,0.55,0.82,0.216,,active,auto-generated from wiki timeline; curate analogue and prerequisites
single_chip_microprocessor_the_intel_4004_is_invented,invsrc_0475,Timeline of historic inventions.wiki:764,"Single-chip microprocessor, the Intel 4004, is invented","Single-chip microprocessor, the Intel 4004, is invented",agriculture,agriculture,modern,1971,1971,1971,11,0.72,0.78,0.247,,active,auto-generated from wiki timeline; curate analogue and prerequisites
space_station_salyut_1_is_launched,invsrc_0476,Timeline of historic inventions.wiki:765,"Space station, Salyut 1, is launched","Space station, Salyut 1, is launched",craft,toolmaking,modern,1971,1971,1971,238,0.55,0.82,0.216,,active,auto-generated from wiki timeline; curate analogue and prerequisites
herbert_boyer,invsrc_0479,Timeline of historic inventions.wiki:768,Herbert Boyer,Herbert Boyer,craft,toolmaking,modern,1972,1972,1972,239,0.55,0.82,0.216,,active,auto-generated from wiki timeline; curate analogue and prerequisites
video_game_console,invsrc_0478,Timeline of historic inventions.wiki:767,Video game console,Video game console,culture,art,modern,1972,1972,1972,29,0.62,0.78,0.229,,active,auto-generated from wiki timeline; curate analogue and prerequisites
capacitive_touchscreen_is_developed_at_cern,invsrc_0482,Timeline of historic inventions.wiki:771,Capacitive touchscreen is developed at CERN,Capacitive touchscreen is developed at CERN,craft,toolmaking,modern,1973,1973,1973,240,0.55,0.82,0.216,,active,auto-generated from wiki timeline; curate analogue and prerequisites
fiber_optic_communication_systems_were_developed,invsrc_0480,Timeline of historic inventions.wiki:769,Fiber optic communication systems were developed,Fiber optic communication systems were developed,craft,toolmaking,modern,1973,1973,1973,241,0.55,0.82,0.216,,active,auto-generated from wiki timeline; curate analogue and prerequisites
graphical_user_interface,invsrc_0481,Timeline of historic inventions.wiki:770,Graphical user interface,Graphical user interface,craft,toolmaking,modern,1973,1973,1973,242,0.55,0.82,0.216,,active,auto-generated from wiki timeline; curate analogue and prerequisites
lithium_ion_battery_is_invented_by_m,invsrc_0484,Timeline of historic inventions.wiki:773,Lithium-ion battery is invented by M,Lithium-ion battery is invented by M,energy,power,modern,1974,1974,1974,29,0.42,0.9,0.106,,active,auto-generated from wiki timeline; curate analogue and prerequisites
rubik_s_cube_is_invented,invsrc_0485,Timeline of historic inventions.wiki:774,Rubik's cube is invented,Rubik's cube is invented,craft,toolmaking,modern,1974,1974,1974,243,0.55,0.82,0.216,,active,auto-generated from wiki timeline; curate analogue and prerequisites
transmission_control_program,invsrc_0483,Timeline of historic inventions.wiki:772,Transmission Control Program,Transmission Control Program,computing,computation,modern,1974,1974,1974,12,0.3,0.9,0.094,,active,auto-generated from wiki timeline; curate analogue and prerequisites
home_automation,invsrc_0486,Timeline of historic inventions.wiki:775,Home automation,Home automation,craft,toolmaking,modern,1975,1975,1975,244,0.55,0.82,0.216,,active,auto-generated from wiki timeline; curate analogue and prerequisites
dna_sequencing,invsrc_0487,Timeline of historic inventions.wiki:776,DNA sequencing,DNA sequencing,craft,toolmaking,modern,1977,1977,1977,245,0.55,0.82,0.216,,active,auto-generated from wiki timeline; curate analogue and prerequisites
self_driving_car,invsrc_0488,Timeline of historic inventions.wiki:777,Self-driving car,Self-driving car,transport,transport,modern,1977,1977,1977,26,0.48,0.82,0.203,,active,auto-generated from wiki timeline; curate analogue and prerequisites
global_positioning_system_enters_service,invsrc_0489,Timeline of historic inventions.wiki:778,Global Positioning System enters service,Global Positioning System enters service,maritime,navigation,modern,1978,1978,1978,10,0.55,0.82,0.216,,active,auto-generated from wiki timeline; curate analogue and prerequisites
compuserve,invsrc_0492,Timeline of historic inventions.wiki:782,CompuServe,CompuServe,communication,writing,modern,1979,1979,1979,25,0.71,0.82,0.245,,active,auto-generated from wiki timeline; curate analogue and prerequisites
microvision,invsrc_0490,Timeline of historic inventions.wiki:780,Microvision,Microvision,transport,transport,modern,1979,1979,1979,27,0.48,0.82,0.203,,active,auto-generated from wiki timeline; curate analogue and prerequisites
nippon_telegraph_and_telephone,invsrc_0491,Timeline of historic inventions.wiki:781,Nippon Telegraph and Telephone,Nippon Telegraph and Telephone,communication,writing,modern,1979,1979,1979,26,0.71,0.82,0.245,,active,auto-generated from wiki timeline; curate analogue and prerequisites
flash_memory,invsrc_0493,Timeline of historic inventions.wiki:785,Flash memory,Flash memory,craft,toolmaking,digital,1980,1980,1980,246,0.55,0.92,0.216,,active,auto-generated from wiki timeline; curate analogue and prerequisites
mark_skolnick,invsrc_0494,Timeline of historic inventions.wiki:786,Mark Skolnick,Mark Skolnick,craft,craft,digital,1980,1980,1980,247,0.55,0.92,0.216,,active,auto-generated from wiki timeline; curate analogue and prerequisites
comviq,invsrc_0498,Timeline of historic inventions.wiki:790,Comviq,Comviq,craft,toolmaking,digital,1981,1981,1981,248,0.55,0.92,0.216,,active,auto-generated from wiki timeline; curate analogue and prerequisites
kane_kramer,invsrc_0496,Timeline of historic inventions.wiki:788,Kane Kramer,Kane Kramer,computing,computation,digital,1981,1981,1981,13,0.3,0.98,0.094,,active,auto-generated from wiki timeline; curate analogue and prerequisites
reusable_spacecraft,invsrc_0495,Timeline of historic inventions.wiki:787,Reusable spacecraft,Reusable spacecraft,transport,transport,digital,1981,1981,1981,28,0.48,0.92,0.203,,active,auto-generated from wiki timeline; curate analogue and prerequisites
televerket,invsrc_0497,Timeline of historic inventions.wiki:789,Televerket,Televerket,communication,writing,digital,1981,1981,1981,27,0.71,0.92,0.245,,active,auto-generated from wiki timeline; curate analogue and prerequisites
cd_rom,invsrc_0499,Timeline of historic inventions.wiki:791,CD-ROM,CD-ROM,computing,computation,digital,1982,1982,1982,14,0.3,0.98,0.094,,active,auto-generated from wiki timeline; curate analogue and prerequisites
laptop_computer_is_launched_the_8_16_bit_epson_hx_20,invsrc_0501,Timeline of historic inventions.wiki:793,"Laptop computer is launched, the 8/16-bit Epson HX-20","Laptop computer is launched, the 8/16-bit Epson HX-20",computing,computation,digital,1982,1982,1982,15,0.3,0.98,0.094,,active,auto-generated from wiki timeline; curate analogue and prerequisites
satellite_television,invsrc_0500,Timeline of historic inventions.wiki:792,Satellite television,Satellite television,craft,toolmaking,digital,1982,1982,1982,249,0.55,0.92,0.216,,active,auto-generated from wiki timeline; curate analogue and prerequisites
at_t,invsrc_0503,Timeline of historic inventions.wiki:795,AT&T,AT&T,craft,toolmaking,digital,1983,1983,1983,250,0.55,0.92,0.216,,active,auto-generated from wiki timeline; curate analogue and prerequisites
stereolithography_is_invented,invsrc_0502,Timeline of historic inventions.wiki:794,Stereolithography is invented,Stereolithography is invented,craft,toolmaking,digital,1983,1983,1983,251,0.55,0.92,0.216,,active,auto-generated from wiki timeline; curate analogue and prerequisites
cell_phone,invsrc_0504,Timeline of historic inventions.wiki:796,Cell phone,Cell phone,craft,toolmaking,digital,1984,1984,1984,252,0.55,0.92,0.216,,active,auto-generated from wiki timeline; curate analogue and prerequisites
chuck_hull,invsrc_0505,Timeline of historic inventions.wiki:797,Chuck Hull,Chuck Hull,communication,writing,digital,1984,1984,1984,28,0.71,0.92,0.245,,active,auto-generated from wiki timeline; curate analogue and prerequisites
dna_profiling_is_pioneered,invsrc_0506,Timeline of historic inventions.wiki:798,DNA profiling is pioneered,DNA profiling is pioneered,craft,toolmaking,digital,1984,1984,1984,253,0.55,0.92,0.216,,active,auto-generated from wiki timeline; curate analogue and prerequisites
technophone,invsrc_0507,Timeline of historic inventions.wiki:799,Technophone,Technophone,craft,toolmaking,digital,1986,1986,1986,254,0.55,0.92,0.216,,active,auto-generated from wiki timeline; curate analogue and prerequisites
karlheinz_brandenburg,invsrc_0508,Timeline of historic inventions.wiki:800,Karlheinz Brandenburg,Karlheinz Brandenburg,craft,toolmaking,digital,1989,1989,1989,255,0.55,0.92,0.216,,active,auto-generated from wiki timeline; curate analogue and prerequisites
world_wide_web_is_invented,invsrc_0509,Timeline of historic inventions.wiki:801,World Wide Web is invented,World Wide Web is invented,computing,computation,digital,1989,1989,1989,16,0.3,0.98,0.094,,active,auto-generated from wiki timeline; curate analogue and prerequisites
archie,invsrc_0510,Timeline of historic inventions.wiki:804,Archie,Archie,transport,transport,digital,1990,1990,1990,29,0.48,0.92,0.203,,active,auto-generated from wiki timeline; curate analogue and prerequisites
commercial_flash_based_solid_state_drive_is_launched,invsrc_0511,Timeline of historic inventions.wiki:805,Commercial flash-based solid-state drive is launched,Commercial flash-based solid-state drive is launched,craft,toolmaking,digital,1991,1991,1991,256,0.55,0.92,0.216,,active,auto-generated from wiki timeline; curate analogue and prerequisites
sim_card_is_developed,invsrc_0512,Timeline of historic inventions.wiki:806,Sim card is developed,Sim card is developed,culture,art,digital,1991,1991,1991,30,0.62,0.88,0.229,,active,auto-generated from wiki timeline; curate analogue and prerequisites
generation_of_bluetooth_is_developed_by_ericsson_mobile,invsrc_0514,Timeline of historic inventions.wiki:808,Generation of Bluetooth is developed by Ericsson Mobile,Generation of Bluetooth is developed by Ericsson Mobile,craft,toolmaking,digital,1994,1994,1994,257,0.55,0.92,0.216,,active,auto-generated from wiki timeline; curate analogue and prerequisites
ibm_simon,invsrc_0513,Timeline of historic inventions.wiki:807,IBM Simon,IBM Simon,culture,art,digital,1994,1994,1994,31,0.62,0.88,0.229,,active,auto-generated from wiki timeline; curate analogue and prerequisites
tetris,invsrc_0515,Timeline of historic inventions.wiki:809,Tetris,Tetris,culture,art,digital,1994,1994,1994,32,0.62,0.88,0.229,,active,auto-generated from wiki timeline; curate analogue and prerequisites
dvd,invsrc_0516,Timeline of historic inventions.wiki:810,DVD,DVD,craft,toolmaking,digital,1995,1995,1995,258,0.55,0.92,0.216,,active,auto-generated from wiki timeline; curate analogue and prerequisites
bolt,invsrc_0519,Timeline of historic inventions.wiki:813,Bolt,Bolt,craft,toolmaking,digital,1996,1996,1996,259,0.55,0.92,0.216,,active,auto-generated from wiki timeline; curate analogue and prerequisites
ciena_corporation,invsrc_0517,Timeline of historic inventions.wiki:811,Ciena Corporation,Ciena Corporation,computing,computation,digital,1996,1996,1996,17,0.3,0.98,0.094,,active,auto-generated from wiki timeline; curate analogue and prerequisites
mobile_web_was_first_commercially_offered,invsrc_0518,Timeline of historic inventions.wiki:812,Mobile web was first commercially offered,Mobile web was first commercially offered,craft,toolmaking,digital,1996,1996,1996,260,0.55,0.92,0.216,,active,auto-generated from wiki timeline; curate analogue and prerequisites
myriad_genetics,invsrc_0520,Timeline of historic inventions.wiki:814,Myriad Genetics,Myriad Genetics,craft,toolmaking,digital,1996,1996,1996,261,0.55,0.92,0.216,,active,auto-generated from wiki timeline; curate analogue and prerequisites
capsule_endoscopy,invsrc_0521,Timeline of historic inventions.wiki:815,Capsule endoscopy,Capsule endoscopy,craft,toolmaking,digital,1999,1999,1999,262,0.55,0.92,0.216,,active,auto-generated from wiki timeline; curate analogue and prerequisites
digital_video_recorder_the_tivo_is_launched,invsrc_0522,Timeline of historic inventions.wiki:816,"Digital video recorder , the TiVo, is launched","Digital video recorder , the TiVo, is launched",computing,computation,digital,1999,1999,1999,18,0.3,0.98,0.094,,active,auto-generated from wiki timeline; curate analogue and prerequisites
ntt_docomo,invsrc_0523,Timeline of historic inventions.wiki:817,NTT Docomo,NTT Docomo,craft,toolmaking,digital,1999,1999,1999,263,0.55,0.92,0.216,,active,auto-generated from wiki timeline; curate analogue and prerequisites
food_and_drug_administration,invsrc_0524,Timeline of historic inventions.wiki:822,Food and Drug Administration,Food and Drug Administration,medicine,medicine,digital,2001,2001,2001,12,0.52,0.92,0.211,,active,auto-generated from wiki timeline; curate analogue and prerequisites
kindle_e_reader_introduced,invsrc_0525,Timeline of historic inventions.wiki:823,Kindle e-reader introduced,Kindle e-reader introduced,craft,toolmaking,digital,2007,2007,2007,264,0.55,0.92,0.216,,active,auto-generated from wiki timeline; curate analogue and prerequisites
quantum_machine_was_created_by_aaron_d,invsrc_0527,Timeline of historic inventions.wiki:825,Quantum machine was created by Aaron D,Quantum machine was created by Aaron D,craft,toolmaking,digital,2009,2009,2009,265,0.55,0.92,0.216,,active,auto-generated from wiki timeline; curate analogue and prerequisites
satoshi_nakamoto_develops_the_first_blockchain,invsrc_0526,Timeline of historic inventions.wiki:824,Satoshi Nakamoto develops the first blockchain,Satoshi Nakamoto develops the first blockchain,craft,toolmaking,digital,2009,2009,2009,266,0.55,0.92,0.216,,active,auto-generated from wiki timeline; curate analogue and prerequisites
lidar,invsrc_0529,Timeline of historic inventions.wiki:829,Lidar,Lidar,craft,toolmaking,digital,2010,2010,2010,267,0.55,0.92,0.216,,active,auto-generated from wiki timeline; curate analogue and prerequisites
synthetic_biology,invsrc_0528,Timeline of historic inventions.wiki:828,Synthetic biology,Synthetic biology,craft,toolmaking,digital,2010,2010,2010,268,0.55,0.92,0.216,,active,auto-generated from wiki timeline; curate analogue and prerequisites
introduction_of_pepper_the_first_commercial_humanoid_robot,invsrc_0530,Timeline of historic inventions.wiki:830,"Introduction of Pepper, the first commercial humanoid robot","Introduction of Pepper, the first commercial humanoid robot",craft,toolmaking,digital,2014,2014,2014,269,0.55,0.92,0.216,,active,auto-generated from wiki timeline; curate analogue and prerequisites
discovery_of_crispr_gene_editing_method,invsrc_0531,Timeline of historic inventions.wiki:831,Discovery of CRISPR gene editing method,Discovery of CRISPR gene editing method,craft,toolmaking,digital,2015,2015,2015,270,0.55,0.92,0.216,,active,auto-generated from wiki timeline; curate analogue and prerequisites
commercially_available_artificial_pancreas,invsrc_0532,Timeline of historic inventions.wiki:832,Commercially available artificial pancreas,Commercially available artificial pancreas,culture,art,digital,2016,2016,2016,33,0.62,0.88,0.229,,active,auto-generated from wiki timeline; curate analogue and prerequisites
successful_launch_of_a_multi_use_rocket,invsrc_0533,Timeline of historic inventions.wiki:833,Successful launch of a multi-use rocket,Successful launch of a multi-use rocket,craft,toolmaking,digital,2016,2016,2016,271,0.55,0.92,0.216,,active,auto-generated from wiki timeline; curate analogue and prerequisites
ibm_2,invsrc_0534,Timeline of historic inventions.wiki:834,IBM,IBM,craft,toolmaking,digital,2019,2019,2019,272,0.55,0.92,0.216,,active,auto-generated from wiki timeline; curate analogue and prerequisites
mrna_vaccine_to_be_approved,invsrc_0535,Timeline of historic inventions.wiki:837,MRNA vaccine to be approved,MRNA vaccine to be approved,medicine,medicine,digital,2020,2020,2020,13,0.52,0.92,0.211,,active,auto-generated from wiki timeline; curate analogue and prerequisites
openai_demonstrated_an_artificial_intelligence_model_called_gpt_3,invsrc_0536,Timeline of historic inventions.wiki:838,OpenAI demonstrated an Artificial Intelligence model called GPT-3,OpenAI demonstrated an Artificial Intelligence model called GPT-3,culture,art,digital,2020,2020,2020,34,0.62,0.88,0.229,,active,auto-generated from wiki timeline; curate analogue and prerequisites
