source_id,source_file,source_line,section,subsection,date_text,history_year_from,history_year_to,history_year,date_quality,title,summary,wiki_links,parse_notes
invsrc_0001,Timeline of historic inventions.wiki,17,Paleolithic,Lower Paleolithic,3.3 Mya – 2.6 Mya,-3297974,-2597974,-2947974,range,Stone tool,Stone tools - found in modern-day Kenya are older and only found on the archetype road. Ancient stone tools from Ethiopia (Oldowan) were hand-crafted by Australopithecus or related people.,Stone tool;Kenya;Ethiopia;Oldowan;Australopithecus,
invsrc_0002,Timeline of historic inventions.wiki,18,Paleolithic,Lower Paleolithic,2.3 Mya,-2297974,-2297974,-2297974,approximate,Control of fire and cooking,Earliest likely control of fire and cooking.,Control of fire by early humans;cooking;Homo habilis,
invsrc_0003,Timeline of historic inventions.wiki,19,Paleolithic,Lower Paleolithic,1.76 Mya,-1757974,-1757974,-1757974,approximate,Acheulean stone tools,Advanced (Acheulean) stone tools in Kenya.,Acheulean;Kenya;Homo erectus,
invsrc_0004,Timeline of historic inventions.wiki,20,Paleolithic,Lower Paleolithic,1.75 Mya – 150 kya,-1747974,-147974,-947974,range,Language,Varying estimates for the origin of language.,origin of language,
invsrc_0005,Timeline of historic inventions.wiki,21,Paleolithic,Lower Paleolithic,1.5 Mya,-1497974,-1497974,-1497974,approximate,Bone tool,Bone tools in Africa.,Bone tool;Homo erectus;Paranthropus boisei,
invsrc_0006,Timeline of historic inventions.wiki,22,Paleolithic,Lower Paleolithic,900 kya – 40 kya,-897974,-37974,-467974,range,Boats,Boats.,Boat,
invsrc_0007,Timeline of historic inventions.wiki,28,Paleolithic,Lower Paleolithic,500 kya,-497974,-497974,-497974,approximate,Hafting,Hafting in South Africa.,Hafting;Homo heidelbergensis,
invsrc_0008,Timeline of historic inventions.wiki,29,Paleolithic,Lower Paleolithic,500 kya – 450 kya,-497974,-447974,-472974,range,Woodworking,Woodworking construction in Zambia.,Woodworking;Zambia;Homo heidelbergensis;List of oldest extant buildings;Deutsches Archäologisches Institut,
invsrc_0009,Timeline of historic inventions.wiki,30,Paleolithic,Lower Paleolithic,420 – 200 kya,-417974,-197974,-307974,range,Food storage,"Food storage in the form of uncracked bones saved for their marrow in Qesem cave, Palestine.",Food storage;Qesem cave,
invsrc_0010,Timeline of historic inventions.wiki,31,Paleolithic,Lower Paleolithic,400 kya,-397974,-397974,-397974,approximate,"Hide and leather clothing, footwear and shelter","Hide and leather clothing, footwear and shelter.",History of hide materials,
invsrc_0011,Timeline of historic inventions.wiki,32,Paleolithic,Lower Paleolithic,400 kya,-397974,-397974,-397974,approximate,Pigment,Pigments in Zambia.,Pigment;Homo heidelbergensis,
invsrc_0012,Timeline of historic inventions.wiki,33,Paleolithic,Lower Paleolithic,337 kya – 300 kya,-334974,-297974,-316474,range,Schöningen spears,Schöningen Spears in Germany likely.,Schöningen spears;Spear;Germany;Homo heidelbergensis,
invsrc_0013,Timeline of historic inventions.wiki,34,Paleolithic,Lower Paleolithic,320 kya,-317974,-317974,-317974,approximate,Long-distance trade,"The trade and long-distance (up to 50 miles) transportation of resources (e.g. obsidian), use of pigments, and possible making of projectile points in Kenya.",trade;transportation;NPR;The Atlantic,
invsrc_0014,Timeline of historic inventions.wiki,38,Paleolithic,Middle Paleolithic,279 kya,-276974,-276974,-276974,approximate,Hafting and early stone-tipped projectile weapons,Hafting and early stone-tipped projectile weapons in Ethiopia.,Hafting,
invsrc_0015,Timeline of historic inventions.wiki,39,Paleolithic,Middle Paleolithic,200 kya,-197974,-197974,-197974,approximate,Adhesive,"Simple glue (adhesive) made of one kind of material, birch tar, in Central Italy.",adhesive,
invsrc_0016,Timeline of historic inventions.wiki,40,Paleolithic,Middle Paleolithic,200 kya,-197974,-197974,-197974,approximate,Beds,Beds in South Africa.,Bed,
invsrc_0017,Timeline of historic inventions.wiki,41,Paleolithic,Middle Paleolithic,170 kya – 90 kya,-167974,-87974,-127974,range,Clothing,"Clothing, among anatomically modern humans in Africa. Genetic evidence from body lice suggests a range of dates centering over 100 thousand years ago. The first bone scrapers appropriate for scraping hides to make supple leather were found in Morocco dating to 90–120,000 years ago.",History of clothing and textiles;Bone tool;iScience;The Guardian,
invsrc_0018,Timeline of historic inventions.wiki,42,Paleolithic,Middle Paleolithic,164 kya – 47 kya,-161974,-44974,-103474,range,Heat treating of stone blades,Heat treating of stone blades in South Africa.,,
invsrc_0019,Timeline of historic inventions.wiki,43,Paleolithic,Middle Paleolithic,135 kya – 100 kya,-132974,-97974,-115474,range,Bead,Beads in Palestine and Algeria — implying string or thread.,Bead;Algeria,
invsrc_0020,Timeline of historic inventions.wiki,44,Paleolithic,Middle Paleolithic,100 kya,-97974,-97974,-97974,approximate,"Ochre processed, and compound paints made","Ochre processed, and compound paints made in South Africa.",Blombos Cave;paint;BBC News;Washington Post,
invsrc_0021,Timeline of historic inventions.wiki,45,Paleolithic,Middle Paleolithic,100 kya,-97974,-97974,-97974,approximate,Funerals,Funerals (in the form of burial) in Palestine.,burial,
invsrc_0022,Timeline of historic inventions.wiki,46,Paleolithic,Middle Paleolithic,90 kya,-87974,-87974,-87974,approximate,Harpoons,Harpoons in the Democratic Republic of the Congo.,Harpoon;Democratic Republic of the Congo,
invsrc_0023,Timeline of historic inventions.wiki,48,Paleolithic,Middle Paleolithic,70 kya – 60 kya,-67974,-57974,-62974,range,Compound adhesive,Compound adhesives in Sibudu Cave in South Africa.,Adhesive;Sibudu Cave,
invsrc_0024,Timeline of historic inventions.wiki,49,Paleolithic,Middle Paleolithic,70 kya – 60 kya,-67974,-57974,-62974,range,Arrow,Arrows and other evidence of bow-and-arrow technology in Sibudu Cave in South Africa.,Arrow;Sibudu Cave,
invsrc_0025,Timeline of historic inventions.wiki,50,Paleolithic,Middle Paleolithic,70 kya – 60 kya,-67974,-57974,-62974,range,Sewing needle,Sewing needle (implying thread of some kind) in Sibudu Cave in South Africa.,Sewing needle;Sibudu Cave,
invsrc_0026,Timeline of historic inventions.wiki,51,Paleolithic,Middle Paleolithic,62 kya – 61 kya,-59974,-58974,-59474,range,Cave painting,Cave painting in Spain.,Cave painting;Spain;Neanderthal;Cave of Maltravieso,
invsrc_0027,Timeline of historic inventions.wiki,55,Paleolithic,Middle Paleolithic,59–49 kya,-56974,-46974,-51974,range,Dentistry,Dentistry in southwestern Siberia.,Dentistry;Siberia,
invsrc_0028,Timeline of historic inventions.wiki,56,Paleolithic,Middle Paleolithic,55.8–51.2 kya,-53774,-49174,-51474,range,Representational art,Representational and Narrative art in Indonesia.,Representation (arts);Narrative art;Indonesia,
invsrc_0029,Timeline of historic inventions.wiki,60,Paleolithic,Upper Paleolithic to Early Mesolithic,49 kya – 30 kya,-46974,-27974,-37474,range,Ground stone tools,"Ground stone tools – fragments of an axe in Australia date to 49–45 ka, more appear in Japan closer to 30 ka, and elsewhere closer to the Neolithic.",Ground stone,
invsrc_0030,Timeline of historic inventions.wiki,61,Paleolithic,Upper Paleolithic to Early Mesolithic,47 kya,-44974,-44974,-44974,approximate,Mining,Mining and pigment extraction from hematite deposits.,ochre,
invsrc_0031,Timeline of historic inventions.wiki,62,Paleolithic,Upper Paleolithic to Early Mesolithic,45 kya – 9 kya,-42974,-6974,-24974,range,Shoe,"Footwear inferred from foot-bone morphology, with later preserved sandals and leather shoes.",shoe;Tianyuan man;sandal;Fort Rock Cave;United States;University of Oregon;Areni-1 cave;Vayots Dzor;Armenia,
invsrc_0032,Timeline of historic inventions.wiki,63,Paleolithic,Upper Paleolithic to Early Mesolithic,44 kya – 42 kya,-41974,-39974,-40974,range,Tally sticks,Tally sticks (see Lebombo bone) in Eswatini.,Tally stick;Lebombo bone;Eswatini,
invsrc_0033,Timeline of historic inventions.wiki,64,Paleolithic,Upper Paleolithic to Early Mesolithic,42 kya,-39974,-39974,-39974,approximate,Flute,Flute in Germany.,Flute,
invsrc_0034,Timeline of historic inventions.wiki,65,Paleolithic,Upper Paleolithic to Early Mesolithic,42-17.5 kya,-39974,-15474,-27724,range,Spear-thrower,"Spear-thrower or atlatl technology, with direct and indirect evidence.",spear-thrower;Lake Mungo remains,
invsrc_0035,Timeline of historic inventions.wiki,66,Paleolithic,Upper Paleolithic to Early Mesolithic,37 kya,-34974,-34974,-34974,approximate,Mortar and pestle,Mortar and pestle in Southwest Asia.,Mortar and pestle;Southwest Asia,
invsrc_0036,Timeline of historic inventions.wiki,67,Paleolithic,Upper Paleolithic to Early Mesolithic,32-28 kya,-29974,-25974,-27974,range,Rope and cordage,"Rope and cordage used for hafting tools, baskets, and sewn garments.",Rope;String (structure);baskets,
invsrc_0037,Timeline of historic inventions.wiki,68,Paleolithic,Upper Paleolithic to Early Mesolithic,31 kya,-28974,-28974,-28974,approximate,Amputation and surgery,"Amputation and surgery. Medicine in a meaningful sense likely predates the human-chimpanzee split, as, for example, herbal medicine has been observed in other primates.",Amputation;surgery;Medicine,
invsrc_0038,Timeline of historic inventions.wiki,69,Paleolithic,Upper Paleolithic to Early Mesolithic,28 kya,-25974,-25974,-25974,approximate,Ceramics,Ceramics (direct evidence) and weaving (impressions left in the ceramics) in Moravia (Czech Republic) and Georgia.,Ceramics;weaving;Moravia;Georgia (country),
invsrc_0039,Timeline of historic inventions.wiki,70,Paleolithic,Upper Paleolithic to Early Mesolithic,24 kya,-21974,-21974,-21974,approximate,Ceramic sculpture,Oldest known ceramic sculpture.,Venus of Dolní Věstonice,
invsrc_0040,Timeline of historic inventions.wiki,71,Paleolithic,Upper Paleolithic to Early Mesolithic,23 kya,-20974,-20974,-20974,approximate,Domestication of the dog,Domestication of the dog in Siberia.,Domestication of the dog;Siberia;Proceedings of the National Academy of Sciences,
invsrc_0041,Timeline of historic inventions.wiki,72,Paleolithic,Upper Paleolithic to Early Mesolithic,22 – 17 kya,-19974,-14974,-17474,range,Bullroarer,Bullroarer.,Bullroarer,
invsrc_0042,Timeline of historic inventions.wiki,73,Paleolithic,Upper Paleolithic to Early Mesolithic,22 kya,-19974,-19974,-19974,approximate,Fish hook,"Fish hook in Okinawa Island, modern day Japan.",Fish hook;Okinawa Island;Science (journal),
invsrc_0043,Timeline of historic inventions.wiki,74,Paleolithic,Upper Paleolithic to Early Mesolithic,21 – 3.7 kya,-18974,-1674,-10324,range,Star chart,"Star chart in France, and later Spain, Kashmir, Germany, and Egypt.",Star chart;France;Spain;Kashmir,
invsrc_0044,Timeline of historic inventions.wiki,93,Paleolithic,Upper Paleolithic to Early Mesolithic,20 – 16 kya,-17974,-13974,-15974,range,Pottery,Pottery in China.,Pottery;China;USA Today;Science (journal);Associated Press,
invsrc_0045,Timeline of historic inventions.wiki,94,Paleolithic,Upper Paleolithic to Early Mesolithic,14.5 kya,-12474,-12474,-12474,approximate,Bread,Bread in Jordan.,Bread;British Broadcasting Corporation,
invsrc_0046,Timeline of historic inventions.wiki,95,Paleolithic,Upper Paleolithic to Early Mesolithic,12 kya,-9974,-9974,-9974,approximate,Spindle whorl,"Spindle whorl, also the oldest wheel-like tool, at Nahal Ein Gev II (Israel).",Spindle whorl;wheel;Nahal Ein Gev II,
invsrc_0047,Timeline of historic inventions.wiki,103,Agricultural and proto-agricultural eras,Neolithic and Late Mesolithic,"10,000 BC – 9000 BC",-10000,-9000,-9500,range,Agriculture,Agriculture in the Fertile Crescent.,Agriculture;Fertile Crescent,
invsrc_0048,Timeline of historic inventions.wiki,104,Agricultural and proto-agricultural eras,Neolithic and Late Mesolithic,"10,000 BC – 9000 BC",-10000,-9000,-9500,range,Domestication of sheep,"Domestication of sheep in Southwest Asia (followed shortly by pigs, goats and cattle).",Domestication of the sheep;Southwest Asia,
invsrc_0049,Timeline of historic inventions.wiki,105,Agricultural and proto-agricultural eras,Neolithic and Late Mesolithic,"10,000 - 9000 BC",-10000,-9000,-9500,range,Alcohol fermentation,"Alcohol fermentation – specifically mead, in Southwest Asia.",Ethanol fermentation;mead;Southwest Asia,
invsrc_0050,Timeline of historic inventions.wiki,106,Agricultural and proto-agricultural eras,Neolithic and Late Mesolithic,9500 BC – 9000 BC,-9500,-9000,-9250,range,Surviving building,"Oldest known surviving building – Göbekli Tepe, in Turkey.",List of oldest extant buildings;Göbekli Tepe;Turkey,
invsrc_0051,Timeline of historic inventions.wiki,107,Agricultural and proto-agricultural eras,Neolithic and Late Mesolithic,9000 BC – 6000 BC,-9000,-6000,-7500,range,Domestication of rice,Domestication of rice in China.,Domestication of rice;China,
invsrc_0052,Timeline of historic inventions.wiki,108,Agricultural and proto-agricultural eras,Neolithic and Late Mesolithic,9000 BC,-9000,-9000,-9000,exact,"Mudbricks , and clay mortar","Mudbricks (unfired bricks), and clay mortar in Jericho.",Mudbrick;Mortar (masonry);Jericho,
invsrc_0053,Timeline of historic inventions.wiki,109,Agricultural and proto-agricultural eras,Neolithic and Late Mesolithic,8400 BC,-8400,-8400,-8400,exact,Water well,Oldest known water well in Cyprus.,well;Cyprus,
invsrc_0054,Timeline of historic inventions.wiki,110,Agricultural and proto-agricultural eras,Neolithic and Late Mesolithic,8040–7510 BC,-8040,-7510,-7775,range,Pesse canoe,"The Pesse canoe is the oldest boat we have found, while early human habitation of Crete and Australia make clear human seafaring goes back tens or hundreds of thousands of years.",Pesse canoe,
invsrc_0055,Timeline of historic inventions.wiki,111,Agricultural and proto-agricultural eras,Neolithic and Late Mesolithic,8000–7500 BC,-8000,-7500,-7750,range,Proto-city,"Proto-city – large permanent settlements, such as Tell es-Sultan (Jericho) and Çatalhöyük, Turkey.",Proto-city;Tell es-Sultan;Çatalhöyük,
invsrc_0056,Timeline of historic inventions.wiki,112,Agricultural and proto-agricultural eras,Neolithic and Late Mesolithic,8000–5000 BC,-8000,-5000,-6500,range,Potatoes,"Domestication of potatoes, in southern Peru and northwestern Bolivia, around Lake Titicaca.",potatoes;Peru;Bolivia;Lake Titicaca;Proceedings of the National Academy of Sciences,
invsrc_0057,Timeline of historic inventions.wiki,113,Agricultural and proto-agricultural eras,Neolithic and Late Mesolithic,7500–6500 BC,-7500,-6500,-7000,range,Copper tools,"Copper tools, by the people of the Old Copper Complex from the Great Lakes region of North America.",Chalcolithic;Old Copper Complex,
invsrc_0058,Timeline of historic inventions.wiki,114,Agricultural and proto-agricultural eras,Neolithic and Late Mesolithic,7000 BC,-7000,-7000,-7000,exact,Sled dog and Dog sled,"Sled dog and Dog sled, in Siberia.",Sled dog;Dog sled,
invsrc_0059,Timeline of historic inventions.wiki,115,Agricultural and proto-agricultural eras,Neolithic and Late Mesolithic,6500 BC,-6500,-6500,-6500,exact,Lead smelting,"Evidence of lead smelting in Çatalhöyük, Turkey.",lead smelting;Çatalhöyük;Turkey,
invsrc_0060,Timeline of historic inventions.wiki,116,Agricultural and proto-agricultural eras,Neolithic and Late Mesolithic,6000 BC,-6000,-6000,-6000,exact,Kiln,Kiln in Mesopotamia (Iraq).,Kiln;Mesopotamia,
invsrc_0061,Timeline of historic inventions.wiki,117,Agricultural and proto-agricultural eras,Neolithic and Late Mesolithic,6th millennium BC,-6000,-5001,-5500,millennium,Irrigation,"Irrigation in Khuzistan, Iran.",Irrigation;Khuzestan Province;Iran,
invsrc_0062,Timeline of historic inventions.wiki,165,Agricultural and proto-agricultural eras,Neolithic and Late Mesolithic,6000 BC – 3200 BC,-6000,-3200,-4600,range,Proto-writing,"Proto-writing in present-day Egypt, Iraq, Romania, China, India and Pakistan.",Proto-writing,
invsrc_0063,Timeline of historic inventions.wiki,166,Agricultural and proto-agricultural eras,Neolithic and Late Mesolithic,5900 – 5600 BC,-5900,-5600,-5750,range,Salt production,"Oldest evidence of salt production found in Southeastern Europe, in the countries of Moldova and Romania.",salt production;Moldova;Romania,
invsrc_0064,Timeline of historic inventions.wiki,167,Agricultural and proto-agricultural eras,Neolithic and Late Mesolithic,5500 – 5200 BC,-5500,-5200,-5350,range,Evidence of cheese found,"Oldest evidence of cheese found, in Poland and on the Dalmatian coast of Croatia.",cheese;Poland;Dalmatia;Croatia,
invsrc_0065,Timeline of historic inventions.wiki,168,Agricultural and proto-agricultural eras,Neolithic and Late Mesolithic,5500 BC,-5500,-5500,-5500,exact,Sailing,"Sailing - pottery depictions of sail boats, in Mesopotamia, and later ancient Egypt.",Sailing;Mesopotamia;ancient Egypt;John Coleman Darnell;Yale University,
invsrc_0066,Timeline of historic inventions.wiki,169,Agricultural and proto-agricultural eras,Neolithic and Late Mesolithic,5000 BC,-5000,-5000,-5000,exact,Copper smelting,Copper smelting in Serbia.,Smelting;Serbia,
invsrc_0067,Timeline of historic inventions.wiki,170,Agricultural and proto-agricultural eras,Neolithic and Late Mesolithic,5000 BC,-5000,-5000,-5000,exact,Seawall,"Seawall in Tel Hreiz, near Haifa, Palestine.",Seawall;Tel Hreiz,
invsrc_0068,Timeline of historic inventions.wiki,171,Agricultural and proto-agricultural eras,Neolithic and Late Mesolithic,5th millennium BC,-5000,-4001,-4500,millennium,Lacquer,Lacquer in China.,Lacquer,
invsrc_0069,Timeline of historic inventions.wiki,172,Agricultural and proto-agricultural eras,Neolithic and Late Mesolithic,5000 BC,-5000,-5000,-5000,exact,Cotton thread,"Cotton thread, in Mehrgarh, Indus Valley, connecting the copper beads of a bracelet.",Cotton;Mehrgarh,
invsrc_0070,Timeline of historic inventions.wiki,173,Agricultural and proto-agricultural eras,Neolithic and Late Mesolithic,5000 BC – 4500 BC,-5000,-4500,-4750,range,Rowing oars,Rowing oars in China.,Oar,
invsrc_0071,Timeline of historic inventions.wiki,174,Agricultural and proto-agricultural eras,Neolithic and Late Mesolithic,4500 BC – 3500 BC,-4500,-3500,-4000,range,Lost-wax casting,Lost-wax casting in Palestine or the Indus Valley.,Lost-wax casting;Palestine;Indus Valley,
invsrc_0072,Timeline of historic inventions.wiki,175,Agricultural and proto-agricultural eras,Neolithic and Late Mesolithic,4400 BC,-4400,-4400,-4400,exact,Fired bricks,Fired bricks in China.,Brick,
invsrc_0073,Timeline of historic inventions.wiki,176,Agricultural and proto-agricultural eras,Neolithic and Late Mesolithic,4000 BC,-4000,-4000,-4000,exact,Probable time period of the first diamond-mines in,"Probable time period of the first diamond-mines in the world, in Southern India.",,
invsrc_0074,Timeline of historic inventions.wiki,187,Agricultural and proto-agricultural eras,Neolithic and Late Mesolithic,4000 BC,-4000,-4000,-4000,exact,Paved roads,"Paved roads, in and around the Mesopotamian city of Ur, Iraq.",roads;Ur,
invsrc_0075,Timeline of historic inventions.wiki,188,Agricultural and proto-agricultural eras,Neolithic and Late Mesolithic,4000 BC,-4000,-4000,-4000,exact,Plumbing,"Plumbing. The earliest pipes were made of clay, and are found at the Temple of Bel at Nippur in Babylonia.",Plumbing;Pyramid of Sahure;Abusir,
invsrc_0076,Timeline of historic inventions.wiki,189,Agricultural and proto-agricultural eras,Neolithic and Late Mesolithic,4000 BC,-4000,-4000,-4000,exact,"Evidence of locks, the earliest example discovered","Oldest evidence of locks, the earliest example discovered in the ruins of Nineveh, the capital of ancient Assyria.",Lock and key;Nineveh;Assyria,
invsrc_0077,Timeline of historic inventions.wiki,190,Agricultural and proto-agricultural eras,Neolithic and Late Mesolithic,4000 BC – 3400 BC,-4000,-3400,-3700,range,"Evidence of wheels, found","Oldest evidence of wheels, found in the countries of Ukraine, Poland, and Germany.",wheel;Ukraine;Poland;Germany;Aramco World,
invsrc_0078,Timeline of historic inventions.wiki,191,Agricultural and proto-agricultural eras,Neolithic and Late Mesolithic,3630 BC,-3630,-3630,-3630,exact,Silk garments,Silk garments (sericulture) in China.,sericulture,
invsrc_0079,Timeline of historic inventions.wiki,192,Agricultural and proto-agricultural eras,Neolithic and Late Mesolithic,3500 BC,-3500,-3500,-3500,exact,Probable first domestication of the horse,Probable first domestication of the horse in the Eurasian Steppes.,domestication of the horse;CBC Radio,
invsrc_0080,Timeline of historic inventions.wiki,193,Agricultural and proto-agricultural eras,Neolithic and Late Mesolithic,3500 BC,-3500,-3500,-3500,exact,Wine as general anaesthesia,Wine as general anaesthesia in Sumer.,general anaesthesia,
invsrc_0081,Timeline of historic inventions.wiki,194,Agricultural and proto-agricultural eras,Neolithic and Late Mesolithic,3500 BC,-3500,-3500,-3500,exact,Seal invented around,"Seal (emblem) invented around in the Near East, at the contemporary sites of Uruk in southern Mesopotamia and slightly later at Susa in south-western Iran during the Proto-Elamite period, and they follow the development of stamp seals in the Halaf culture or slightly earlier.",Seal (emblem);Near East;Uruk;Mesopotamia;Susa;Iran;Proto-Elamite (period);stamp seal;Halaf culture,
invsrc_0082,Timeline of historic inventions.wiki,195,Agricultural and proto-agricultural eras,Neolithic and Late Mesolithic,3500 BC,-3500,-3500,-3500,exact,Ploughing,"Ploughing, on a site in Bubeneč, Czech Republic. Evidence, c. 2800 BC, has also been found at Kalibangan, Indus Valley (modern-day India).",Ploughing;Bubeneč;Kalibangan,
invsrc_0083,Timeline of historic inventions.wiki,196,Agricultural and proto-agricultural eras,Neolithic and Late Mesolithic,3400 BC – 3100 BC,-3400,-3100,-3250,range,Tattoos,Tattoos in southern Europe.,Tattoo,
invsrc_0084,Timeline of historic inventions.wiki,202,Agricultural and proto-agricultural eras,Bronze Age,Late 4th millennium BC,-4000,-3001,-3500,millennium,Writing,Writing – in Sumer and Egypt.,Writing;Sumer;Egypt,
invsrc_0085,Timeline of historic inventions.wiki,203,Agricultural and proto-agricultural eras,Bronze Age,3300 BC,-3300,-3300,-3300,exact,Documented swords,"The first documented swords. They have been found in Arslantepe, Turkey, are made from arsenical bronze, and are about long. Some of them are inlaid with silver.",sword;Arslantepe;arsenical bronze;K. Aslihan Yener;silver,
invsrc_0086,Timeline of historic inventions.wiki,204,Agricultural and proto-agricultural eras,Bronze Age,3300 BC,-3300,-3300,-3300,exact,City,"City in Uruk, Sumer, Mesopotamia (modern-day Iraq).",City;Uruk;Sumer;Mesopotamia,
invsrc_0087,Timeline of historic inventions.wiki,205,Agricultural and proto-agricultural eras,Bronze Age,3250 BC,-3250,-3250,-3250,exact,Hat,"One of the earliest documented hats was worn by a man (nicknamed Ötzi) whose body and hat found frozen in a mountain between Austria and Italy. He was found wearing a bearskin cap with a chin strap, made of several hides stitched together, resembling a Russian fur hat without the flaps.",hat;Ötzi;The Guardian;National Geographic;Scientific Reports,
invsrc_0088,Timeline of historic inventions.wiki,206,Agricultural and proto-agricultural eras,Bronze Age,3200 BC,-3200,-3200,-3200,exact,Dry Latrines,"Dry Latrines in the city of Uruk, Iraq, with later dry squat Toilets, that added raised fired brick foot platforms, and pedestal toilets, all over clay pipe constructed drains.",Latrine;Uruk;Toilet,
invsrc_0089,Timeline of historic inventions.wiki,207,Agricultural and proto-agricultural eras,Bronze Age,3200 BC,-3200,-3200,-3200,exact,Ljubljana Marshes Wheel,"Earliest actual wheel ever found, the Ljubljana Marshes Wheel, made of wood, in Slovenia.",Ljubljana Marshes Wheel;Slovenia,
invsrc_0090,Timeline of historic inventions.wiki,208,Agricultural and proto-agricultural eras,Bronze Age,3000 BC,-3000,-3000,-3000,exact,Dice,"Devices functionally equivalent to dice, in the form of flat two-sided throwsticks, are seen in the Egyptian game of Senet. Perhaps the oldest known dice, resembling modern ones, were excavated as part of a backgammon-like game set at the Burnt City, an archeological site in south-eastern Iran, estimated to be from.",dice;Senet;backgammon;Burnt City;Iran;Mohenjo-daro,
invsrc_0091,Timeline of historic inventions.wiki,209,Agricultural and proto-agricultural eras,Bronze Age,3000 BC,-3000,-3000,-3000,exact,Tin extraction,Tin extraction in Central Asia.,Tin;Central Asia,
invsrc_0092,Timeline of historic inventions.wiki,210,Agricultural and proto-agricultural eras,Bronze Age,3000 BC – 2560 BC,-3000,-2560,-2780,range,Papyrus,Papyrus in Egypt.,Papyrus,
invsrc_0093,Timeline of historic inventions.wiki,211,Agricultural and proto-agricultural eras,Bronze Age,3000 BC,-3000,-3000,-3000,exact,Reservoir,"Reservoir in Girnar, Indus Valley.",Reservoir;Girnar,
invsrc_0094,Timeline of historic inventions.wiki,224,Agricultural and proto-agricultural eras,Bronze Age,3000 BC,-3000,-3000,-3000,exact,Receipt,Receipt in Ancient Mesopotamia (Iraq).,Receipt;Mesopotamia;Iraq,
invsrc_0095,Timeline of historic inventions.wiki,225,Agricultural and proto-agricultural eras,Bronze Age,3000 BC – 2800 BC,-3000,-2800,-2900,range,Prosthesis,"Prosthesis first documented in the Ancient Near East, in ancient Egypt and Iran, specifically for an eye prosthetics, the eye found in Iran was likely made of bitumen paste that was covered with a thin layer of gold.",Prosthesis;Ancient Near East,
invsrc_0096,Timeline of historic inventions.wiki,226,Agricultural and proto-agricultural eras,Bronze Age,3000 BC – 2500 BC,-3000,-2500,-2750,range,Rhinoplasty,Rhinoplasty in Egypt.,Rhinoplasty,
invsrc_0097,Timeline of historic inventions.wiki,227,Agricultural and proto-agricultural eras,Bronze Age,2650 BC,-2650,-2650,-2650,exact,"Ruler, or Measuring rod","The Ruler, or Measuring rod, in the subdivided Nippur, copper rod, of the Sumerian Civilisation (modern-day Iraq).",Ruler;Measuring rod;Nippur;Sumer;Indus Valley civilisation,
invsrc_0098,Timeline of historic inventions.wiki,228,Agricultural and proto-agricultural eras,Bronze Age,2600 BC,-2600,-2600,-2600,exact,Planned city,Planned city in Indus Valley.,Planned city,
invsrc_0099,Timeline of historic inventions.wiki,229,Agricultural and proto-agricultural eras,Bronze Age,2600 BC,-2600,-2600,-2600,exact,Public sewage and sanitation systems,Public sewage and sanitation systems in Indus Valley sites such as Mohenjo-daro and Rakhigarhi.,Sanitation of the Indus Valley Civilisation;Mohenjo-daro;Rakhigarhi,
invsrc_0100,Timeline of historic inventions.wiki,230,Agricultural and proto-agricultural eras,Bronze Age,2600 BC,-2600,-2600,-2600,exact,Public bath,"Public bath in Mohenjo-daro, Indus Valley (modern-day Pakistan).","Great Bath, Mohenjo-daro;Mohenjo-daro;Pakistan",
invsrc_0101,Timeline of historic inventions.wiki,231,Agricultural and proto-agricultural eras,Bronze Age,2600 BC,-2600,-2600,-2600,exact,Levee,Levee in Indus Valley.,Levee,
invsrc_0102,Timeline of historic inventions.wiki,232,Agricultural and proto-agricultural eras,Bronze Age,2600 BC,-2600,-2600,-2600,exact,Weighing scale,"Balance weights and scales, from the Fourth Dynasty of Egypt; examples of Deben (unit) balance weights, from reign of Sneferu (c. 2600 BC) have been attributed.",Weighing scale;Fourth Dynasty of Egypt;Deben (unit);Sneferu,
invsrc_0103,Timeline of historic inventions.wiki,233,Agricultural and proto-agricultural eras,Bronze Age,2556 BC,-2556,-2556,-2556,exact,Dock,"Docks structure in Wadi al-Jarf, Egypt, which was developed by the reign of the Pharaoh Khufu.",Dock (maritime);Wadi al-Jarf;Khufu;Lothal;Archaeological Survey of India;S. R. Rao,
invsrc_0104,Timeline of historic inventions.wiki,234,Agricultural and proto-agricultural eras,Bronze Age,2500 BC,-2500,-2500,-2500,exact,Puppetry,Puppetry in the Indus Valley.,Puppetry,
invsrc_0105,Timeline of historic inventions.wiki,235,Agricultural and proto-agricultural eras,Bronze Age,2400 BC,-2400,-2400,-2400,exact,Fork,Fork in Bronze Age Qijia culture in China.,Fork;Bronze Age;Qijia culture;China,
invsrc_0106,Timeline of historic inventions.wiki,236,Agricultural and proto-agricultural eras,Bronze Age,2400 BC,-2400,-2400,-2400,exact,History of water supply and sanitation,"Copper pipes, the Pyramid of Sahure, an adjoining temple complex at Abusir, was discovered to have a network of copper drainage pipes.",History of water supply and sanitation;Pyramid of Sahure;Abusir,
invsrc_0107,Timeline of historic inventions.wiki,237,Agricultural and proto-agricultural eras,Bronze Age,2400 BC,-2400,-2400,-2400,exact,Touchstone,Touchstone in the Indus Valley site of Banawali (modern-day India).,Touchstone (assaying tool);Banawali,
invsrc_0108,Timeline of historic inventions.wiki,238,Agricultural and proto-agricultural eras,Bronze Age,2300 BC,-2300,-2300,-2300,exact,Dictionary,Dictionary in Mesopotamia.,Dictionary;Mesopotamia,
invsrc_0109,Timeline of historic inventions.wiki,239,Agricultural and proto-agricultural eras,Bronze Age,2200 BC – 2000 BC,-2200,-2000,-2100,range,Iron smelting,Iron smelting in Kaman-Kalehöyük.,Iron smelting;Kaman-Kalehöyük,
invsrc_0110,Timeline of historic inventions.wiki,240,Agricultural and proto-agricultural eras,Bronze Age,2200 BC,-2200,-2200,-2200,exact,Protractor,"Protractor, Phase IV, Lothal, Indus Valley (modern-day India), a Xancus shell cylinder with sawn grooves, at right angles, in its top and bottom surfaces, has been proposed as an angle marking tool.",Protractor;Lothal;Turbinella pyrum;Archaeological Survey of India,
invsrc_0111,Timeline of historic inventions.wiki,241,Agricultural and proto-agricultural eras,Bronze Age,2000 BC,-2000,-2000,-2000,exact,Water clock,"Water clock by at least the old Babylonian period (c. 2000 – c. 1600 BC), but possibly earlier from Mohenjo-Daro in the Indus Valley.",Water clock,
invsrc_0112,Timeline of historic inventions.wiki,242,Agricultural and proto-agricultural eras,Bronze Age,2000 BC,-2000,-2000,-2000,exact,Chariot,Chariot in Russia and Kazakhstan.,Chariot;Russia;Kazakhstan,
invsrc_0113,Timeline of historic inventions.wiki,243,Agricultural and proto-agricultural eras,Bronze Age,2000 BC,-2000,-2000,-2000,exact,Scissors,"Scissors, in Mesopotamia.",Scissors;Mesopotamia,
invsrc_0114,Timeline of historic inventions.wiki,244,Agricultural and proto-agricultural eras,Bronze Age,1850 BC,-1850,-1850,-1850,exact,Proto-alphabet,Proto-alphabet (Proto-Sinaitic script) in Egypt.,Proto-Sinaitic script,
invsrc_0115,Timeline of historic inventions.wiki,245,Agricultural and proto-agricultural eras,Bronze Age,1600 BC,-1600,-1600,-1600,exact,Surgical treatise appeared,Surgical treatise appeared in Egypt.,"Edwin Smith Papyrus;American Association of Neurological Surgeons;Park Ridge, Illinois",
invsrc_0116,Timeline of historic inventions.wiki,246,Agricultural and proto-agricultural eras,Bronze Age,1500 BC,-1500,-1500,-1500,exact,Sundial,Sundial in Ancient Egypt or Babylonia (modern-day Iraq).,Sundial;Ancient Egypt;Babylonia,
invsrc_0117,Timeline of historic inventions.wiki,247,Agricultural and proto-agricultural eras,Bronze Age,1500 BC,-1500,-1500,-1500,exact,Glass manufacture,Glass manufacture in either Mesopotamia or Ancient Egypt.,Glass;Mesopotamia;Ancient Egypt,
invsrc_0118,Timeline of historic inventions.wiki,248,Agricultural and proto-agricultural eras,Bronze Age,1500 BC,-1500,-1500,-1500,exact,Seed drill,Seed drill in Babylonia.,Seed drill;Babylonia,
invsrc_0119,Timeline of historic inventions.wiki,249,Agricultural and proto-agricultural eras,Bronze Age,1400 BC,-1400,-1400,-1400,exact,"Rubber, Mesoamerican ballgame","Rubber, Mesoamerican ballgame.",Mesoamerican rubber balls;Mesoamerican ballgame,
invsrc_0120,Timeline of historic inventions.wiki,250,Agricultural and proto-agricultural eras,Bronze Age,1400 BC – 1200 BC,-1400,-1200,-1300,range,Concrete,Concrete in Tiryns (Mycenaean Greece).,Concrete;Tiryns,
invsrc_0121,Timeline of historic inventions.wiki,251,Agricultural and proto-agricultural eras,Bronze Age,1300 BC,-1300,-1300,-1300,exact,Lathe,Lathe in Ancient Egypt.,Lathe,
invsrc_0122,Timeline of historic inventions.wiki,252,Agricultural and proto-agricultural eras,Bronze Age,1200 BC,-1200,-1200,-1200,exact,Distillation,Distillation is described on Akkadian tablets documenting perfumery operations.,Distillation;Akkadian language;Elsevier,
invsrc_0123,Timeline of historic inventions.wiki,256,Agricultural and proto-agricultural eras,Iron Age,1100 BC,-1100,-1100,-1100,exact,Star catalogue,"Star catalogue — Three Stars Each is the earliest known catalogue in long-running tradition of Babylonian astronomy, likely drawing on Sumerian and/or Elamite constellations.",Star catalogue;Babylonian star catalogues;Babylonian astronomy,
invsrc_0124,Timeline of historic inventions.wiki,261,Agricultural and proto-agricultural eras,Iron Age,700 BC,-700,-700,-700,exact,Saddle,Saddle (fringed cloths or pads used by Assyrian cavalry).,Saddle;Assyrian cavalry,
invsrc_0125,Timeline of historic inventions.wiki,262,Agricultural and proto-agricultural eras,Iron Age,7th century BC,-700,-601,-650,century,Library of Ashurbanipal,"The royal Library of Ashurbanipal at Nineveh had 30,000 clay tablets, in several languages, organized according to shape and separated by content. The first recorded example of a library catalog.",Library of Ashurbanipal;Nineveh;library catalog,
invsrc_0126,Timeline of historic inventions.wiki,266,Agricultural and proto-agricultural eras,Iron Age,688 BC,-688,-688,-688,exact,"Waterproof concrete in use, by the Assyrians","Waterproof concrete in use, by the Assyrians. Later, the Romans developed concretes that could set underwater, and used concrete extensively for construction from 300 BC to 476 AD.",,
invsrc_0127,Timeline of historic inventions.wiki,267,Agricultural and proto-agricultural eras,Iron Age,650 BC,-650,-650,-650,exact,Crossbow,Crossbow in China.,Crossbow;China,
invsrc_0128,Timeline of historic inventions.wiki,268,Agricultural and proto-agricultural eras,Iron Age,600 BC,-600,-600,-600,exact,Coins,Coins in Phoenicia (Modern Lebanon) or Lydia.,Coins;Phoenicia;Lydia,
invsrc_0129,Timeline of historic inventions.wiki,269,Agricultural and proto-agricultural eras,Iron Age,Late 7th or early 6th century BC,-600,-501,-550,century,Wagonway,"Wagonway called Diolkos across the Isthmus of Corinth in Ancient Greece. thumb|With the Greco-Roman trispastos (""three-pulley-crane""), the simplest [[ancient crane, a single man tripled the weight he could lift than with his muscular strength alone. ]].",Wagonway;Diolkos;Isthmus of Corinth;Ancient Greece;American Journal of Archaeology;File:Trispastos scheme.svg;Deutsches Museum,
invsrc_0130,Timeline of historic inventions.wiki,271,Agricultural and proto-agricultural eras,Iron Age,6th century BC – 10th century AD,-600,-501,-550,century,"High Carbon Steel, produced","High Carbon Steel, produced by the Closed Crucible method, later known as Wootz steel, of South India.",Steel;Crucible steel;Wootz steel;South India;Damascus;Nature (journal),
invsrc_0131,Timeline of historic inventions.wiki,273,Agricultural and proto-agricultural eras,Iron Age,6th century – 2nd century BC,501,600,550,century,Perform cataract surgery,"Perform cataract surgery (couching). Babylonian and Egyptian texts, a millennium before, depict and mention oculists, but not the procedure itself. Systematization of medicine and surgery in the Sushruta Samhita in Vedic Northern India. Documented procedures to.",cataract surgery;Couching (ophthalmology);Sushruta Samhita,
invsrc_0132,Timeline of historic inventions.wiki,274,Agricultural and proto-agricultural eras,Iron Age,6th century – 2nd century BC,501,600,550,century,Perform Caesarean section,Perform Caesarean section. Systematization of medicine and surgery in the Sushruta Samhita in Vedic Northern India. Documented procedures to.,Caesarean section;Sushruta Samhita,
invsrc_0133,Timeline of historic inventions.wiki,275,Agricultural and proto-agricultural eras,Iron Age,6th century – 2nd century BC,501,600,550,century,Construct Prosthetic limbs,Construct Prosthetic limbs. Systematization of medicine and surgery in the Sushruta Samhita in Vedic Northern India. Documented procedures to.,Prosthetic limb;Sushruta Samhita,
invsrc_0134,Timeline of historic inventions.wiki,276,Agricultural and proto-agricultural eras,Iron Age,6th century – 2nd century BC,501,600,550,century,Plastic surgery,"Perform Plastic surgery, though reconstructive nasal surgery is described in millennia older Egyptian papyri. Systematization of medicine and surgery in the Sushruta Samhita in Vedic Northern India. Documented procedures to.",Plastic surgery;nasal surgery;Edwin Smith Papyrus;National Informatics Centre;Sushruta Samhita,
invsrc_0135,Timeline of historic inventions.wiki,277,Agricultural and proto-agricultural eras,Iron Age,Late 6th century BC,-600,-501,-550,century,Crank motion,"Crank motion (rotary quern) in Carthage or 5th century BC Celtiberian Spain Later during the Roman empire, a mechanism appeared that incorporated a connecting rod.",Crank (mechanism);rotary quern;Ancient Carthage;Celtiberians;Spain;American Journal of Archaeology;Journal of Roman Archaeology,
invsrc_0136,Timeline of historic inventions.wiki,278,Agricultural and proto-agricultural eras,Iron Age,Before 5th century BC,-500,-401,-450,century,Loan deeds,Loan deeds in Upanishadic India.,Deed,
invsrc_0137,Timeline of historic inventions.wiki,279,Agricultural and proto-agricultural eras,Iron Age,500 BC,-500,-500,-500,exact,Lighthouse,Lighthouse in Greece.,Lighthouse,
invsrc_0138,Timeline of historic inventions.wiki,283,Agricultural and proto-agricultural eras,Classical antiquity and medieval era,500 – 200 BC,-500,-200,-350,range,"Toe stirrup, depicted","Toe stirrup, depicted in 2nd century Buddhist art, of the Sanchi and Bhaja Caves, of the Deccan Satavahana empire (modern-day India) although may have originated as early as 500 BC.",Stirrup;Satavahana dynasty;Moscow,
invsrc_0139,Timeline of historic inventions.wiki,284,Agricultural and proto-agricultural eras,Classical antiquity and medieval era,485 BC,-485,-485,-485,exact,Catapult,"Catapult by Ajatashatru in Magadha, India.",Catapult;Ajatashatru;Magadha (Mahajanapada);India,
invsrc_0140,Timeline of historic inventions.wiki,285,Agricultural and proto-agricultural eras,Classical antiquity and medieval era,485 BC,-485,-485,-485,exact,Scythed chariot,"Scythed chariot by Ajatashatru in Magadha, India.",Ajatashatru;Magadha (Mahajanapada);India,
invsrc_0141,Timeline of historic inventions.wiki,286,Agricultural and proto-agricultural eras,Classical antiquity and medieval era,5th century BC,-500,-401,-450,century,Cast iron,"Cast iron in Ancient China: Confirmed by archaeological evidence, the earliest cast iron is developed in China by the early 5th century BC during the Zhou dynasty (1122–256 BC), the oldest specimens found in a tomb of Luhe County in Jiangsu province.",Cast iron;History of China;Zhou dynasty;Jiangsu,
invsrc_0142,Timeline of historic inventions.wiki,287,Agricultural and proto-agricultural eras,Classical antiquity and medieval era,480 BC,-480,-480,-480,exact,Spiral stairs,"Spiral stairs (Temple A) in Selinunte, Sicily (see also List of ancient spiral stairs).",Spiral stairs;Selinunte;Sicily;List of ancient spiral stairs;Phoenix (classics journal),
invsrc_0143,Timeline of historic inventions.wiki,288,Agricultural and proto-agricultural eras,Classical antiquity and medieval era,By 407 BC,-407,-407,-407,exact,Wheelbarrow,Early descriptions of what may be a Wheelbarrow in Greece. First actual depiction of one (tomb mural) shows up in China in 118 AD.,Wheelbarrow;Technology and Culture;China;Joseph Needham,
invsrc_0144,Timeline of historic inventions.wiki,289,Agricultural and proto-agricultural eras,Classical antiquity and medieval era,By 400 BC,-400,-400,-400,exact,Camera obscura described,Camera obscura described by Mo-tzu (or Mozi) in China.,Camera obscura;Mozi,
invsrc_0145,Timeline of historic inventions.wiki,293,Agricultural and proto-agricultural eras,Classical antiquity and medieval era,400 and 300 BC,-400,-300,-350,range,0,Invention of the concept of zero in Babylon (now Iraq). It was invented independently by the Maya in the first few centuries AD.,0;Babylon;Maya civilization,
invsrc_0146,Timeline of historic inventions.wiki,294,Agricultural and proto-agricultural eras,Classical antiquity and medieval era,4th century BC,-400,-301,-350,century,Traction trebuchet,Traction trebuchet in Ancient China.,Trebuchet;History of China,
invsrc_0147,Timeline of historic inventions.wiki,295,Agricultural and proto-agricultural eras,Classical antiquity and medieval era,4th century BC,-400,-301,-350,century,Gears,Gears in Ancient China.,Gear;History of China,
invsrc_0148,Timeline of historic inventions.wiki,296,Agricultural and proto-agricultural eras,Classical antiquity and medieval era,4th century BC,-400,-301,-350,century,Reed pen,"Reed pens, utilising a split nib, were used to write with ink on Papyrus in Egypt.",Reed pen;Papyrus,
invsrc_0149,Timeline of historic inventions.wiki,297,Agricultural and proto-agricultural eras,Classical antiquity and medieval era,4th century BC,-400,-301,-350,century,"Nailed horseshoe, with 4 bronze shoes found","Nailed horseshoe, with 4 bronze shoes found in an Etruscan tomb.",horseshoe;Etruscan civilization,
invsrc_0150,Timeline of historic inventions.wiki,298,Agricultural and proto-agricultural eras,Classical antiquity and medieval era,375 BC – 350 BC,-375,-350,-362,range,Animal-driven rotary mill,Animal-driven rotary mill in Carthage.,Horse mill,
invsrc_0151,Timeline of historic inventions.wiki,299,Agricultural and proto-agricultural eras,Classical antiquity and medieval era,By the late 4th century BC,-400,-301,-350,century,Corporations,Corporations in either the Maurya Empire of India or in Ancient Rome (Collegium).,Corporation;Maurya Empire;University of Michigan;Collegium (ancient Rome),
invsrc_0152,Timeline of historic inventions.wiki,300,Agricultural and proto-agricultural eras,Classical antiquity and medieval era,Late 4th century BC,-400,-301,-350,century,Cheque,Cheque in the Maurya Empire of India.,Cheque;Maurya Empire,
invsrc_0153,Timeline of historic inventions.wiki,301,Agricultural and proto-agricultural eras,Classical antiquity and medieval era,Late 4th century BC,-400,-301,-350,century,Formal systems,"Formal systems by Pāṇini in India, possibly during the reign of Chandragupta Maurya.",Formal system;Pāṇini;Chandragupta Maurya,
invsrc_0154,Timeline of historic inventions.wiki,302,Agricultural and proto-agricultural eras,Classical antiquity and medieval era,4th to 3rd century BC,-300,-201,-250,century,Zinc mining,"Zinc production in North-Western India during the Maurya Empire. The earliest known zinc mines and smelting sites are from Zawar, near Udaipur, in Rajasthan.",Zinc mining;India;Maurya Empire;Udaipur;Rajasthan,
invsrc_0155,Timeline of historic inventions.wiki,306,Agricultural and proto-agricultural eras,Classical antiquity and medieval era,3rd century BC,-300,-201,-250,century,Analog computers,"Analog computers in the Hellenistic world (see e.g. the Antikythera mechanism), possibly in Rhodes.",Analog computer;Antikythera mechanism;Rhodes,
invsrc_0156,Timeline of historic inventions.wiki,307,Agricultural and proto-agricultural eras,Classical antiquity and medieval era,By at least the 3rd century BC,-300,-201,-250,century,Archimedes' screw,"Archimedes' screw, one of the earliest hydraulic machines, was first used in the Nile river for irrigation purposes in Ancient Egypt.",Archimedes' screw;hydraulic;Ancient Egypt,
invsrc_0157,Timeline of historic inventions.wiki,308,Agricultural and proto-agricultural eras,Classical antiquity and medieval era,Early 3rd century BC,-300,-201,-250,century,Canal lock,Canal lock in Canal of the Pharaohs under Ptolemy II (283–246 BC) in Hellenistic Egypt.,Lock (water transport);Canal of the Pharaohs;Ptolemy II;Hellenistic Egypt;American Journal of Archaeology,
invsrc_0158,Timeline of historic inventions.wiki,309,Agricultural and proto-agricultural eras,Classical antiquity and medieval era,3rd century BC,-300,-201,-250,century,"Cam during the Hellenistic period, used","Cam during the Hellenistic period, used in water-driven automata.",Cam (mechanism);Hellenistic period;automata;Andrew Wilson (classical archaeologist);The Journal of Roman Studies,
invsrc_0159,Timeline of historic inventions.wiki,310,Agricultural and proto-agricultural eras,Classical antiquity and medieval era,By the 3rd century BC,-300,-201,-250,century,Water wheel,"Water wheel. The origin is unclear: Indian Pali texts dating to the 4th century BCE refer to the cakkavattaka, which later commentaries describe as arahatta-ghati-yanta (machine with wheel-pots attached). Helaine Selin suggests that the device existed in Persia before 350 BC. The clearest description of the water.",Water wheel;Helaine Selin;Springer Science & Business Media;Escapement;Philo of Byzantium;John Peter Oleson;Örjan Wikander,
invsrc_0160,Timeline of historic inventions.wiki,311,Agricultural and proto-agricultural eras,Classical antiquity and medieval era,3rd century BC,-300,-201,-250,century,Gimbal described,Gimbal described by Philo of Byzantium.,Gimbal,
invsrc_0161,Timeline of historic inventions.wiki,312,Agricultural and proto-agricultural eras,Classical antiquity and medieval era,Late 3rd century BC,-300,-201,-250,century,Dry dock under Ptolemy IV,Dry dock under Ptolemy IV (221–205 BC) in Hellenistic Egypt.,Dry dock;Ptolemy IV;Hellenistic Egypt,
invsrc_0162,Timeline of historic inventions.wiki,313,Agricultural and proto-agricultural eras,Classical antiquity and medieval era,3rd century BC – 2nd century BC,-300,-201,-250,century,Blast furnace,"Blast furnace in Ancient China: The earliest discovered blast furnaces in China date to the 3rd and 2nd centuries BC, although most sites are from the later Han dynasty. thumb|The earliest [[fore-and-aft rigs, spritsails, appeared in the 2nd century BC in the Aegean Sea on small Greek craft. Here a spritsail used on a.","Blast furnace;History of China;Han dynasty;File:Museum für Antike Schiffahrt, Mainz 02. Spritsail.jpg;spritsails;Aegean Sea;Lionel Casson;Roman Empire",
invsrc_0163,Timeline of historic inventions.wiki,318,Agricultural and proto-agricultural eras,Classical antiquity and medieval era,2nd century BC,-200,-101,-150,century,Paper,Paper in Han dynasty China.,Paper;Han dynasty;China;Cai Lun;History of cartography;Fangmatan;Gansu,
invsrc_0164,Timeline of historic inventions.wiki,319,Agricultural and proto-agricultural eras,Classical antiquity and medieval era,206 BC,-206,-206,-206,exact,Compass,Compass in Han dynasty China.,Compass;Han dynasty;China,
invsrc_0165,Timeline of historic inventions.wiki,320,Agricultural and proto-agricultural eras,Classical antiquity and medieval era,Early 2nd century BC,-200,-101,-150,century,Astrolabe invented,Astrolabe invented by Apollonius of Perga.,Astrolabe;Apollonius of Perga,
invsrc_0166,Timeline of historic inventions.wiki,323,Agricultural and proto-agricultural eras,Classical antiquity and medieval era,1st century BC,-100,-1,-50,century,Segmental arch bridge,"Segmental arch bridge (e.g. Pont-Saint-Martin or Ponte San Lorenzo) in Italy, Roman Republic.",arch bridge;Pont-Saint-Martin (bridge);Ponte San Lorenzo;Italy;Roman Republic,
invsrc_0167,Timeline of historic inventions.wiki,324,Agricultural and proto-agricultural eras,Classical antiquity and medieval era,1st century BC,-100,-1,-50,century,News bulletin during the reign of Julius Caesar,"News bulletin during the reign of Julius Caesar. A paper form, i.e. the earliest newspaper, later appeared during the late Han dynasty in the form of the Dibao.",newspaper;Dibao,
invsrc_0168,Timeline of historic inventions.wiki,325,Agricultural and proto-agricultural eras,Classical antiquity and medieval era,1st century BC,-100,-1,-50,century,Arch dam,"Arch dam (Glanum Dam) in Gallia Narbonensis, Roman Republic (see also List of Roman dams).",Arch dam;Glanum Dam;Gallia Narbonensis;Roman Republic;List of Roman dams;Örjan Wikander,
invsrc_0169,Timeline of historic inventions.wiki,326,Agricultural and proto-agricultural eras,Classical antiquity and medieval era,Before 40 BC,-40,-40,-40,exact,Trip hammer,Trip hammer in China.,Trip hammer;China,
invsrc_0170,Timeline of historic inventions.wiki,327,Agricultural and proto-agricultural eras,Classical antiquity and medieval era,37 BC – 14 BC,-37,-14,-26,range,Glass blowing developed,Glass blowing developed in Jerusalem.,Glass blowing;Gerd Hatje,
invsrc_0171,Timeline of historic inventions.wiki,328,Agricultural and proto-agricultural eras,Classical antiquity and medieval era,Before 25 BC,-25,-25,-25,exact,Reverse overshot water wheel,"Reverse overshot water wheel by Roman engineers in Rio Tinto, Spain.",Reverse overshot water wheel;Roman engineering;Rio Tinto (river),
invsrc_0172,Timeline of historic inventions.wiki,329,Agricultural and proto-agricultural eras,Classical antiquity and medieval era,25 BC,-25,-25,-25,exact,Noodle,Noodle in Lajia in China.,Noodle;Lajia;China,
invsrc_0173,Timeline of historic inventions.wiki,332,Agricultural and proto-agricultural eras,Classical antiquity and medieval era,1st century AD,1,100,50,century,"Aeolipile, a simple steam turbine is recorded","The aeolipile, a simple steam turbine is recorded by Hero of Alexandria.",aeolipile;steam turbine,
invsrc_0174,Timeline of historic inventions.wiki,333,Agricultural and proto-agricultural eras,Classical antiquity and medieval era,1st century AD,1,100,50,century,Use of respiratory protective equipment is documented,The first use of respiratory protective equipment is documented by Pliny the Elder ( –79) using animal bladder skins to protect workers in Roman mines from red lead oxide dust.,respiratory protective equipment;Pliny the Elder,
invsrc_0175,Timeline of historic inventions.wiki,334,Agricultural and proto-agricultural eras,Classical antiquity and medieval era,1st century AD,1,100,50,century,Surviving wine,Oldest surviving wine.,wine,
invsrc_0176,Timeline of historic inventions.wiki,335,Agricultural and proto-agricultural eras,Classical antiquity and medieval era,1st century AD,1,100,50,century,Vending machines invented,Vending machines invented by Hero of Alexandria.,Vending machine;Hero of Alexandria,
invsrc_0177,Timeline of historic inventions.wiki,339,Agricultural and proto-agricultural eras,Classical antiquity and medieval era,132,132,132,132,exact,Seismometer,"Seismometer and pendulum in Han dynasty China, built by Zhang Heng. It is a large metal urn-shaped instrument which employed either a suspended pendulum or inverted pendulum acting on inertia, like the ground tremors from earthquakes, to dislodge a metal ball by a lever trip device.",Seismometer;pendulum;Han dynasty;China;Zhang Heng;inverted pendulum;earthquake;Chinese Science,
invsrc_0178,Timeline of historic inventions.wiki,340,Agricultural and proto-agricultural eras,Classical antiquity and medieval era,2nd century,101,200,150,century,Carding,Carding in India.,Carding,
invsrc_0179,Timeline of historic inventions.wiki,344,Agricultural and proto-agricultural eras,Classical antiquity and medieval era,By at least the 3rd century,201,300,250,century,Crystallized sugar,Crystallized sugar in India.,,
invsrc_0180,Timeline of historic inventions.wiki,345,Agricultural and proto-agricultural eras,Classical antiquity and medieval era,Early 3rd century,201,300,250,century,Woodblock printing,Woodblock printing is invented in Han dynasty China at sometime before 220 AD. This made China become the world's first print culture.,Woodblock printing;Han dynasty;China;print culture,
invsrc_0181,Timeline of historic inventions.wiki,346,Agricultural and proto-agricultural eras,Classical antiquity and medieval era,Late 3rd century – Early 4th century,201,300,250,century,Water turbine,Water turbine in the Roman Empire in modern-day Tunisia.,Water turbine;Roman Empire;Tunisia;Andrew Wilson (classical archaeologist);Örjan Wikander,
invsrc_0182,Timeline of historic inventions.wiki,350,Agricultural and proto-agricultural eras,Classical antiquity and medieval era,280 – 550,280,550,415,range,"Chaturanga, a precursor of Chess was invented","Chaturanga, a precursor of Chess was invented in India during the Gupta Empire.",Chaturanga;Chess;Gupta Empire,
invsrc_0183,Timeline of historic inventions.wiki,351,Agricultural and proto-agricultural eras,Classical antiquity and medieval era,4th century,301,400,350,century,Dichroic glass,"Roman Dichroic glass, which displays one of two different colors depending on lighting conditions.",Dichroic glass,
invsrc_0184,Timeline of historic inventions.wiki,352,Agricultural and proto-agricultural eras,Classical antiquity and medieval era,4th century,301,400,350,century,Simple suspension bridge,"Simple suspension bridge, independently invented in Pre-Columbian South America, and the Hindu Kush range, of present-day Afghanistan and Pakistan. With Han dynasty travelers noting bridges being constructed from 3 or more vines or 3 ropes. Later bridges constructed utilizing cables of iron chains appeared in Tibet.",Simple suspension bridge;Hindu Kush;Afghanistan;Pakistan,
invsrc_0185,Timeline of historic inventions.wiki,360,Agricultural and proto-agricultural eras,Classical antiquity and medieval era,4th century,301,400,350,century,Fishing reel,"Fishing reel in Ancient China: In literary records, the earliest evidence of the fishing reel comes from a 4th-century AD work entitled Lives of Famous Immortals.",Fishing reel;History of China,
invsrc_0186,Timeline of historic inventions.wiki,361,Agricultural and proto-agricultural eras,Classical antiquity and medieval era,347,347,347,347,exact,Oil Well,Oil Wells and Borehole drilling in China. Such wells could reach depths of up to 240 m (790 ft).,Oil Well;Borehole;China,
invsrc_0187,Timeline of historic inventions.wiki,366,Agricultural and proto-agricultural eras,Classical antiquity and medieval era,400,400,400,400,exact,Iron pillar of Delhi,"The construction of the Iron pillar of Delhi in Mathura by the Gupta Empire shows the development of rust-resistant ferrous metallurgy in Ancient India, although original texts do not survive to detail the specific processes invented in this period.",Iron pillar of Delhi;Mathura;Gupta Empire,
invsrc_0188,Timeline of historic inventions.wiki,368,Agricultural and proto-agricultural eras,Classical antiquity and medieval era,5th century,401,500,450,century,Horse collar,"The horse collar as a fully developed collar harness is developed in Northern and Southern dynasties China during the 5th century AD. The earliest depiction of it is a Dunhuang cave mural from the Chinese Northern Wei dynasty, the painting dated to 477–499.",horse collar;Northern and Southern dynasties;China;Dunhuang;mural;Northern Wei;painting,
invsrc_0189,Timeline of historic inventions.wiki,369,Agricultural and proto-agricultural eras,Classical antiquity and medieval era,5th century – 6th century,401,500,450,century,Pointed arch bridge,"Pointed arch bridge (Karamagara Bridge) in Cappadocia, Eastern Roman Empire thumb|A [[w:Demographics of Nepal|Nepali Charkha in action]].",Pointed arch bridge;Karamagara Bridge;Cappadocia;Eastern Roman Empire;Muqarnas (journal);File:Nepali charka in action.jpg;w:Spinning wheel,
invsrc_0190,Timeline of historic inventions.wiki,373,Agricultural and proto-agricultural eras,Classical antiquity and medieval era,By the 6th century,501,600,550,century,Incense clock,Incense clock in China.,Incense clock,
invsrc_0191,Timeline of historic inventions.wiki,374,Agricultural and proto-agricultural eras,Classical antiquity and medieval era,After 500,500,500,500,exact,Charkha invented,"Charkha (spinning wheel/cotton gin) invented in India (probably during the Vakataka dynasty of Maharashtra, India), between 500 and 1000 A.D.","Charkha (spinning wheel);Vakataka dynasty;Maharashtra, India",
invsrc_0192,Timeline of historic inventions.wiki,375,Agricultural and proto-agricultural eras,Classical antiquity and medieval era,563,563,563,563,exact,Pendentive dome,"Pendentive dome (Hagia Sophia) in Constantinople, Eastern Roman Empire.",Pendentive;dome;Hagia Sophia;Constantinople;Eastern Roman Empire,
invsrc_0193,Timeline of historic inventions.wiki,376,Agricultural and proto-agricultural eras,Classical antiquity and medieval era,577,577,577,577,exact,Sulfur matches exist,Sulfur matches exist in China.,Match;China,
invsrc_0194,Timeline of historic inventions.wiki,377,Agricultural and proto-agricultural eras,Classical antiquity and medieval era,589,589,589,589,exact,Toilet paper,"Toilet paper in Sui dynasty China, first mentioned by the official Yan Zhitui (531–591), with full evidence of continual use in subsequent dynasties.",Toilet paper;Sui dynasty;China;Yan Zhitui,
invsrc_0195,Timeline of historic inventions.wiki,381,Agricultural and proto-agricultural eras,Classical antiquity and medieval era,619,619,619,619,exact,Toothbrush,Toothbrush in China during the Tang dynasty.,Toothbrush;China;Tang dynasty,
invsrc_0196,Timeline of historic inventions.wiki,382,Agricultural and proto-agricultural eras,Classical antiquity and medieval era,672,672,672,672,exact,Greek fire,"Greek fire in Constantinople, Byzantine Empire: Greek fire, an incendiary weapon likely based on petroleum or naphtha, is invented by Kallinikos, a Lebanese Greek refugee from Baalbek, as described by Theophanes. However, the historicity and exact chronology of this account is dubious, and it could be that Kallinikos.",Greek fire;Constantinople;Byzantine Empire;incendiary device;petroleum;naphtha;Baalbek;Theophanes the Confessor,
invsrc_0197,Timeline of historic inventions.wiki,383,Agricultural and proto-agricultural eras,Classical antiquity and medieval era,7th century,601,700,650,century,Banknote,"Banknote in Tang dynasty China: The banknote is first developed in China during the Tang and Song dynasties, starting in the 7th century. Its roots are in merchant receipts of deposit during the Tang dynasty (618–907), as merchants and wholesalers desire to avoid the heavy bulk of copper coinage in large commercial.",Banknote;Tang dynasty;China;Economy of the Song dynasty;Song dynasty;receipt;Four occupations;wholesaler;Ancient Chinese coinage,
invsrc_0198,Timeline of historic inventions.wiki,384,Agricultural and proto-agricultural eras,Classical antiquity and medieval era,7th century,601,700,650,century,Porcelain,"Porcelain in Tang dynasty China: True porcelain is manufactured in northern China from roughly the beginning of the Tang dynasty in the 7th century, while true porcelain was not manufactured in southern China until about 300 years later, during the early 10th century.",Porcelain;Tang dynasty;China,
invsrc_0199,Timeline of historic inventions.wiki,392,Agricultural and proto-agricultural eras,Classical antiquity and medieval era,9th century,801,900,850,century,Gunpowder,"Gunpowder in Tang dynasty China: Gunpowder is, according to prevailing academic consensus, discovered in the 9th century by Chinese alchemists searching for an elixir of immortality. Evidence of gunpowder's first use in China comes from the Five Dynasties and Ten Kingdoms period (618–907). The earliest known recorded.",Gunpowder;Tang dynasty;China;Chinese alchemy;elixir of life;Five Dynasties and Ten Kingdoms period;Wujing Zongyao;Song dynasty,
invsrc_0200,Timeline of historic inventions.wiki,393,Agricultural and proto-agricultural eras,Classical antiquity and medieval era,9th century,801,900,850,century,Playing card,Playing card in Tang dynasty China.,Playing card;Tang dynasty;China;American Anthropologist,
invsrc_0201,Timeline of historic inventions.wiki,397,Agricultural and proto-agricultural eras,Classical antiquity and medieval era,10th century,901,1000,950,century,Fire lance,"Fire lance in Song dynasty China, developed in the 10th century with a tube of first bamboo and later on metal that shot a weak gunpowder blast of flame and shrapnel, its earliest depiction is a painting found at Dunhuang. Fire lance is the earliest firearm in the world and one of the earliest gunpowder weapons.",Fire lance;Song dynasty;China;gunpowder;Dunhuang;firearm,
invsrc_0202,Timeline of historic inventions.wiki,398,Agricultural and proto-agricultural eras,Classical antiquity and medieval era,10th century,901,1000,950,century,Fireworks,"Fireworks in Song dynasty China: Fireworks first appear in China during the Song dynasty (960–1279), in the early age of gunpowder. Fireworks could be purchased from market vendors; these were made of sticks of bamboo packed with gunpowder.",Fireworks;Song dynasty;China;gunpowder;bamboo,
invsrc_0203,Timeline of historic inventions.wiki,399,Agricultural and proto-agricultural eras,Classical antiquity and medieval era,974,974,974,974,exact,Fountain pen,Fountain pen: invented at the request of al-Mu'izz li-Din Allah in Arab Egypt.,Fountain pen;al-Mu'izz li-Din Allah;Egypt in the Middle Ages;Journal of Semitic Studies,
invsrc_0204,Timeline of historic inventions.wiki,403,Agricultural and proto-agricultural eras,Classical antiquity and medieval era,11th century,1001,1100,1050,century,Early versions of the Bessemer process are developed,Early versions of the Bessemer process are developed in China.,Bessemer process,
invsrc_0205,Timeline of historic inventions.wiki,404,Agricultural and proto-agricultural eras,Classical antiquity and medieval era,11th century,1001,1100,1050,century,Endless power-transmitting chain drive,Endless power-transmitting chain drive by Su Song for the development an astronomical clock (the Cosmic Engine).,Su Song,
invsrc_0206,Timeline of historic inventions.wiki,405,Agricultural and proto-agricultural eras,Classical antiquity and medieval era,11th century,1001,1100,1050,century,Calico was developed,"Calico was developed in Calicut, India.",Calico;Kozhikode,
invsrc_0207,Timeline of historic inventions.wiki,406,Agricultural and proto-agricultural eras,Classical antiquity and medieval era,1088,1088,1088,1088,exact,Movable type,"Movable type in Song dynasty China: The first record of a movable type system is in the Dream Pool Essays, which attributes the invention of the movable type to Bi Sheng.",Movable type;Song dynasty;China;Dream Pool Essays;Bi Sheng,
invsrc_0208,Timeline of historic inventions.wiki,413,Agricultural and proto-agricultural eras,Classical antiquity and medieval era,13th century,1201,1300,1250,century,Rocket,Rocket for military and recreational uses date back to at least 13th-century China.,Rocket,
invsrc_0209,Timeline of historic inventions.wiki,414,Agricultural and proto-agricultural eras,Classical antiquity and medieval era,13th century,1201,1300,1250,century,"Form of mechanical escapement, the verge escapement","The earliest form of mechanical escapement, the verge escapement in Europe.",mechanical escapement;verge escapement;Europe,
invsrc_0210,Timeline of historic inventions.wiki,415,Agricultural and proto-agricultural eras,Classical antiquity and medieval era,13th century,1201,1300,1250,century,Button,Buttons (combined with buttonholes) as a functional fastening for closing clothes appear first in Germany.,Button;Germany,
invsrc_0211,Timeline of historic inventions.wiki,416,Agricultural and proto-agricultural eras,Classical antiquity and medieval era,13th century,1201,1300,1250,century,Bomb,"Explosive bomb in Jin dynasty Manchuria: Explosive bombs are used in 1221 by the Jin dynasty against a Song dynasty city. The first accounts of bombs made of cast iron shells packed with explosive gunpowder are documented in the 13th century in China and are called ""thunder-crash bombs"", coined during a Jin dynasty.",Bomb;Jin dynasty (1115–1234);Song dynasty,
invsrc_0212,Timeline of historic inventions.wiki,417,Agricultural and proto-agricultural eras,Classical antiquity and medieval era,13th century,1201,1300,1250,century,Hand cannon,"Hand cannon in Yuan dynasty China: The earliest hand cannon dates to the 13th century based on archaeological evidence from a Heilongjiang excavation. There is also written evidence in the Yuanshi (1370) on Li Tang, an ethnic Jurchen commander under the Yuan dynasty who in 1288 suppresses the rebellion of the.",Hand cannon;Yuan dynasty;Heilongjiang;Jurchens,
invsrc_0213,Timeline of historic inventions.wiki,418,Agricultural and proto-agricultural eras,Classical antiquity and medieval era,13th century,1201,1300,1250,century,Snow goggles,"Earliest documented snow goggles, a type of sunglasses, made of flattened walrus or caribou ivory are used by the Inuit peoples in the arctic regions of North America. In China, the first sunglasses consisting of flat panes of smoky quartz are documented.","snow goggles;Canadian Museum of Civilization;Sterling Publishing Company, Inc.;Nanook of the North;smoky quartz",
invsrc_0214,Timeline of historic inventions.wiki,419,Agricultural and proto-agricultural eras,Classical antiquity and medieval era,13th century,1201,1300,1250,century,Double-entry bookkeeping,Double-entry bookkeeping in Italy.,Double-entry bookkeeping,
invsrc_0215,Timeline of historic inventions.wiki,420,Agricultural and proto-agricultural eras,Classical antiquity and medieval era,13th century - 14th century,1201,1300,1250,century,Worm gear cotton gin,Worm gear cotton gin in India.,Cotton gin;Pearson Education,
invsrc_0216,Timeline of historic inventions.wiki,421,Agricultural and proto-agricultural eras,Classical antiquity and medieval era,1277,1277,1277,1277,exact,Land mine,"Land mine in Song dynasty China: Textual evidence suggests that the first use of a land mine in history is by a Song dynasty brigadier general known as Lou Qianxia, who uses an 'enormous bomb' (huo pao) to kill Mongol soldiers invading Guangxi in 1277.",Land mine;Song dynasty;China;History of the Song dynasty;Guangxi,
invsrc_0217,Timeline of historic inventions.wiki,422,Agricultural and proto-agricultural eras,Classical antiquity and medieval era,1286,1286,1286,1286,exact,Eyeglasses,Eyeglasses in Italy.,Eyeglasses;Italy,
invsrc_0218,Timeline of historic inventions.wiki,425,Agricultural and proto-agricultural eras,Classical antiquity and medieval era,Early 14th century – Mid 14th century,1301,1400,1350,century,Huolongchushui,"Huolongchushui, the first Multistage rocket, was developed in Ming dynasty China and described in Huolongjing by Jiao Yu.",Huolongchushui;Multistage rocket;Ming dynasty;China;Huolongjing;Jiao Yu,
invsrc_0219,Timeline of historic inventions.wiki,427,Agricultural and proto-agricultural eras,Classical antiquity and medieval era,14th century,1301,1400,1350,century,Painting Canvas was first used,Painting Canvas was first used in Italy.,Canvas;Italy,
invsrc_0220,Timeline of historic inventions.wiki,428,Agricultural and proto-agricultural eras,Classical antiquity and medieval era,14th century,1301,1400,1350,century,Jacob's staff described,Jacob's staff described by Levi ben Gerson.,Jacob's staff;Levi ben Gerson,
invsrc_0221,Timeline of historic inventions.wiki,429,Agricultural and proto-agricultural eras,Classical antiquity and medieval era,14th century,1301,1400,1350,century,Naval mine,"Naval mine in Ming dynasty Mentioned in the Huolongjing military manuscript written by Jiao Yu (fl. 14th to early 15th century) and Liu Bowen (1311–1375), describing naval mines used at sea or on rivers and lakes, made of wrought iron and enclosed in an ox bladder. A later model is documented in Song Yingxing's.",Naval mine;Ming dynasty;Huolongjing;Jiao Yu;Liu Bowen;wrought iron;Song Yingxing,
invsrc_0222,Timeline of historic inventions.wiki,430,Agricultural and proto-agricultural eras,Classical antiquity and medieval era,14th century,1301,1400,1350,century,Bidriware,Bidriware in the Bahmani Sultanate in India.,Bidriware;Bahmani Sultanate;India,
invsrc_0223,Timeline of historic inventions.wiki,431,Agricultural and proto-agricultural eras,Classical antiquity and medieval era,1364,1364,1364,1364,exact,Handgun,first use of a handgun thumb|upright|The 15th-century invention of the [[printing press with movable type by the German Johannes Gutenberg. ]].,handgun;File:Handtiegelpresse von 1811.jpg;movable type;Johannes Gutenberg;A&E Network;Time–Life;Catholic Encyclopedia;Christian era,
invsrc_0224,Timeline of historic inventions.wiki,436,Agricultural and proto-agricultural eras,Classical antiquity and medieval era,Early 15th century,1401,1500,1450,century,Coil spring,Coil spring in Europe.,Coil spring;Europe,
invsrc_0225,Timeline of historic inventions.wiki,446,Agricultural and proto-agricultural eras,Classical antiquity and medieval era,15th century,1401,1500,1450,century,Mainspring,Mainspring in Europe.,Mainspring,
invsrc_0226,Timeline of historic inventions.wiki,447,Agricultural and proto-agricultural eras,Classical antiquity and medieval era,1420s,1420,1420,1420,exact,Brace,"Brace in Flanders, Holy Roman Empire.","Brace (tool);County of Flanders;Holy Roman Empire;Lynn Townsend White, Jr.",
invsrc_0227,Timeline of historic inventions.wiki,448,Agricultural and proto-agricultural eras,Classical antiquity and medieval era,1439,1439,1439,1439,exact,Printing press,"Printing press in Mainz, Germany: The printing press is invented in the Holy Roman Empire by Johannes Gutenberg before 1440, based on existing screw presses. The first confirmed record of a press appeared in a 1439 lawsuit against Gutenberg.","Printing press;Mainz, Germany;Holy Roman Empire;Johannes Gutenberg;screw press;lawsuit",
invsrc_0228,Timeline of historic inventions.wiki,449,Agricultural and proto-agricultural eras,Classical antiquity and medieval era,Mid 15th century,1401,1500,1450,century,"Arquebus is invented, possibly","The Arquebus (also spelled Harquebus) is invented, possibly in Spain.",Arquebus,
invsrc_0229,Timeline of historic inventions.wiki,450,Agricultural and proto-agricultural eras,Classical antiquity and medieval era,1453,1453,1453,1453,exact,Large scale use of Liquation for separating silver,"First large scale use of Liquation for separating silver from silver-bearing copper at Nuremberg, Holy Roman Empire.",Liquation;silver;copper;Nuremberg;Holy Roman Empire,
invsrc_0230,Timeline of historic inventions.wiki,451,Agricultural and proto-agricultural eras,Classical antiquity and medieval era,1480s,1480,1480,1480,exact,Mariner's astrolabe,Mariner's astrolabe in Portuguese circumnavigation of Africa.,Mariner's astrolabe;Portuguese discoveries,
invsrc_0231,Timeline of historic inventions.wiki,455,Early modern era,16th century,16th century,1501,1600,1550,century,Chintz or printed clothing,"Chintz or printed clothing in Golconda, India.",Chintz;Woodblock printing;Qutb Shahi dynasty,
invsrc_0232,Timeline of historic inventions.wiki,456,Early modern era,16th century,16th century,1501,1600,1550,century,Hookah,"Hookah by Irfan Shaikh, at the court of the Mughal emperor Akbar I.",Hookah;Akbar;Encyclopedia Iranica;Hyderabad (India),
invsrc_0233,Timeline of historic inventions.wiki,457,Early modern era,16th century,1540,1540,1540,1540,exact,Rifling is first used,"Rifling is first used in firearms, after being invented in 1498.",Rifling,
invsrc_0234,Timeline of historic inventions.wiki,458,Early modern era,16th century,1560,1560,1560,1560,exact,Floating dry dock,"Floating dry dock in Venice, Venetian Republic.",Dry dock;Venice;Venetian Republic;George Sarton;Isis (journal),
invsrc_0235,Timeline of historic inventions.wiki,459,Early modern era,16th century,1569,1569,1569,1569,exact,Mercator Projection map created,Mercator Projection map created by Gerardus Mercator.,Mercator Projection;Gerardus Mercator,
invsrc_0236,Timeline of historic inventions.wiki,460,Early modern era,16th century,1589,1589,1589,1589,exact,Stocking frame: Invented,Stocking frame: Invented by William Lee.,Stocking frame;William Lee (inventor),
invsrc_0237,Timeline of historic inventions.wiki,461,Early modern era,16th century,1594,1594,1594,1594,exact,Backstaff: Invented,Backstaff: Invented by Captain John Davis.,Backstaff;John Davis (English explorer),
invsrc_0238,Timeline of historic inventions.wiki,465,Early modern era,17th century,1605,1605,1605,1605,exact,Newspaper : Johann Carolus,Newspaper (Relation): Johann Carolus in Strassburg (see also List of the oldest newspapers).,Newspaper;Relation aller Fürnemmen und gedenckwürdigen Historien;Johann Carolus;Strassburg;List of the oldest newspapers,
invsrc_0239,Timeline of historic inventions.wiki,466,Early modern era,17th century,1608,1608,1608,1608,exact,Telescope: Patent applied for by Hans Lippershey,Telescope: Patent applied for by Hans Lippershey. Actual inventor unknown since it seemed to already be a common item being offered by the spectacle makers in the Netherlands with Jacob Metius also applying for patent and the son of Zacharias Janssen making a claim 47 years later that his father invented it.,Telescope;Hans Lippershey;Jacob Metius;Zacharias Janssen,
invsrc_0240,Timeline of historic inventions.wiki,467,Early modern era,17th century,1620,1620,1620,1620,exact,Optical microscope,"Compound microscopes, which combine an objective lens with an eyepiece to view a real image, first appear in Europe. Apparently derived from the telescope, actual inventor unknown, variously attributed to Zacharias Janssen (his son claiming it was invented in 1590), Cornelis Drebbel, and Galileo Galilei.",Optical microscope;Objective (optics);eyepiece;real image;Zacharias Janssen;Cornelis Drebbel;Galileo Galilei,
invsrc_0241,Timeline of historic inventions.wiki,468,Early modern era,17th century,1630,1630,1630,1630,exact,Slide rule: invented,Slide rule: invented by William Oughtred.,Slide rule;William Oughtred,
invsrc_0242,Timeline of historic inventions.wiki,469,Early modern era,17th century,1630,1630,1630,1630,exact,Use of the flintlock,first use of the flintlock.,flintlock,
invsrc_0243,Timeline of historic inventions.wiki,470,Early modern era,17th century,1642,1642,1642,1642,exact,Mechanical calculator,Mechanical calculator. The Pascaline is built by Blaise Pascal.,Mechanical calculator;Pascaline;Blaise Pascal,
invsrc_0244,Timeline of historic inventions.wiki,471,Early modern era,17th century,1643,1643,1643,1643,exact,Barometer: invented,"Barometer: invented by Evangelista Torricelli, or possibly up to three years earlier by Gasparo Berti.",Barometer;Evangelista Torricelli;Gasparo Berti,
invsrc_0245,Timeline of historic inventions.wiki,472,Early modern era,17th century,1650,1650,1650,1650,exact,Vacuum pump: Invented,Vacuum pump: Invented by Otto von Guericke.,Vacuum pump;Otto von Guericke,
invsrc_0246,Timeline of historic inventions.wiki,473,Early modern era,17th century,1656,1656,1656,1656,exact,Pendulum clock: Invented by Christiaan Huygens,Pendulum clock: Invented by Christiaan Huygens. It was first conceptualized in 1637 by Galileo Galilei but he was unable to create a working model.,Pendulum clock;Christiaan Huygens;Galileo Galilei,
invsrc_0247,Timeline of historic inventions.wiki,474,Early modern era,17th century,1668,1668,1668,1668,exact,Functional reflecting telescope constructed,First functional reflecting telescope constructed by Isaac Newton.,reflecting telescope;Isaac Newton,
invsrc_0248,Timeline of historic inventions.wiki,475,Early modern era,17th century,1679,1679,1679,1679,exact,Pressure-cooker: Invented,Pressure-cooker: Invented by Denis Papin.,Pressure-cooker;Denis Papin,
invsrc_0249,Timeline of historic inventions.wiki,476,Early modern era,17th century,1680,1680,1680,1680,exact,Christiaan Huygens,Christiaan Huygens provides the first known description of a piston engine.,Christiaan Huygens;Gunpowder engine,
invsrc_0250,Timeline of historic inventions.wiki,477,Early modern era,17th century,1698,1698,1698,1698,exact,Thomas Savery,Thomas Savery develops a steam-powered water pump: for draining mines.,Thomas Savery,
invsrc_0251,Timeline of historic inventions.wiki,480,Early modern era,18th century,1709,1709,1709,1709,exact,Bartolomeo Cristofori,"Bartolomeo Cristofori crafts the first piano, which became a leading instrument of Western art music.",Bartolomeo Cristofori;piano,
invsrc_0252,Timeline of historic inventions.wiki,481,Early modern era,18th century,1712,1712,1712,1712,exact,Thomas Newcomen,Thomas Newcomen builds the first commercial steam engine to pump water out of mines.,Thomas Newcomen,
invsrc_0253,Timeline of historic inventions.wiki,482,Early modern era,18th century,1738,1738,1738,1738,exact,Lewis Paul,"Lewis Paul and John Wyatt invent the first mechanized cotton spinning machine, helping to establish the British textile industry.",Lewis Paul;John Wyatt (inventor);Paul-Wyatt cotton mills,
invsrc_0254,Timeline of historic inventions.wiki,483,Early modern era,18th century,1745,1745,1745,1745,exact,Pieter van Musschenbroek,"Musschenbroek and Kleist independently develop the Leyden jar, an early form of capacitor.",Pieter van Musschenbroek;Ewald Georg von Kleist;Leyden jar;capacitor,
invsrc_0255,Timeline of historic inventions.wiki,484,Early modern era,18th century,1746,1746,1746,1746,exact,John Roebuck,"John Roebuck invents the lead chamber process, mass producing sulfuric acid for manufacturing.",John Roebuck;lead chamber process,
invsrc_0256,Timeline of historic inventions.wiki,485,Early modern era,18th century,1755,1755,1755,1755,exact,William Cullen invents the first artificial refrigeration machine,William Cullen invents the first artificial refrigeration machine.,William Cullen;refrigeration,
invsrc_0257,Timeline of historic inventions.wiki,486,Early modern era,18th century,1764,1764,1764,1764,exact,James Hargreaves,"James Hargreaves invents the spinning jenny, revolutionizing textile production during the Industrial Revolution.",James Hargreaves;spinning jenny;Industrial Revolution,
invsrc_0258,Timeline of historic inventions.wiki,487,Early modern era,18th century,1769,1769,1769,1769,exact,Nicolas-Joseph Cugnot,"Nicolas-Joseph Cugnot invents the first steam-powered vehicle capable of carrying passengers, an early car.",Nicolas-Joseph Cugnot;car,
invsrc_0259,Timeline of historic inventions.wiki,488,Early modern era,18th century,1774,1774,1774,1774,exact,"John Wilkinson invents his boring machine, considered","John Wilkinson invents his boring machine, considered by some to be the first machine tool.",John Wilkinson (industrialist);boring (manufacturing);machine tool,
invsrc_0260,Timeline of historic inventions.wiki,489,Early modern era,18th century,1775,1775,1775,1775,exact,Jesse Ramsden invents the modern screw-cutting lathe,Jesse Ramsden invents the modern screw-cutting lathe.,Jesse Ramsden;screw-cutting lathe,
invsrc_0261,Timeline of historic inventions.wiki,490,Early modern era,18th century,1776,1776,1776,1776,exact,John Wilkinson,John Wilkinson invents a mechanical air compressor that would become the prototype for all later mechanical compressors.,John Wilkinson (industrialist);air compressor,
invsrc_0262,Timeline of historic inventions.wiki,491,Early modern era,18th century,1780,1780,1780,1780,exact,Hyder Ali,"Hyder Ali of Mysore, India develops the first metal-cylinder rockets.",Hyder Ali;Kingdom of Mysore;Mysorean rockets,
invsrc_0263,Timeline of historic inventions.wiki,492,Early modern era,18th century,1783,1783,1783,1783,exact,Claude de Jouffroy builds the first steamboat,Claude de Jouffroy builds the first steamboat.,Claude de Jouffroy;steamboat,
invsrc_0264,Timeline of historic inventions.wiki,493,Early modern era,18th century,1783,1783,1783,1783,exact,Montgolfier brothers,Joseph-Ralf and Jacques-Étienne Montgolfier build the first manned hot air balloon.,Montgolfier brothers;hot air balloon,
invsrc_0265,Timeline of historic inventions.wiki,494,Early modern era,18th century,1783,1783,1783,1783,exact,Louis-Sébastien Lenormand,Louis-Sébastien Lenormand invents and uses the first modern parachute.,Louis-Sébastien Lenormand;parachute,
invsrc_0266,Timeline of historic inventions.wiki,495,Early modern era,18th century,1785,1785,1785,1785,exact,Martinus van Marum,Martinus van Marum is the first to use the electrolysis technique.,Martinus van Marum;electrolysis,
invsrc_0267,Timeline of historic inventions.wiki,496,Early modern era,18th century,1786,1786,1786,1786,exact,Andrew Meikle invents the threshing machine,Andrew Meikle invents the threshing machine.,Andrew Meikle;threshing machine,
invsrc_0268,Timeline of historic inventions.wiki,497,Early modern era,18th century,1789,1789,1789,1789,exact,Edmund Cartwright invents the power loom,Edmund Cartwright invents the power loom.,Edmund Cartwright;power loom,
invsrc_0269,Timeline of historic inventions.wiki,498,Early modern era,18th century,1792,1792,1792,1792,exact,Claude Chappe invents the semaphore telegraph,Claude Chappe invents the semaphore telegraph.,Claude Chappe;Chappe telegraph,
invsrc_0270,Timeline of historic inventions.wiki,499,Early modern era,18th century,1793,1793,1793,1793,exact,Eli Whitney invents the modern cotton gin,Eli Whitney invents the modern cotton gin.,Eli Whitney;cotton gin,
invsrc_0271,Timeline of historic inventions.wiki,500,Early modern era,18th century,1795,1795,1795,1795,exact,Joseph Bramah invents the hydraulic press,Joseph Bramah invents the hydraulic press.,Joseph Bramah;hydraulic press,
invsrc_0272,Timeline of historic inventions.wiki,501,Early modern era,18th century,1796,1796,1796,1796,exact,Alois Senefelder invents the lithography printing technique,Alois Senefelder invents the lithography printing technique.,Alois Senefelder;lithography,
invsrc_0273,Timeline of historic inventions.wiki,502,Early modern era,18th century,1796,1796,1796,1796,exact,Edward Jenner,Edward Jenner invented the vaccine and inoculates an individual for smallpox.,Edward Jenner;vaccine;smallpox,
invsrc_0274,Timeline of historic inventions.wiki,503,Early modern era,18th century,1799,1799,1799,1799,exact,Paper machine is invented,The first paper machine is invented by Louis-Nicolas Robert.,paper machine;Louis-Nicolas Robert,
invsrc_0275,Timeline of historic inventions.wiki,509,Late modern period,19th century,1800,1800,1800,1800,exact,Alessandro Volta,"Alessandro Volta invents the voltaic pile, an early form of battery in Italy, based on previous works by Luigi Galvani.",Alessandro Volta;voltaic pile;Battery (electricity);Italy;Luigi Galvani,
invsrc_0276,Timeline of historic inventions.wiki,510,Late modern period,19th century,1802,1802,1802,1802,exact,Humphry Davy invents the arc lamp,Humphry Davy invents the arc lamp (exact date unclear; not practical as a light source until the invention of efficient electric generators).,Humphry Davy;arc lamp,
invsrc_0277,Timeline of historic inventions.wiki,511,Late modern period,19th century,1804,1804,1804,1804,exact,Friedrich Sertürner,Friedrich Sertürner discovers morphine as the first active alkaloid extracted from the opium poppy plant.,Friedrich Sertürner;morphine,
invsrc_0278,Timeline of historic inventions.wiki,512,Late modern period,19th century,1804,1804,1804,1804,exact,Joseph Marie Jacquard develops his automated Jacquard loom,Joseph Marie Jacquard develops his automated Jacquard loom.,Joseph Marie Jacquard;Jacquard loom,
invsrc_0279,Timeline of historic inventions.wiki,513,Late modern period,19th century,1804,1804,1804,1804,exact,Richard Trevithick invents the steam locomotive,Richard Trevithick invents the steam locomotive.,Richard Trevithick;steam locomotive,
invsrc_0280,Timeline of historic inventions.wiki,514,Late modern period,19th century,1804,1804,1804,1804,exact,Hanaoka Seishū,"Hanaoka Seishū creates tsūsensan, the first modern general anesthetic.",Hanaoka Seishū;general anesthetic,
invsrc_0281,Timeline of historic inventions.wiki,515,Late modern period,19th century,1807,1807,1807,1807,exact,Nicéphore Niépce,Nicéphore Niépce invents an early internal combustion engine capable of doing useful work.,Nicéphore Niépce;internal combustion engine,
invsrc_0282,Timeline of historic inventions.wiki,516,Late modern period,19th century,1807,1807,1807,1807,exact,François Isaac de Rivaz,François Isaac de Rivaz designs the first automobile powered by an internal combustion engine fuelled by hydrogen.,François Isaac de Rivaz;internal combustion engine;hydrogen,
invsrc_0283,Timeline of historic inventions.wiki,517,Late modern period,19th century,1807,1807,1807,1807,exact,Robert Fulton,Robert Fulton expands water transportation and trade with the workable steamboat.,Robert Fulton,
invsrc_0284,Timeline of historic inventions.wiki,521,Late modern period,19th century,1810,1810,1810,1810,exact,Nicolas Appert invents the canning process for food,Nicolas Appert invents the canning process for food.,Nicolas Appert;canning,
invsrc_0285,Timeline of historic inventions.wiki,522,Late modern period,19th century,1810,1810,1810,1810,exact,Abraham-Louis Breguet creates the first wristwatch,Abraham-Louis Breguet creates the first wristwatch.,Abraham-Louis Breguet,
invsrc_0286,Timeline of historic inventions.wiki,523,Late modern period,19th century,1811,1811,1811,1811,exact,Friedrich Koenig,"Friedrich Koenig invents the first powered printing press, which was also the first to use a cylinder.",Friedrich Koenig;printing press,
invsrc_0287,Timeline of historic inventions.wiki,524,Late modern period,19th century,1812,1812,1812,1812,exact,William Reid Clanny,William Reid Clanny pioneered the invention of the safety lamp which he improved in later years. Safety lamps based on Clanny's improved design were used until the adoption of electric lamps.,William Reid Clanny;safety lamp,
invsrc_0288,Timeline of historic inventions.wiki,525,Late modern period,19th century,1814,1814,1814,1814,exact,James Fox,"James Fox invents the modern planing machine, though Matthew Murray of Leeds and Richard Roberts of Manchester have also been credited at times with its invention.",James Fox (engineer);Planer (metalworking);Matthew Murray;Leeds;Richard Roberts (engineer);Manchester,
invsrc_0289,Timeline of historic inventions.wiki,526,Late modern period,19th century,1816,1816,1816,1816,exact,René Laennec invents the first Stethoscope,René Laennec invents the first Stethoscope.,René Laennec;Stethoscope,
invsrc_0290,Timeline of historic inventions.wiki,527,Late modern period,19th century,1816,1816,1816,1816,exact,Francis Ronalds,Francis Ronalds builds the first working electric telegraph using electrostatic means.,Francis Ronalds;electric telegraph;electrostatic,
invsrc_0291,Timeline of historic inventions.wiki,528,Late modern period,19th century,1816,1816,1816,1816,exact,Robert Stirling invents the Stirling engine,Robert Stirling invents the Stirling engine.,Robert Stirling;Stirling engine,
invsrc_0292,Timeline of historic inventions.wiki,529,Late modern period,19th century,1817,1817,1817,1817,exact,Karl von Drais,"Baron Karl von Drais invents the dandy horse, an early velocipede and precursor to the modern bicycle.",Karl von Drais;dandy horse;velocipede;bicycle,
invsrc_0293,Timeline of historic inventions.wiki,530,Late modern period,19th century,1818,1818,1818,1818,exact,Marc Isambard Brunel invents the tunnelling shield,Marc Isambard Brunel invents the tunnelling shield.,Marc Isambard Brunel;tunnelling shield,
invsrc_0294,Timeline of historic inventions.wiki,533,Late modern period,19th century,1822,1822,1822,1822,exact,Thomas Blanchard invents the pattern-tracing lathe,"Thomas Blanchard invents the pattern-tracing lathe (actually more like a shaper). The lathe can copy symmetrical shapes and is used for making gun stocks, and later, ax handles.",Thomas Blanchard (inventor);shaper,
invsrc_0295,Timeline of historic inventions.wiki,545,Late modern period,19th century,1822,1822,1822,1822,exact,"Nicéphore Niépce invents Heliography, the first photographic process","Nicéphore Niépce invents Heliography, the first photographic process.",Nicéphore Niépce;Heliography,
invsrc_0296,Timeline of historic inventions.wiki,546,Late modern period,19th century,1822,1822,1822,1822,exact,Charles Babbage,"Charles Babbage, considered the ""father of the computer"", begins building the first programmable mechanical computer.",Charles Babbage;computer pioneer;mechanical computer,
invsrc_0297,Timeline of historic inventions.wiki,547,Late modern period,19th century,1823,1823,1823,1823,exact,Johann Wolfgang Döbereiner invents the first lighter,Johann Wolfgang Döbereiner invents the first lighter.,Johann Wolfgang Döbereiner;Döbereiner's lamp,
invsrc_0298,Timeline of historic inventions.wiki,548,Late modern period,19th century,1824,1824,1824,1824,exact,Johann Nikolaus von Dreyse invents the bolt-action rifle,Johann Nikolaus von Dreyse invents the bolt-action rifle.,Johann Nikolaus von Dreyse;bolt action,
invsrc_0299,Timeline of historic inventions.wiki,549,Late modern period,19th century,1824,1824,1824,1824,exact,William Sturgeon invents the electromagnet,William Sturgeon invents the electromagnet.,William Sturgeon;electromagnet,
invsrc_0300,Timeline of historic inventions.wiki,550,Late modern period,19th century,1826,1826,1826,1826,exact,John Walker invents the friction match,John Walker invents the friction match.,John Walker (inventor);match,
invsrc_0301,Timeline of historic inventions.wiki,551,Late modern period,19th century,1826,1826,1826,1826,exact,Gas stove,James Sharp invents and goes on to manufacture the first practical gas stove.,gas stove,
invsrc_0302,Timeline of historic inventions.wiki,552,Late modern period,19th century,1828,1828,1828,1828,exact,James Beaumont Neilson develops the hot blast process,James Beaumont Neilson develops the hot blast process.,James Beaumont Neilson;hot blast,
invsrc_0303,Timeline of historic inventions.wiki,553,Late modern period,19th century,1828,1828,1828,1828,exact,Patrick Bell invents the reaping machine,Patrick Bell invents the reaping machine.,Patrick Bell;reaping machine,
invsrc_0304,Timeline of historic inventions.wiki,554,Late modern period,19th century,1828,1828,1828,1828,exact,Ányos Jedlik,Hungarian physicist Ányos Jedlik invents the first commutated rotary electromechanical machine with electromagnets.,Ányos Jedlik;Timeline of the electric motor,
invsrc_0305,Timeline of historic inventions.wiki,555,Late modern period,19th century,1829,1829,1829,1829,exact,Louis Braille,Louis Braille invents the Braille reading system for the blind.,Louis Braille;Braille,
invsrc_0306,Timeline of historic inventions.wiki,556,Late modern period,19th century,1829,1829,1829,1829,exact,William Mann invents the compound air compressor,William Mann invents the compound air compressor.,air compressor,
invsrc_0307,Timeline of historic inventions.wiki,557,Late modern period,19th century,1829,1829,1829,1829,exact,Henry Robinson Palmer,Henry Robinson Palmer is awarded a patent for corrugated galvanised iron.,Henry Robinson Palmer;corrugated galvanised iron,
invsrc_0308,Timeline of historic inventions.wiki,560,Late modern period,19th century,1830,1830,1830,1830,exact,Edwin Budding invents the lawn mower,Edwin Budding invents the lawn mower.,Edwin Budding;lawn mower,
invsrc_0309,Timeline of historic inventions.wiki,561,Late modern period,19th century,1831,1831,1831,1831,exact,Michael Faraday invents a method of electromagnetic induction,Michael Faraday invents a method of electromagnetic induction. It would be independently invented by Joseph Henry the following year. Faraday is credited with inventing the first electric generator called the Faraday disk.,Michael Faraday;electromagnetic induction;Joseph Henry;electric generator;Homopolar generator,
invsrc_0310,Timeline of historic inventions.wiki,562,Late modern period,19th century,1833,1833,1833,1833,exact,Charles Babbage,"Charles Babbage introduces his ""mechanical calculating machine"", the first mechanical computer.",Charles Babbage;mechanical calculating machine,
invsrc_0311,Timeline of historic inventions.wiki,563,Late modern period,19th century,1834,1834,1834,1834,exact,Moritz von Jacobi,Moritz von Jacobi invents the first practical electric motor.,Moritz von Jacobi;electric motor,
invsrc_0312,Timeline of historic inventions.wiki,564,Late modern period,19th century,1835,1835,1835,1835,exact,Joseph Henry invents the electromechanical relay,Joseph Henry invents the electromechanical relay.,Joseph Henry;relay,
invsrc_0313,Timeline of historic inventions.wiki,565,Late modern period,19th century,1837,1837,1837,1837,exact,Samuel Morse invents Morse code,Samuel Morse invents Morse code.,Samuel Morse;Morse code,
invsrc_0314,Timeline of historic inventions.wiki,566,Late modern period,19th century,1838,1838,1838,1838,exact,Moritz von Jacobi invents electrotyping,Moritz von Jacobi invents electrotyping.,Moritz von Jacobi;electrotyping,
invsrc_0315,Timeline of historic inventions.wiki,567,Late modern period,19th century,1839,1839,1839,1839,exact,William Otis invents the steam shovel,William Otis invents the steam shovel.,William Otis;steam shovel,
invsrc_0316,Timeline of historic inventions.wiki,568,Late modern period,19th century,1839,1839,1839,1839,exact,James Nasmyth invents the steam hammer,James Nasmyth invents the steam hammer.,James Nasmyth;steam hammer,
invsrc_0317,Timeline of historic inventions.wiki,569,Late modern period,19th century,1839,1839,1839,1839,exact,Edmond Becquerel,"Edmond Becquerel invents a method for the photovoltaic effect, effectively producing the first solar cell.",Edmond Becquerel;photovoltaic effect;solar cell,
invsrc_0318,Timeline of historic inventions.wiki,570,Late modern period,19th century,1839,1839,1839,1839,exact,Charles Goodyear invents vulcanized rubber,Charles Goodyear invents vulcanized rubber.,Charles Goodyear;Vulcanization,
invsrc_0319,Timeline of historic inventions.wiki,571,Late modern period,19th century,1839,1839,1839,1839,exact,Louis Daguerre invents daguerreotype photography,Louis Daguerre invents daguerreotype photography.,Louis Daguerre;daguerreotype,
invsrc_0320,Timeline of historic inventions.wiki,572,Late modern period,19th century,1839,1839,1839,1839,exact,Kirkpatrick Macmillan invents the first bicycle,Kirkpatrick Macmillan invents the first bicycle.,Kirkpatrick Macmillan;bicycle,
invsrc_0321,Timeline of historic inventions.wiki,576,Late modern period,19th century,1840,1840,1840,1840,exact,John Herschel invents the blueprint,John Herschel invents the blueprint.,John Herschel;blueprint,
invsrc_0322,Timeline of historic inventions.wiki,577,Late modern period,19th century,1841,1841,1841,1841,exact,Alexander Bain devises a printing telegraph,Alexander Bain devises a printing telegraph.,Alexander Bain (inventor),
invsrc_0323,Timeline of historic inventions.wiki,578,Late modern period,19th century,1842,1842,1842,1842,exact,William Robert Grove invents the first fuel cell,William Robert Grove invents the first fuel cell.,William Robert Grove;fuel cell,
invsrc_0324,Timeline of historic inventions.wiki,579,Late modern period,19th century,1842,1842,1842,1842,exact,John Bennet Lawes,"John Bennet Lawes invents superphosphate, the first man-made fertilizer.",John Bennet Lawes;superphosphate;fertilizer,
invsrc_0325,Timeline of historic inventions.wiki,580,Late modern period,19th century,1844,1844,1844,1844,exact,Friedrich Gottlob Keller,"Friedrich Gottlob Keller and, independently, Charles Fenerty come up with the wood pulp method of paper production.",Friedrich Gottlob Keller;Charles Fenerty,
invsrc_0326,Timeline of historic inventions.wiki,581,Late modern period,19th century,1844,1844,1844,1844,exact,Francis Rynd invents the hypodermic needle,Francis Rynd invents the hypodermic needle.,Francis Rynd;hypodermic needle,
invsrc_0327,Timeline of historic inventions.wiki,582,Late modern period,19th century,1844,1844,1844,1844,exact,Horace Wells,Horace Wells successfully used nitrous oxide as an anesthesia.,Horace Wells;nitrous oxide;anesthesia,
invsrc_0328,Timeline of historic inventions.wiki,583,Late modern period,19th century,1845,1845,1845,1845,exact,Isaac Charles Johnson invents modern Portland cement,Isaac Charles Johnson invents modern Portland cement.,Isaac Charles Johnson;Portland cement,
invsrc_0329,Timeline of historic inventions.wiki,584,Late modern period,19th century,1846,1846,1846,1846,exact,Henri-Joseph Maus invents the tunnel boring machine,Henri-Joseph Maus invents the tunnel boring machine.,tunnel boring machine,
invsrc_0330,Timeline of historic inventions.wiki,585,Late modern period,19th century,1846,1846,1846,1846,exact,Elias Howe,"Elias Howe received a patent for a sewing machine, the model for the Singer Sewing Machine.",Elias Howe;sewing machine;Singer Sewing Machine,
invsrc_0331,Timeline of historic inventions.wiki,586,Late modern period,19th century,1847,1847,1847,1847,exact,Ascanio Sobrero,"Ascanio Sobrero invents nitroglycerin, the first explosive made that was stronger than black powder.",Ascanio Sobrero;nitroglycerin;black powder,
invsrc_0332,Timeline of historic inventions.wiki,587,Late modern period,19th century,1848,1848,1848,1848,exact,Jonathan J,Jonathan J. Couch invents the pneumatic drill.,jackhammer,
invsrc_0333,Timeline of historic inventions.wiki,588,Late modern period,19th century,1848,1848,1848,1848,exact,Linus Yale Sr,Linus Yale Sr. invents the first modern pin tumbler lock.,Linus Yale Jr.;pin tumbler lock,
invsrc_0334,Timeline of historic inventions.wiki,589,Late modern period,19th century,1849,1849,1849,1849,exact,Walter Hunt,Walter Hunt invents the first repeating rifle to use metallic cartridges (of his own design) and a spring-fed magazine.,Walter Hunt (inventor);repeating rifle,
invsrc_0335,Timeline of historic inventions.wiki,590,Late modern period,19th century,1849,1849,1849,1849,exact,James B,James B. Francis invents the Francis turbine.,James B. Francis;Francis turbine,
invsrc_0336,Timeline of historic inventions.wiki,591,Late modern period,19th century,1849,1849,1849,1849,exact,Walter Hunt invents the safety pin,Walter Hunt invents the safety pin.,Walter Hunt (inventor);safety pin,
invsrc_0337,Timeline of historic inventions.wiki,594,Late modern period,19th century,1850,1850,1850,1850,exact,William Armstrong invents the hydraulic accumulator,William Armstrong invents the hydraulic accumulator.,"William Armstrong, 1st Baron Armstrong;hydraulic accumulator",
invsrc_0338,Timeline of historic inventions.wiki,595,Late modern period,19th century,1851,1851,1851,1851,exact,George Jennings,"George Jennings offers the first public flush toilets, accessible for a penny per visit, and in 1852 receives a UK patent for the single piece, free standing, earthenware, trap plumed, flushing, water-closet.",George Jennings,
invsrc_0339,Timeline of historic inventions.wiki,596,Late modern period,19th century,1852,1852,1852,1852,exact,Robert Bunsen,Robert Bunsen is the first to use a chemical vapor deposition technique.,Robert Bunsen;chemical vapor deposition,
invsrc_0340,Timeline of historic inventions.wiki,597,Late modern period,19th century,1852,1852,1852,1852,exact,Elisha Otis invents the safety brake elevator,Elisha Otis invents the safety brake elevator.,Elisha Otis,
invsrc_0341,Timeline of historic inventions.wiki,598,Late modern period,19th century,1852,1852,1852,1852,exact,Henri Giffard,"Henri Giffard becomes the first person to make a manned, controlled and powered flight using a dirigible.",Henri Giffard;dirigible,
invsrc_0342,Timeline of historic inventions.wiki,599,Late modern period,19th century,1853,1853,1853,1853,exact,François Coignet invents reinforced concrete,François Coignet invents reinforced concrete.,reinforced concrete,
invsrc_0343,Timeline of historic inventions.wiki,600,Late modern period,19th century,1855,1855,1855,1855,exact,James Clerk Maxwell,"James Clerk Maxwell invents the first practical method for color photography, whether chemical or electronic.",James Clerk Maxwell;color photography,
invsrc_0344,Timeline of historic inventions.wiki,601,Late modern period,19th century,1855,1855,1855,1855,exact,Henry Bessemer,"Henry Bessemer patents the Bessemer process for making steel, with improvements made by others over the following years.",Henry Bessemer;Bessemer process,
invsrc_0345,Timeline of historic inventions.wiki,602,Late modern period,19th century,1856,1856,1856,1856,exact,Alexander Parkes,"Alexander Parkes invents parkesine, also known as celluloid, the first man-made plastic.",Alexander Parkes;parkesine;celluloid;plastic,
invsrc_0346,Timeline of historic inventions.wiki,603,Late modern period,19th century,1856,1856,1856,1856,exact,James Harrison,"James Harrison produces the world's first practical ice making machine and refrigerator using the principle of vapour compression in Geelong, Australia.",James Harrison (engineer),
invsrc_0347,Timeline of historic inventions.wiki,604,Late modern period,19th century,1856,1856,1856,1856,exact,William Henry Perkin,"William Henry Perkin invents mauveine, the first synthetic dye.",William Henry Perkin;mauveine;synthetic dye,
invsrc_0348,Timeline of historic inventions.wiki,605,Late modern period,19th century,1857,1857,1857,1857,exact,Heinrich Geissler invents the Geissler tube,Heinrich Geissler invents the Geissler tube.,Heinrich Geissler;Geissler tube,
invsrc_0349,Timeline of historic inventions.wiki,606,Late modern period,19th century,1857,1857,1857,1857,exact,Phonautograph,"The phonautograph, the earliest known device for recording sound, is patented and invented by Frenchman Édouard-Léon Scott de Martinville.",phonautograph;Édouard-Léon Scott de Martinville,
invsrc_0350,Timeline of historic inventions.wiki,607,Late modern period,19th century,1859,1859,1859,1859,exact,Gaston Planté,"Gaston Planté invents the lead acid battery, the first rechargeable battery.",Gaston Planté;lead-acid;rechargeable battery,
invsrc_0351,Timeline of historic inventions.wiki,610,Late modern period,19th century,1860,1860,1860,1860,exact,Joseph Swan produces carbon fibers,Joseph Swan produces carbon fibers.,Joseph Swan;carbon fibers,
invsrc_0352,Timeline of historic inventions.wiki,611,Late modern period,19th century,1862,1862,1862,1862,exact,Richard Jordan Gatling,"Richard Jordan Gatling invents the Gatling gun, the first multi-barrel rapid-fire gun.",Richard Jordan Gatling;Gatling gun,
invsrc_0353,Timeline of historic inventions.wiki,612,Late modern period,19th century,1864,1864,1864,1864,exact,Louis Pasteur invents the pasteurization process,Louis Pasteur invents the pasteurization process.,Louis Pasteur;pasteurization;The Lancet Microbe,
invsrc_0354,Timeline of historic inventions.wiki,613,Late modern period,19th century,1865,1865,1865,1865,exact,Carl Wilhelm Siemens,Carl Wilhelm Siemens and Pierre-Émile Martin invent the Siemens-Martin process for making steel.,Carl Wilhelm Siemens;Pierre-Émile Martin,
invsrc_0355,Timeline of historic inventions.wiki,614,Late modern period,19th century,1867,1867,1867,1867,exact,Alfred Nobel,"Alfred Nobel invents dynamite, the first safely manageable explosive stronger than black powder.",Alfred Nobel;dynamite;black powder,
invsrc_0356,Timeline of historic inventions.wiki,615,Late modern period,19th century,1867,1867,1867,1867,exact,Lucien B,Lucien B. Smith invents barbed wire.,barbed wire,
invsrc_0357,Timeline of historic inventions.wiki,618,Late modern period,19th century,1872,1872,1872,1872,exact,Polyvinyl chloride,"Polyvinyl chloride, more commonly known as vinyl, is synthesized by German chemist Eugen Baumann.",Polyvinyl chloride;Eugen Baumann,
invsrc_0358,Timeline of historic inventions.wiki,619,Late modern period,19th century,1872,1872,1872,1872,exact,Stainless steel,J. E. T. Woods and J. Clark invent stainless steel. Harry Brearley is the first to commercialize it.,stainless steel;Harry Brearley,
invsrc_0359,Timeline of historic inventions.wiki,620,Late modern period,19th century,1873,1873,1873,1873,exact,Frederick Ransome invents the rotary kiln,Frederick Ransome invents the rotary kiln.,Frederick Ransome;rotary kiln,
invsrc_0360,Timeline of historic inventions.wiki,621,Late modern period,19th century,1873,1873,1873,1873,exact,William Crookes,"William Crookes, a chemist, invents the Crookes radiometer as the by-product of some chemical research.",William Crookes;Crookes radiometer,
invsrc_0361,Timeline of historic inventions.wiki,622,Late modern period,19th century,1873,1873,1873,1873,exact,Zénobe Gramme,"Zénobe Gramme invents the first commercial electrical generator, the Gramme machine.",Zénobe Gramme;electrical generator;Gramme machine,
invsrc_0362,Timeline of historic inventions.wiki,623,Late modern period,19th century,1874,1874,1874,1874,exact,Gustave Trouvé invents the first metal detector,Gustave Trouvé invents the first metal detector.,Gustave Trouvé;metal detector,
invsrc_0363,Timeline of historic inventions.wiki,624,Late modern period,19th century,1874,1874,1874,1874,exact,Ferdinand von Zeppelin invents the Zeppelin rigid airship,Ferdinand von Zeppelin invents the Zeppelin rigid airship.,Ferdinand von Zeppelin;Zeppelin,
invsrc_0364,Timeline of historic inventions.wiki,625,Late modern period,19th century,1875,1875,1875,1875,exact,Fyodor Pirotsky,"Fyodor Pirotsky invents the first electric tram near Saint Petersburg, Russia.","Fyodor Pirotsky;electric tram;Saint Petersburg, Russia",
invsrc_0365,Timeline of historic inventions.wiki,626,Late modern period,19th century,1876,1876,1876,1876,exact,Nicolaus August Otto invents the four-stroke cycle,Nicolaus August Otto invents the four-stroke cycle.,Nicolaus August Otto;four-stroke cycle,
invsrc_0366,Timeline of historic inventions.wiki,627,Late modern period,19th century,1876,1876,1876,1876,exact,Alexander Graham Bell,"Alexander Graham Bell has a patent granted for the telephone. However, other inventors before Bell had worked on the development of the telephone and the invention had several pioneers.",Alexander Graham Bell;telephone,
invsrc_0367,Timeline of historic inventions.wiki,628,Late modern period,19th century,1877,1877,1877,1877,exact,Thomas Edison invents the first working phonograph,Thomas Edison invents the first working phonograph.,Thomas Edison;phonograph,
invsrc_0368,Timeline of historic inventions.wiki,629,Late modern period,19th century,1878,1878,1878,1878,exact,Henry Fleuss,Henry Fleuss is granted a patent for the first practical rebreather.,Henry Fleuss;rebreather,
invsrc_0369,Timeline of historic inventions.wiki,630,Late modern period,19th century,1878,1878,1878,1878,exact,Lester Allan Pelton,"Lester Allan Pelton invents the Pelton wheel, a type of water turbine.",Lester Allan Pelton;Pelton wheel,
invsrc_0370,Timeline of historic inventions.wiki,631,Late modern period,19th century,1879,1879,1879,1879,exact,Joseph Swan,"Joseph Swan and Thomas Edison both patent a functional incandescent light bulb. Some two dozen inventors had experimented with electric incandescent lighting over the first three-quarters of the 19th century but never came up with a practical design. Swan's, which he had been working on since the 1860s, had a low.",Joseph Swan;Thomas Edison;incandescent light bulb,
invsrc_0371,Timeline of historic inventions.wiki,634,Late modern period,19th century,1881,1881,1881,1881,exact,Nikolay Benardos,"Nikolay Benardos presents carbon arc welding, the first practical arc welding method.",Nikolay Benardos;carbon arc welding;arc welding,
invsrc_0372,Timeline of historic inventions.wiki,635,Late modern period,19th century,1884,1884,1884,1884,exact,"Hiram Maxim invents the recoil-operated Maxim gun, ushering","Hiram Maxim invents the recoil-operated Maxim gun, ushering in the age of semi- and fully automatic firearms.",Hiram Maxim;recoil operation;Maxim gun,
invsrc_0373,Timeline of historic inventions.wiki,636,Late modern period,19th century,1884,1884,1884,1884,exact,Paul Vieille,"Paul Vieille invents Poudre B, the first smokeless powder for firearms.",Paul Vieille;Poudre B;smokeless powder,
invsrc_0374,Timeline of historic inventions.wiki,637,Late modern period,19th century,1884,1884,1884,1884,exact,Sir Charles Parsons invents the modern steam turbine,Sir Charles Parsons invents the modern steam turbine.,Charles Algernon Parsons;steam turbine,
invsrc_0375,Timeline of historic inventions.wiki,638,Late modern period,19th century,1884,1884,1884,1884,exact,Károly Zipernowsky,"Hungarian engineers Károly Zipernowsky, Ottó Bláthy and Miksa Déri invent the closed core high efficiency transformer and the AC parallel power distribution.",Károly Zipernowsky;Ottó Bláthy;Miksa Déri,
invsrc_0376,Timeline of historic inventions.wiki,639,Late modern period,19th century,1885,1885,1885,1885,exact,John Kemp Starley invents the modern safety bicycle,John Kemp Starley invents the modern safety bicycle.,John Kemp Starley;safety bicycle,
invsrc_0377,Timeline of historic inventions.wiki,640,Late modern period,19th century,1886,1886,1886,1886,exact,Carl Gassner,"Carl Gassner invents the zinc–carbon battery, the first dry cell battery, making portable electronics practical.",Carl Gassner;zinc–carbon battery;dry cell,
invsrc_0378,Timeline of historic inventions.wiki,641,Late modern period,19th century,1886,1886,1886,1886,exact,Charles Martin Hall,Charles Martin Hall and independently Paul Héroult invent the Hall–Héroult process for economically producing aluminum in 1886.,Charles Martin Hall;Paul Héroult;Hall–Héroult process,
invsrc_0379,Timeline of historic inventions.wiki,642,Late modern period,19th century,1886,1886,1886,1886,exact,Karl Benz,Karl Benz invents the first petrol or gasoline powered auto-mobile (car).,Karl Benz;Portable Document Format;German language,
invsrc_0380,Timeline of historic inventions.wiki,643,Late modern period,19th century,1887,1887,1887,1887,exact,Carl Josef Bayer,Carl Josef Bayer invents the Bayer process for the production of alumina.,Carl Josef Bayer;Bayer process,
invsrc_0381,Timeline of historic inventions.wiki,644,Late modern period,19th century,1887,1887,1887,1887,exact,James Blyth,James Blyth invents the first wind turbine used for generating electricity.,James Blyth (engineer);wind turbine,
invsrc_0382,Timeline of historic inventions.wiki,645,Late modern period,19th century,1887,1887,1887,1887,exact,John Stewart MacArthur,"John Stewart MacArthur, working in collaboration with brothers Dr. Robert and Dr. William Forrest, develops the process of gold cyanidation.",John Stewart MacArthur;gold cyanidation,
invsrc_0383,Timeline of historic inventions.wiki,646,Late modern period,19th century,1888,1888,1888,1888,exact,John J,John J. Loud invents the ballpoint pen.,John J. Loud;ballpoint pen,
invsrc_0384,Timeline of historic inventions.wiki,647,Late modern period,19th century,1888,1888,1888,1888,exact,Thomas Edison,Thomas Edison and William Kennedy Dickson invent the Kinetoscope.,Thomas Edison;William Kennedy Dickson;Kinetoscope,
invsrc_0385,Timeline of historic inventions.wiki,648,Late modern period,19th century,1888,1888,1888,1888,exact,Practical pneumatic tire was made,"The first practical pneumatic tire was made by Scotsman John Boyd Dunlop, the patent was from 1847 by Robert William Thomson.",pneumatic tire;John Boyd Dunlop;Robert William Thomson,
invsrc_0386,Timeline of historic inventions.wiki,651,Late modern period,19th century,1890s,1890,1890,1890,exact,Frédéric Swarts,Frédéric Swarts invents the first chlorofluorocarbons to be applied as refrigerant.,Frédéric Swarts;chlorofluorocarbon,
invsrc_0387,Timeline of historic inventions.wiki,652,Late modern period,19th century,1890,1890,1890,1890,exact,Robert Gair invents the pre-cut cardboard box,Robert Gair invents the pre-cut cardboard box.,Robert Gair;cardboard box,
invsrc_0388,Timeline of historic inventions.wiki,653,Late modern period,19th century,1891,1891,1891,1891,exact,Whitcomb Judson invents the zipper,Whitcomb Judson invents the zipper.,Whitcomb Judson;zipper,
invsrc_0389,Timeline of historic inventions.wiki,654,Late modern period,19th century,1892,1892,1892,1892,exact,Léon Bouly invents the cinematograph,Léon Bouly invents the cinematograph.,Léon Bouly;cinematograph,
invsrc_0390,Timeline of historic inventions.wiki,655,Late modern period,19th century,1892,1892,1892,1892,exact,Thomas Ahearn invents the electric oven,Thomas Ahearn invents the electric oven.,Thomas Ahearn;Electric stove,
invsrc_0391,Timeline of historic inventions.wiki,656,Late modern period,19th century,1892,1892,1892,1892,exact,John Froelich invented the gas-powered tractor,John Froelich invented the gas-powered tractor.,John Froelich;tractor,
invsrc_0392,Timeline of historic inventions.wiki,657,Late modern period,19th century,1893,1893,1893,1893,exact,Rudolf Diesel invents the diesel engine,Rudolf Diesel invents the diesel engine (although Herbert Akroyd Stuart had experimented with compression ignition before Diesel).,Rudolf Diesel;diesel engine;Herbert Akroyd Stuart,
invsrc_0393,Timeline of historic inventions.wiki,658,Late modern period,19th century,1893,1893,1893,1893,exact,William Stewart Halsted,"William Stewart Halsted, invents the rubber glove for his wife Caroline Hampton as he noticed her hands were affected by the daily surgeries she had performed. The gloves were intended to prevent medical staff from developing dermatitis from surgical chemicals. The first modern disposable glove was created by Ansell.",William Stewart Halsted;rubber glove;Caroline Hampton;dermatitis,
invsrc_0394,Timeline of historic inventions.wiki,659,Late modern period,19th century,1895,1895,1895,1895,exact,Guglielmo Marconi,"Guglielmo Marconi invents the radio, a system of wireless communication using radio waves.",Guglielmo Marconi,
invsrc_0395,Timeline of historic inventions.wiki,660,Late modern period,19th century,1895,1895,1895,1895,exact,Wilhelm Conrad Röntgen invented the first radiograph,Wilhelm Conrad Röntgen invented the first radiograph (X-ray).,Wilhelm Conrad Röntgen;xrays,
invsrc_0396,Timeline of historic inventions.wiki,661,Late modern period,19th century,1897,1897,1897,1897,exact,Surgical masks,"Surgical masks made of cloth were developed in Europe by physicians Jan Mikulicz-Radecki at the University of Breslau and Paul Berger in Paris, as a result of increasing awareness of germ theory and the importance of antiseptic procedures in medicine.",Surgical masks;Jan Mikulicz-Radecki;University of Breslau;Paul Berger (physician),
invsrc_0397,Timeline of historic inventions.wiki,662,Late modern period,19th century,1898,1898,1898,1898,exact,Hans von Pechmann,"Hans von Pechmann synthesizes polyethylene, now the most common plastic in the world.",Hans von Pechmann;polyethylene;plastic,
invsrc_0398,Timeline of historic inventions.wiki,663,Late modern period,19th century,1899,1899,1899,1899,exact,Waldemar Jungner,Waldemar Jungner invents the rechargeable nickel-cadmium battery (NiCd) as well as the nickel-iron electric storage battery (NiFe) and the rechargeable alkaline silver-cadmium battery (AgCd).,Waldemar Jungner;nickel-cadmium battery;nickel-iron battery;silver-cadmium battery,
invsrc_0399,Timeline of historic inventions.wiki,668,Late modern period,20th century,1901,1901,1901,1901,exact,Vacuum cleaner,"The first motorized cleaner using suction, a powered ""vacuum cleaner"", is patented independently by Hubert Cecil Booth and David T. Kenney.",vacuum cleaner;Hubert Cecil Booth;David T. Kenney,
invsrc_0400,Timeline of historic inventions.wiki,669,Late modern period,20th century,1903,1903,1903,1903,exact,Successful gas turbine is invented,The first successful gas turbine is invented by Ægidius Elling.,gas turbine;Ægidius Elling,
invsrc_0401,Timeline of historic inventions.wiki,670,Late modern period,20th century,1903,1903,1903,1903,exact,Édouard Bénédictus invents laminated glass,Édouard Bénédictus invents laminated glass.,laminated glass,
invsrc_0402,Timeline of historic inventions.wiki,671,Late modern period,20th century,1904,1904,1904,1904,exact,Fleming valve,"The Fleming valve, the first vacuum tube and diode, is invented by John Ambrose Fleming.",Fleming valve;vacuum tube;diode;John Ambrose Fleming,
invsrc_0403,Timeline of historic inventions.wiki,672,Late modern period,20th century,1907,1907,1907,1907,exact,"Leo Baekeland invents bakelite, the first plastic made","Leo Baekeland invents bakelite, the first plastic made from synthetic components.",Leo Baekeland;bakelite;plastic,
invsrc_0404,Timeline of historic inventions.wiki,673,Late modern period,20th century,1907,1907,1907,1907,exact,Fr:Maurice Roy,The tuyères thermopropulsives after 1945 (Maurice Roy (fr)) known as the statoreacteur a combustion subsonique (the ramjet) – R. Lorin.,:fr:Maurice Roy (professeur);Grand Larousse encyclopédique;ramjet;University of Toulouse;:fr:René Lorin;L'Aérophile;René Lorin;search criteria;BnF;University of Nebraska Press,
invsrc_0405,Timeline of historic inventions.wiki,675,Late modern period,20th century,1908,1908,1908,1908,exact,Cellophane is invented by Jacques E,Cellophane is invented by Jacques E. Brandenberger.,Cellophane;Jacques E. Brandenberger,
invsrc_0406,Timeline of historic inventions.wiki,676,Late modern period,20th century,1909,1909,1909,1909,exact,Fritz Haber invents the Haber process,Fritz Haber invents the Haber process.,Fritz Haber;Haber process,
invsrc_0407,Timeline of historic inventions.wiki,679,Late modern period,20th century,1911,1911,1911,1911,exact,"Cloud chamber, the first particle detector, is invented","The cloud chamber, the first particle detector, is invented by Charles Thomson Rees Wilson.",cloud chamber;particle detector;Charles Thomson Rees Wilson,
invsrc_0408,Timeline of historic inventions.wiki,680,Late modern period,20th century,1913,1913,1913,1913,exact,Bergius process is developed,The Bergius process is developed by Friedrich Bergius.,Bergius process;Friedrich Bergius,
invsrc_0409,Timeline of historic inventions.wiki,681,Late modern period,20th century,1913,1913,1913,1913,exact,Kaplan turbine is invented,The Kaplan turbine is invented by Viktor Kaplan.,Kaplan turbine;Viktor Kaplan,
invsrc_0410,Timeline of historic inventions.wiki,682,Late modern period,20th century,1915,1915,1915,1915,exact,Harry Brearley,"Harry Brearley invents a process to create Martensitic stainless steel, initially labelled Rustless Steel, later marketed as Staybrite, and AISI Type 420.",Harry Brearley;Martensitic stainless steel,
invsrc_0411,Timeline of historic inventions.wiki,683,Late modern period,20th century,1915,1915,1915,1915,exact,Tanks,"The first operational military tanks are designed in Great Britain and France. They are used in battle from 1916 and 1917 respectively. The designers in Great Britain are Walter Wilson and William Tritton and in France, Eugène Brillié. (Although it is known that vehicles incorporating at least some of the features of.",tanks;Walter Gordon Wilson;William Tritton;Eugène Brillié,
invsrc_0412,Timeline of historic inventions.wiki,684,Late modern period,20th century,1916,1916,1916,1916,exact,Czochralski process,"The Czochralski process, widely used for the production of single crystal silicon, is invented by Jan Czochralski.",Czochralski process;silicon;Jan Czochralski,
invsrc_0413,Timeline of historic inventions.wiki,685,Late modern period,20th century,1917,1917,1917,1917,exact,Crystal oscillator is invented by Alexander M,The crystal oscillator is invented by Alexander M. Nicolson using a crystal of Rochelle Salt although his priority was disputed by Walter Guyton Cady.,crystal oscillator;Alexander M. Nicolson;Rochelle Salt;Walter Guyton Cady,
invsrc_0414,Timeline of historic inventions.wiki,688,Late modern period,20th century,1925,1925,1925,1925,exact,Fischer-Tropsch process is developed,The Fischer–Tropsch process is developed by Franz Fischer and Hans Tropsch at the Kaiser-Wilhelm-Institut für Kohlenforschung.,Fischer–Tropsch process;Franz Joseph Emil Fischer;Hans Tropsch;Max Planck Institute for Coal Research,
invsrc_0415,Timeline of historic inventions.wiki,689,Late modern period,20th century,1926,1926,1926,1926,exact,Yagi-Uda Antenna,"The Yagi-Uda Antenna or simply Yagi Antenna is invented by Shintaro Uda of Tohoku Imperial University, assisted by his colleague Hidetsugu Yagi. The Yagi Antenna was widely used during World War II. After the war they saw extensive development as home television antennas.",Yagi-Uda Antenna;Shintaro Uda;Tohoku Imperial University;Hidetsugu Yagi;World War II;television antennas,
invsrc_0416,Timeline of historic inventions.wiki,690,Late modern period,20th century,1926,1926,1926,1926,exact,Robert H,Robert H. Goddard launches the first liquid fueled rocket.,Robert H. Goddard;Bipropellant rocket,
invsrc_0417,Timeline of historic inventions.wiki,691,Late modern period,20th century,1926,1926,1926,1926,exact,Harry Ferguson,"Harry Ferguson, patents the Three-point hitch equipment linkage system for tractors.",Harry Ferguson;Three-point hitch,
invsrc_0418,Timeline of historic inventions.wiki,692,Late modern period,20th century,1926,1926,1926,1926,exact,John Logie Baird,John Logie Baird demonstrates the world's first live working television system.,John Logie Baird;Mechanical television,
invsrc_0419,Timeline of historic inventions.wiki,693,Late modern period,20th century,1927,1927,1927,1927,exact,Quartz clock,The quartz clock is invented by Warren Marrison and J.W. Horton at Bell Telephone Laboratories.,quartz clock;Bell Telephone Laboratories,
invsrc_0420,Timeline of historic inventions.wiki,694,Late modern period,20th century,1928,1928,1928,1928,exact,Penicillin,"Penicillin is first observed to exude antibiotic substances by Nobel laureate Alexander Fleming. Development of medicinal penicillin is attributed to a team of medics and scientists including Howard Walter Florey, Ernst Chain and Norman Heatley.",Penicillin;Alexander Fleming;Howard Walter Florey;Ernst Chain;Norman Heatley,
invsrc_0421,Timeline of historic inventions.wiki,695,Late modern period,20th century,1928,1928,1928,1928,exact,Frank Whittle,"Frank Whittle formally submitted his ideas for a turbo-jet engine. In October 1929, he developed his ideas further. On 16 January 1930, Whittle submitted his first patent (granted in 1932).",Frank Whittle,
invsrc_0422,Timeline of historic inventions.wiki,696,Late modern period,20th century,1928,1928,1928,1928,exact,Philo Farnsworth,Philo Farnsworth demonstrates the first practical electronic television to the press.,Philo Farnsworth;electronic television,
invsrc_0423,Timeline of historic inventions.wiki,697,Late modern period,20th century,1929,1929,1929,1929,exact,Ball screw is invented by Rudolph G,The ball screw is invented by Rudolph G. Boehm.,ball screw,
invsrc_0424,Timeline of historic inventions.wiki,700,Late modern period,20th century,1930,1930,1930,1930,exact,Supersonic combusting ramjet,The Supersonic combusting ramjet — Frank Whittle.,Supersonic combusting ramjet;Frank Whittle,
invsrc_0425,Timeline of historic inventions.wiki,701,Late modern period,20th century,1930,1930,1930,1930,exact,Phase-contrast microscopy is invented,The Phase-contrast microscopy is invented by Frits Zernike.,Phase-contrast microscopy;Frits Zernike,
invsrc_0426,Timeline of historic inventions.wiki,702,Late modern period,20th century,1931,1931,1931,1931,exact,Electron microscope is invented,The electron microscope is invented by Ernst Ruska.,electron microscope;Ernst Ruska,
invsrc_0427,Timeline of historic inventions.wiki,703,Late modern period,20th century,1933,1933,1933,1933,exact,FM radio is patented by inventor Edwin H,FM radio is patented by inventor Edwin H. Armstrong.,FM radio;Edwin H. Armstrong,
invsrc_0428,Timeline of historic inventions.wiki,704,Late modern period,20th century,1933,1933,1933,1933,exact,Harry C,"Harry C. Jennings Sr. and Herbert Everest, both mechanical engineers, invented the first lightweight, steel, folding, portable wheelchair with their ""X-brace"" design.",Everest and Jennings;mechanical engineer;wheelchair,
invsrc_0429,Timeline of historic inventions.wiki,705,Late modern period,20th century,1935,1935,1935,1935,exact,"Nylon, the first fully synthetic fiber is produced","Nylon, the first fully synthetic fiber is produced by Wallace Carothers while working at DuPont.",Nylon;synthetic fiber;Wallace Carothers;DuPont;Science History Institute,
invsrc_0430,Timeline of historic inventions.wiki,706,Late modern period,20th century,1938,1938,1938,1938,exact,"Z1, built","Z1, built by Konrad Zuse, is the first freely programmable computer in the world.",Z1 (computer);Konrad Zuse;computer,
invsrc_0431,Timeline of historic inventions.wiki,707,Late modern period,20th century,1938,1938,1938,1938,exact,Nuclear fission,"Nuclear fission discovered in experiment by chemists Otto Hahn and Fritz Strassmann and physicists Lise Meitner and Otto Robert Frisch. The German nuclear energy project was based on this research. The Tube Alloys project and, subsequently, the Manhattan Project and the Soviet atomic bomb project were influenced by.",Nuclear fission;Otto Hahn;Fritz Strassmann;Lise Meitner;Otto Robert Frisch;German nuclear energy project;Tube Alloys;Manhattan Project;Soviet atomic bomb project,
invsrc_0432,Timeline of historic inventions.wiki,708,Late modern period,20th century,1939,1939,1939,1939,exact,Naum Gurvich,G. S. Yunyev or Naum Gurvich invented the electric current defibrillator.,Naum Gurvich;Defibrillation,
invsrc_0433,Timeline of historic inventions.wiki,709,Late modern period,20th century,1939,1939,1939,1939,exact,John Vincent Atanasoff,John Vincent Atanasoff invented the first electronic digital computer.,John Vincent Atanasoff,
invsrc_0434,Timeline of historic inventions.wiki,712,Late modern period,20th century,1940,1940,1940,1940,exact,Isotopes of plutonium,Pu-239 isotope (isotope of plutonium) a form of matter existing with the capacity for use as a destructive element (because the isotope has an exponentially increasing spontaneous fissile decay ) within nuclear devices — Glenn Seaborg.,Isotopes of plutonium;plutonium;Arms Control Association;Atomic Heritage Foundation;National Museum of Nuclear Science & History;United States;spontaneous fission;Emilio Segre;Lawrence Berkeley National Laboratory;nuclear devices;Glenn Seaborg,
invsrc_0435,Timeline of historic inventions.wiki,713,Late modern period,20th century,1940,1940,1940,1940,exact,John Randall,"John Randall and Harry Boot would develop the high power, microwave generating, cavity magnetron, later applied to commercial Radar and Microwave oven appliances.",John Randall (physicist);Harry Boot;cavity magnetron;Radar;Microwave oven,
invsrc_0436,Timeline of historic inventions.wiki,714,Late modern period,20th century,1941,1941,1941,1941,exact,Polyester is invented,Polyester is invented by John Rex Whinfield and James Dickson.,Polyester;John Rex Whinfield,
invsrc_0437,Timeline of historic inventions.wiki,715,Late modern period,20th century,1942,1942,1942,1942,exact,V-2 rocket,"The V-2 rocket, the world's first long range ballistic missile, developed by engineer Wernher von Braun.",V-2 rocket;ballistic missile;Wernher von Braun,
invsrc_0438,Timeline of historic inventions.wiki,716,Late modern period,20th century,1942,1942,1942,1942,exact,Enrico Fermi,Enrico Fermi developed the nuclear reactor and created the first controlled nuclear chain reaction.,Enrico Fermi;nuclear reactor;nuclear chain reaction,
invsrc_0439,Timeline of historic inventions.wiki,717,Late modern period,20th century,1944,1944,1944,1944,exact,Non-infectious viral vaccine is perfected by Dr,The non-infectious viral vaccine is perfected by Dr. Jonas Salk and Thomas Francis.,,
invsrc_0440,Timeline of historic inventions.wiki,721,Contemporary history,1945-1950,1945,1945,1945,1945,exact,Atomic bomb is developed,The atomic bomb is developed by the Manhattan Project and swiftly used in August 1945 in the atomic bombings of Hiroshima and Nagasaki.,Manhattan Project;atomic bombings of Hiroshima and Nagasaki,
invsrc_0441,Timeline of historic inventions.wiki,722,Contemporary history,1945-1950,1945,1945,1945,1945,exact,Percy Spencer,"Percy Spencer, while employed at Raytheon, would patent a magnetron based microwave oven.",Percy Spencer;Raytheon;microwave oven,
invsrc_0442,Timeline of historic inventions.wiki,723,Contemporary history,1945-1950,1945,1945,1945,1945,exact,Willard Libby began his work on radiocarbon dating,"Willard Libby began his work on radiocarbon dating. He published his paper in 1946, a second paper in Science in 1947. Libby and James Arnold succeeded with the radiocarbon dating theory after results were published in Science in December 1949.",Willard Libby;radiocarbon dating;Science (journal);James R. Arnold,
invsrc_0443,Timeline of historic inventions.wiki,724,Contemporary history,1945-1950,1946,1946,1946,1946,exact,"James Martin invents the ejector seat, inspired","James Martin invents the ejector seat, inspired by the death of his friend and test pilot Captain Valentine Baker in an aeroplane crash in 1942.",James Martin (engineer);ejector seat;Valentine Baker (pilot),
invsrc_0444,Timeline of historic inventions.wiki,725,Contemporary history,1945-1950,1947,1947,1947,1947,exact,Holography is invented,Holography is invented by Dennis Gabor.,Holography;Dennis Gabor,
invsrc_0445,Timeline of historic inventions.wiki,726,Contemporary history,1945-1950,1947,1947,1947,1947,exact,Floyd Farris and J.B,Floyd Farris and J.B. Clark (Stanolind Oil and Gas Corporation) invents hydraulic fracturing technology.,Stanolind Oil and Gas Corporation;hydraulic fracturing,
invsrc_0446,Timeline of historic inventions.wiki,727,Contemporary history,1945-1950,1947,1947,1947,1947,exact,"Transistor, a bipolar point-contact transistor, is invented","The first transistor, a bipolar point-contact transistor, is invented by John Bardeen and Walter Brattain under the supervision of William Shockley at Bell Labs.",transistor;point-contact transistor;John Bardeen;Walter Brattain;William Shockley;Bell Labs,
invsrc_0447,Timeline of historic inventions.wiki,728,Contemporary history,1945-1950,1948,1948,1948,1948,exact,Atomic clock,The first atomic clock is developed at the National Bureau of Standards.,atomic clock;National Bureau of Standards,
invsrc_0448,Timeline of historic inventions.wiki,729,Contemporary history,1945-1950,1948,1948,1948,1948,exact,Basic oxygen steelmaking is developed by Robert Durrer,"Basic oxygen steelmaking is developed by Robert Durrer. The majority of steel manufactured in the world is produced using the basic oxygen furnace; in 2000, it accounted for 60% of global steel output.",Basic oxygen steelmaking;Robert Durrer,
invsrc_0449,Timeline of historic inventions.wiki,732,Contemporary history,1950s,1950,1950,1950,1950,exact,Bertie the Brain,"Bertie the Brain, debatably the first video game, is displayed to the public at the Canadian National Exhibition.",Bertie the Brain;video game;Canadian National Exhibition,
invsrc_0450,Timeline of historic inventions.wiki,733,Contemporary history,1950s,1950,1950,1950,1950,exact,Tokamak,The Toroidal chamber with axial magnetic fields (the Tokamak) is developed by Igor E. Tamm and Andrei D. Sakharov.,Tokamak;Igor E. Tamm;Andrei D. Sakharov;Springer Science+Business Media,
invsrc_0451,Timeline of historic inventions.wiki,734,Contemporary history,1950s,1952,1952,1952,1952,exact,Float glass process is developed,The float glass process is developed by Alastair Pilkington.,Float glass;Alastair Pilkington,
invsrc_0452,Timeline of historic inventions.wiki,735,Contemporary history,1950s,1952,1952,1952,1952,exact,Thermonuclear weapon is developed,The first thermonuclear weapon is developed.,thermonuclear weapon,
invsrc_0453,Timeline of historic inventions.wiki,736,Contemporary history,1950s,1953,1953,1953,1953,exact,Video tape recorder,"The first video tape recorder, a helical scan recorder, is invented by Norikazu Sawazaki.",video tape recorder,
invsrc_0454,Timeline of historic inventions.wiki,737,Contemporary history,1950s,1954,1954,1954,1954,exact,Calvin Souther Fuller,"Invention of the solar battery by Bell Telephone scientists, Calvin Souther Fuller, Daryl Chapin and Gerald Pearson capturing the Sun's power. First practical means of collecting energy from the Sun and turning it into a current of electricity.",Calvin Souther Fuller,
invsrc_0455,Timeline of historic inventions.wiki,738,Contemporary history,1950s,1955,1955,1955,1955,exact,Hovercraft is patented,The hovercraft is patented by Christopher Cockerell.,hovercraft;Christopher Cockerell,
invsrc_0456,Timeline of historic inventions.wiki,739,Contemporary history,1950s,1955,1955,1955,1955,exact,Jonas Salk,Jonas Salk received the license for his inactivated polio vaccine.,Jonas Salk;polio vaccine,
invsrc_0457,Timeline of historic inventions.wiki,740,Contemporary history,1950s,1955,1955,1955,1955,exact,Intermodal container is developed,The intermodal container is developed by Malcom McLean.,intermodal container;Malcom McLean,
invsrc_0458,Timeline of historic inventions.wiki,741,Contemporary history,1950s,1956,1956,1956,1956,exact,Hard disk drive is invented,The hard disk drive is invented by IBM.,hard disk drive;IBM,
invsrc_0459,Timeline of historic inventions.wiki,742,Contemporary history,1950s,1956,1956,1956,1956,exact,Logic Theorist,"The Logic Theorist computer program, the first ""artificial intelligence program"", was written and invented by Allen Newell, Herbert A. Simon, and Cliff Shaw.",Logic Theorist;Allen Newell;Herbert A. Simon;Cliff Shaw,
invsrc_0460,Timeline of historic inventions.wiki,744,Contemporary history,1950s,1957,1957,1957,1957,exact,Laser,The laser and optical amplifier are invented and named by Gordon Gould and Charles Townes. The laser and optical amplifier are foundational to powering the Internet.,laser;optical amplifier;Gordon Gould;Charles H. Townes;Internet,
invsrc_0461,Timeline of historic inventions.wiki,745,Contemporary history,1950s,1957,1957,1957,1957,exact,Personal computer used,"The first personal computer used by one person and controlled by a keyboard, the IBM 610, is invented by IBM.",personal computer;History of personal computers;IBM,
invsrc_0462,Timeline of historic inventions.wiki,746,Contemporary history,1950s,1957,1957,1957,1957,exact,"Artificial satellite, Sputnik 1, is launched","The first artificial satellite, Sputnik 1, is launched.",satellite;Sputnik 1,
invsrc_0463,Timeline of historic inventions.wiki,747,Contemporary history,1950s,1958 – 1959,1958,1959,1958,range,Integrated circuit is independently invented,The integrated circuit is independently invented by Jack Kilby and Robert Noyce.,integrated circuit;Invention of the integrated circuit;Jack Kilby;Robert Noyce,
invsrc_0464,Timeline of historic inventions.wiki,748,Contemporary history,1950s,1959,1959,1959,1959,exact,MOSFET,"The MOSFET (MOS transistor) is invented by the Egyptian Mohamed Atalla and the Korean Dawon Kahng at Bell Labs. It is used in almost all modern electronic products. It was smaller, faster, more reliable and cheaper to manufacture than earlier bipolar transistors, leading to a revolution in computers, controls and.",MOSFET;Mohamed Atalla;Dawon Kahng;electronic product,
invsrc_0465,Timeline of historic inventions.wiki,752,Contemporary history,1960s,1960,1960,1960,1960,exact,Combined oral contraceptive pill becomes publicly available,The first combined oral contraceptive pill becomes publicly available.,combined oral contraceptive pill,
invsrc_0466,Timeline of historic inventions.wiki,753,Contemporary history,1960s,1960,1960,1960,1960,exact,Functioning laser is invented,The first functioning laser is invented by Theodore Maiman.,laser;Theodore Maiman,
invsrc_0467,Timeline of historic inventions.wiki,754,Contemporary history,1960s,1960,1960,1960,1960,exact,Robotic exoskeleton,First robotic exoskeleton.,robotic exoskeleton,
invsrc_0468,Timeline of historic inventions.wiki,755,Contemporary history,1960s,1963,1963,1963,1963,exact,Electronic cigarette is created by Herbert A,The first electronic cigarette is created by Herbert A. Gilbert. Hon Lik is often credited with its invention as he developed the modern electronic cigarette and was the first to commercialize it.,electronic cigarette;Hon Lik,
invsrc_0469,Timeline of historic inventions.wiki,756,Contemporary history,1960s,1964,1964,1964,1964,exact,"Shinkansen, the first high-speed rail commercial passenger service","Shinkansen, the first high-speed rail commercial passenger service.",Shinkansen;high-speed rail,
invsrc_0470,Timeline of historic inventions.wiki,757,Contemporary history,1960s,1965,1965,1965,1965,exact,Kevlar is invented,Kevlar is invented by Stephanie Kwolek at DuPont.,Kevlar;Stephanie Kwolek;DuPont,
invsrc_0471,Timeline of historic inventions.wiki,758,Contemporary history,1960s,1967,1967,1967,1967,exact,Royal Radar Establishment,E. A. Johnson of the Royal Radar Establishment developed the capacitive touch display or touchscreen.,Royal Radar Establishment;touchscreen,
invsrc_0472,Timeline of historic inventions.wiki,759,Contemporary history,1960s,1969,1969,1969,1969,exact,NPL network,"The NPL network followed by the ARPANET implement packet switching for data communication, drawing on the concepts and designs of Donald Davies, and Paul Baran. These are considered precursors to the modern Internet.",NPL network;ARPANET;packet switching;data communication;Donald Davies;Paul Baran;Internet,
invsrc_0473,Timeline of historic inventions.wiki,762,Contemporary history,1970s,1970s,1970,1970,1970,exact,Public-key cryptography,"Public-key cryptography is invented and developed by James H. Ellis, Clifford Cocks, Malcolm J. Williamson, Whitfield Diffie, Martin Hellman, Ralph Merkle, Ron Rivest, Adi Shamir, Leonard Adleman, et al.",Public-key cryptography;James H. Ellis;Clifford Cocks;Malcolm J. Williamson;Whitfield Diffie;Martin Hellman;Ralph Merkle;Ron Rivest;Adi Shamir;Leonard Adleman,
invsrc_0474,Timeline of historic inventions.wiki,763,Contemporary history,1970s,1970,1970,1970,1970,exact,Pocket calculator is invented,The pocket calculator is invented.,Calculator,
invsrc_0475,Timeline of historic inventions.wiki,764,Contemporary history,1970s,1971,1971,1971,1971,exact,"Single-chip microprocessor, the Intel 4004, is invented","The first single-chip microprocessor, the Intel 4004, is invented. Its development was led by Federico Faggin, using his silicon-gate MOS technology. This led to the personal computer (PC) revolution.",microprocessor;Intel 4004;Federico Faggin;silicon-gate;MOSFET;personal computer,
invsrc_0476,Timeline of historic inventions.wiki,765,Contemporary history,1970s,1971,1971,1971,1971,exact,"Space station, Salyut 1, is launched","The first space station, Salyut 1, is launched.",space station;Salyut 1,
invsrc_0477,Timeline of historic inventions.wiki,766,Contemporary history,1970s,1971,1971,1971,1971,exact,IBM,IBM developed and released the world's first floppy disk and disk drive.,IBM;floppy disk;disk drive,
invsrc_0478,Timeline of historic inventions.wiki,767,Contemporary history,1970s,1972,1972,1972,1972,exact,Video game console,"The first video game console, used primarily for playing video games on a TV, is the Magnavox Odyssey.",video game console;Magnavox Odyssey;Science (journal),
invsrc_0479,Timeline of historic inventions.wiki,768,Contemporary history,1970s,1972,1972,1972,1972,exact,Herbert Boyer,Herbert Boyer and Stanley Cohen developed genetic modification when they successfully modified DNA.,Herbert Boyer;Stanley Cohen (biochemist);genetic modification;DNA,
invsrc_0480,Timeline of historic inventions.wiki,769,Contemporary history,1970s,1973,1973,1973,1973,exact,Fiber optic communication systems were developed,The first fiber optic communication systems were developed by Optelecom.,Optelecom,
invsrc_0481,Timeline of historic inventions.wiki,770,Contemporary history,1970s,1973,1973,1973,1973,exact,Graphical user interface,The first commercial graphical user interface is introduced in 1973 on the Xerox Alto. The modern GUI is later popularized by the Xerox Star and Apple Lisa.,graphical user interface;Xerox Alto;Xerox Star;Apple Lisa,
invsrc_0482,Timeline of historic inventions.wiki,771,Contemporary history,1970s,1973,1973,1973,1973,exact,Capacitive touchscreen is developed at CERN,The first capacitive touchscreen is developed at CERN.,Touchscreen;CERN,
invsrc_0483,Timeline of historic inventions.wiki,772,Contemporary history,1970s,1974,1974,1974,1974,exact,Transmission Control Program,"The Transmission Control Program is proposed by Vinton Cerf and Robert E. Kahn, building on the work of other Internet pioneers, creating the basis for the modern Internet.",Transmission Control Program;Vinton Cerf;Robert E. Kahn;Internet pioneer;Internet,
invsrc_0484,Timeline of historic inventions.wiki,773,Contemporary history,1970s,1974,1974,1974,1974,exact,Lithium-ion battery is invented by M,"The lithium-ion battery is invented by M. Stanley Whittingham, and further developed in the 1980s and 1990s by John B. Goodenough, Rachid Yazami and Akira Yoshino. It has impacted modern consumer electronics and electric vehicles.",lithium-ion battery;M. Stanley Whittingham;John B. Goodenough;Rachid Yazami;Akira Yoshino;consumer electronics;electric vehicle;Institute of Electrical and Electronics Engineers,
invsrc_0485,Timeline of historic inventions.wiki,774,Contemporary history,1970s,1974,1974,1974,1974,exact,Rubik's cube is invented,The Rubik's cube is invented by Ernő Rubik which went on to be the best selling puzzle ever.,Rubik's Cube;Ernő Rubik;puzzle,
invsrc_0486,Timeline of historic inventions.wiki,775,Contemporary history,1970s,1975,1975,1975,1975,exact,Home automation,"First general purpose home automation network technology, X10, was developed.",home automation,
invsrc_0487,Timeline of historic inventions.wiki,776,Contemporary history,1970s,1977,1977,1977,1977,exact,DNA sequencing,Dr Walter Gilbert and Frederick Sanger invented a new DNA sequencing method for which they won the Nobel Prize.,DNA sequencing;Nobel Prize,
invsrc_0488,Timeline of historic inventions.wiki,777,Contemporary history,1970s,1977,1977,1977,1977,exact,Self-driving car,The first self-driving car that did not rely upon rails or wires under the road is designed by the Tsukuba Mechanical Engineering Laboratory.,self-driving car,
invsrc_0489,Timeline of historic inventions.wiki,778,Contemporary history,1970s,1978,1978,1978,1978,exact,Global Positioning System enters service,"The Global Positioning System (GPS) enters service. While not the first Satellite navigation system, it is the first to enter widespread civilian use.",Global Positioning System;Satellite navigation,
invsrc_0490,Timeline of historic inventions.wiki,780,Contemporary history,1970s,1979,1979,1979,1979,exact,Microvision,"The first handheld game console with interchangeable game cartridges, the Microvision is released.",Microvision,
invsrc_0491,Timeline of historic inventions.wiki,781,Contemporary history,1970s,1979,1979,1979,1979,exact,Nippon Telegraph and Telephone,Nippon Telegraph and Telephone (NTT) launched the first cellular network in Japan.,Nippon Telegraph and Telephone,
invsrc_0492,Timeline of historic inventions.wiki,782,Contemporary history,1970s,1979,1979,1979,1979,exact,CompuServe,"Public dialup information, messaging and e-commerce services, were pioneered through CompuServe and RadioShack's MicroNET, and the UK's Post Office Telecommunications Prestel services.",CompuServe;RadioShack;Post Office Telecommunications;Prestel,
invsrc_0493,Timeline of historic inventions.wiki,785,Contemporary history,1980s,1980,1980,1980,1980,exact,Flash memory,Flash memory (both NOR and NAND types) was invented by Fujio Masuoka while working for Toshiba. It was introduced to the public in 1984.,Flash memory;Fujio Masuoka;Toshiba,
invsrc_0494,Timeline of historic inventions.wiki,786,Contemporary history,1980s,1980,1980,1980,1980,exact,Mark Skolnick,"Scientists Mark Skolnick, Ron Davis, Ray White, and David Botstein published their findings on a gene mapping tool using Restriction Fragment-length Polymorphisms (RFLP), that would have applications to identify heritable disorders, including some forms of cancer.",Mark Skolnick;David Botstein;Restriction fragment length polymorphism,
invsrc_0495,Timeline of historic inventions.wiki,787,Contemporary history,1980s,1981,1981,1981,1981,exact,Reusable spacecraft,"The first reusable spacecraft, the Space Shuttle undergoes test flights ahead of full operation in 1982.",reusable spacecraft;Space Shuttle,
invsrc_0496,Timeline of historic inventions.wiki,788,Contemporary history,1980s,1981,1981,1981,1981,exact,Kane Kramer,"Kane Kramer develops the credit card-sized, IXI digital media player.",Kane Kramer;Portable media player,
invsrc_0497,Timeline of historic inventions.wiki,789,Contemporary history,1980s,1981,1981,1981,1981,exact,Televerket,"Televerket, a Swedish state-owned corporation, launched the Nordic Mobile Telephone (NMT) system.",Televerket (Sweden);Nordic Mobile Telephone,
invsrc_0498,Timeline of historic inventions.wiki,790,Contemporary history,1980s,1981,1981,1981,1981,exact,Comviq,"Comvik, a Swedish telecommunications company, launched the first commercial automatic cellular system. However, according to the Swedish Post and Telecom Authority, the company launched an unlicensed automatic system. Comvik didn't receive a license to operate until December 1981, two months after the NMT system was.",Comviq;Swedish Post and Telecom Authority,
invsrc_0499,Timeline of historic inventions.wiki,791,Contemporary history,1980s,1982,1982,1982,1982,exact,CD-ROM,"A CD-ROM contains data accessible to, but not writable by, a computer for data storage and music playback. The 1985 Yellow Book standard developed by Sony and Philips adapted the format to hold any form of binary data.",CD-ROM;Computer data storage;Sony;Philips;Binary file,
invsrc_0500,Timeline of historic inventions.wiki,792,Contemporary history,1980s,1982,1982,1982,1982,exact,Satellite television,"Direct to home satellite television transmission, with the launch of Sky One service.",satellite television;Sky One,
invsrc_0501,Timeline of historic inventions.wiki,793,Contemporary history,1980s,1982,1982,1982,1982,exact,"Laptop computer is launched, the 8/16-bit Epson HX-20","The first laptop computer is launched, the 8/16-bit Epson HX-20.",laptop;Epson HX-20,
invsrc_0502,Timeline of historic inventions.wiki,794,Contemporary history,1980s,1983,1983,1983,1983,exact,Stereolithography is invented,Stereolithography is invented by Chuck Hull.,Stereolithography;Chuck Hull,
invsrc_0503,Timeline of historic inventions.wiki,795,Contemporary history,1980s,1983,1983,1983,1983,exact,AT&T,"Ameritech, now known as AT&T, commercialized the Bell System (its cellular network) in Chicago, Ill.",AT&T;Bell System,
invsrc_0504,Timeline of historic inventions.wiki,796,Contemporary history,1980s,1984,1984,1984,1984,exact,Cell phone,"The first commercially available cell phone in the US, the DynaTAC 8000X, is created by Motorola.",cell phone;Motorola DynaTAC;Motorola,
invsrc_0505,Timeline of historic inventions.wiki,797,Contemporary history,1980s,1984,1984,1984,1984,exact,Chuck Hull,"Chuck Hull patents the stereolithography (SLA) process, also known as 3D printing.",Chuck Hull;stereolithography;3D printing,
invsrc_0506,Timeline of historic inventions.wiki,798,Contemporary history,1980s,1984,1984,1984,1984,exact,DNA profiling is pioneered,DNA profiling is pioneered by Alec Jeffreys.,DNA profiling;Alec Jeffreys,
invsrc_0507,Timeline of historic inventions.wiki,799,Contemporary history,1980s,1986,1986,1986,1986,exact,Technophone,"Technophone, a British mobile phone company, created the first pocket-sized cell phone, the Excell PCT105.",Technophone;Excel mobile phones,
invsrc_0508,Timeline of historic inventions.wiki,800,Contemporary history,1980s,1989,1989,1989,1989,exact,Karlheinz Brandenburg,"Karlheinz Brandenburg would publish the audio compression algorithms that would be standardised as the: MPEG-1, layer 3 (mp3), and later the MPEG-2, layer 7 Advanced Audio Compression (AAC).",Karlheinz Brandenburg;MP3,
invsrc_0509,Timeline of historic inventions.wiki,801,Contemporary history,1980s,1989,1989,1989,1989,exact,World Wide Web is invented,The World Wide Web is invented by computer scientist Tim Berners-Lee.,World Wide Web;Tim Berners-Lee;Time Magazine,
invsrc_0510,Timeline of historic inventions.wiki,804,Contemporary history,1990s,1990,1990,1990,1990,exact,Archie,"The first search engine, ""Archie"", was created by Alan Emtage, Bill Heelan, and Peter J. Deutsch at McGill University.",Archie (search engine);Alan Emtage;McGill University,
invsrc_0511,Timeline of historic inventions.wiki,805,Contemporary history,1990s,1991,1991,1991,1991,exact,Commercial flash-based solid-state drive is launched,The first commercial flash-based solid-state drive is launched by SunDisk.,solid-state drive;SanDisk,
invsrc_0512,Timeline of historic inventions.wiki,806,Contemporary history,1990s,1991,1991,1991,1991,exact,Sim card is developed,The first sim card is developed by Munich smart-card maker Giesecke & Devrient.,sim card,
invsrc_0513,Timeline of historic inventions.wiki,807,Contemporary history,1990s,1994,1994,1994,1994,exact,IBM Simon,"IBM Simon, the world's first smartphone, is developed by IBM. It had a touchscreen and the first built-in apps for a mobile device.",IBM Simon;smartphone;IBM;touchscreen;Application software;mobile device,
invsrc_0514,Timeline of historic inventions.wiki,808,Contemporary history,1990s,1994,1994,1994,1994,exact,Generation of Bluetooth is developed by Ericsson Mobile,First generation of Bluetooth is developed by Ericsson Mobile. A form of data communication on short distances between electronic devices.,Bluetooth;Ericsson Mobile,
invsrc_0515,Timeline of historic inventions.wiki,809,Contemporary history,1990s,1994,1994,1994,1994,exact,Tetris,A Tetris variant on the Hagenuk MT-2000 device becomes the first mobile game.,Tetris;Hagenuk MT-2000,
invsrc_0516,Timeline of historic inventions.wiki,810,Contemporary history,1990s,1995,1995,1995,1995,exact,DVD,"DVD is an optical disc storage format, invented and developed by Philips, Sony, Toshiba, and Panasonic. DVDs offer higher storage capacity than compact discs while having the same dimensions.",DVD;optical disc;data storage device;Philips;Sony;Toshiba;Panasonic;compact disc,
invsrc_0517,Timeline of historic inventions.wiki,811,Contemporary history,1990s,1996,1996,1996,1996,exact,Ciena Corporation,"The Ciena Corporation, in partnership with Sprint, deployed the first commercial dense wavelength-division multiplexing system, which created the massive capacity of the Internet.",Ciena;Sprint Corporation;Wavelength-division multiplexing,
invsrc_0518,Timeline of historic inventions.wiki,812,Contemporary history,1990s,1996,1996,1996,1996,exact,Mobile web was first commercially offered,"Mobile web was first commercially offered in Finland on the Nokia 9000 Communicator phone, and it was also the first phone with texting.",Nokia 9000 Communicator,
invsrc_0519,Timeline of historic inventions.wiki,813,Contemporary history,1990s,1996,1996,1996,1996,exact,Bolt,Bolt and Six Degrees (1997) both become the first social media sites.,Bolt (website);SixDegrees.com,
invsrc_0520,Timeline of historic inventions.wiki,814,Contemporary history,1990s,1996,1996,1996,1996,exact,Myriad Genetics,"Myriad Genetics released the BRACAnalysis, the first commercial genetic test for assessing the risk of hereditary breast and ovarian cancer.",Myriad Genetics,
invsrc_0521,Timeline of historic inventions.wiki,815,Contemporary history,1990s,1999,1999,1999,1999,exact,Capsule endoscopy,"The first capsule endoscopy was performed, after being invented in the mid-1990s by Gavriel Iddan.",capsule endoscopy;Gavriel Iddan,
invsrc_0522,Timeline of historic inventions.wiki,816,Contemporary history,1990s,1999,1999,1999,1999,exact,"Digital video recorder , the TiVo, is launched","The first digital video recorder (DVR), the TiVo, is launched.",digital video recorder;TiVo,
invsrc_0523,Timeline of historic inventions.wiki,817,Contemporary history,1990s,1999,1999,1999,1999,exact,NTT Docomo,"NTT DoCoMo launches i-mode, the first integrated Online App store for mobile phones.",NTT Docomo;i-mode;app store;Cambridge University Press,
invsrc_0524,Timeline of historic inventions.wiki,822,Contemporary history,21st century,2001,2001,2001,2001,exact,Food and Drug Administration,The Food and Drug Administration approved the first contraceptive patch.,Food and Drug Administration;contraceptive patch,
invsrc_0525,Timeline of historic inventions.wiki,823,Contemporary history,21st century,2007,2007,2007,2007,exact,Kindle e-reader introduced,First Kindle e-reader introduced by Amazon.,Amazon Kindle;Amazon (company),
invsrc_0526,Timeline of historic inventions.wiki,824,Contemporary history,21st century,2009,2009,2009,2009,exact,Satoshi Nakamoto develops the first blockchain,Satoshi Nakamoto develops the first blockchain.,Satoshi Nakamoto;blockchain,
invsrc_0527,Timeline of historic inventions.wiki,825,Contemporary history,21st century,2009,2009,2009,2009,exact,Quantum machine was created by Aaron D,The first quantum machine was created by Aaron D. O'Connell.,quantum machine;Aaron D. O'Connell;Science (journal),
invsrc_0528,Timeline of historic inventions.wiki,828,Contemporary history,21st century,2010,2010,2010,2010,exact,Synthetic biology,"The first synthetic organism, Mycoplasma laboratorium is created by the J. Craig Venter Institute.",Synthetic biology;Mycoplasma laboratorium;J. Craig Venter Institute,
invsrc_0529,Timeline of historic inventions.wiki,829,Contemporary history,21st century,2010,2010,2010,2010,exact,Lidar,"Solid-state Lidar technology was introduced, replacing mechanical scanning with electronic beam steering.",Lidar,
invsrc_0530,Timeline of historic inventions.wiki,830,Contemporary history,21st century,2014,2014,2014,2014,exact,"Introduction of Pepper, the first commercial humanoid robot","Introduction of Pepper, the first commercial humanoid robot.",Pepper (robot);humanoid robot,
invsrc_0531,Timeline of historic inventions.wiki,831,Contemporary history,21st century,2015,2015,2015,2015,exact,Discovery of CRISPR gene editing method,Discovery of CRISPR gene editing method.,CRISPR gene editing,
invsrc_0532,Timeline of historic inventions.wiki,832,Contemporary history,21st century,2016,2016,2016,2016,exact,Commercially available artificial pancreas,First commercially available artificial pancreas.,artificial pancreas,
invsrc_0533,Timeline of historic inventions.wiki,833,Contemporary history,21st century,2016,2016,2016,2016,exact,Successful launch of a multi-use rocket,First successful launch of a multi-use rocket by SpaceX.,SpaceX,
invsrc_0534,Timeline of historic inventions.wiki,834,Contemporary history,21st century,2019,2019,2019,2019,exact,IBM,"IBM launches IBM Q System One, its first integrated quantum computing system for commercial use.",IBM;IBM Q System One;quantum computing,
invsrc_0535,Timeline of historic inventions.wiki,837,Contemporary history,21st century,2020,2020,2020,2020,exact,MRNA vaccine to be approved,"The first mRNA vaccine to be approved by public health medicines regulators is co-developed by Pfizer and BioNTech for COVID-19, with the potential to treat other diseases and cancer.",mRNA vaccine;Pfizer;BioNTech;COVID-19;Food and Drug Administration,
invsrc_0536,Timeline of historic inventions.wiki,838,Contemporary history,21st century,2020,2020,2020,2020,exact,OpenAI demonstrated an Artificial Intelligence model called GPT-3,OpenAI demonstrated an Artificial Intelligence model called GPT-3. The program was created to generate human-like responses when given prompts. Launched in 2022.,OpenAI;Artificial intelligence;GPT-3,
